name,type,rarity,setName,setCode,isUniversesBeyond,releaseDate,year,keywords,keywordCount,manaValue,power,toughness,coreStats,defense,colors,isMulticolor,text,commanderLegal,edhrecRank
"szarekh, the silent king",legendary artifact creature — necron,mythic,"Warhammer 40,000 Commander",40K,True,2022-10-07,2022,"['Flying', 'Mill', 'My Will Be Done']",3,4.0,3.0,4.0,11.0,,['B'],False,"Flying
My Will Be Done - Whenever Szarekh, the Silent King attacks, mill three cards. You may put an artifact creature card or Vehicle card from among the cards milled this way into your hand.",True,9296.0
abaddon the despoiler,legendary creature — astartes warrior,mythic,"Warhammer 40,000 Commander",40K,True,2022-10-07,2022,"['Mark of Chaos Ascendant', 'Trample']",2,5.0,5.0,5.0,15.0,,"['B', 'R', 'U']",True,"Trample
Mark of Chaos Ascendant - During your turn, spells you cast from your hand with mana value X or less have cascade, where X is the total amount of life your opponents have lost this turn.",True,8037.0
inquisitor greyfax,legendary creature — human inquisitor,mythic,"Warhammer 40,000 Commander",40K,True,2022-10-07,2022,"['Hunt for Heresy', 'Investigate', 'Unquestionable Wisdom', 'Vigilance']",4,4.0,3.0,3.0,10.0,,"['B', 'U', 'W']",True,"Vigilance
Unquestionable Wisdom - Other creatures you control get +1/+0 and have vigilance.
Hunt for Heresy - {1}, {T}: Tap target creature an opponent controls. Investigate. (Create a Clue token. It's an artifact with ""{2}, Sacrifice this artifact: Draw a card."")",True,8812.0
the swarmlord,legendary creature — tyranid,mythic,"Warhammer 40,000 Commander",40K,True,2022-10-07,2022,"['Rapid Regeneration', 'Xenos Cunning']",2,6.0,5.0,5.0,16.0,,"['G', 'R', 'U']",True,"Rapid Regeneration - The Swarmlord enters with two +1/+1 counters on it for each time you've cast your commander from the command zone this game.
Xenos Cunning - Whenever a creature you control with a counter on it dies, draw a card.",True,12038.0
imotekh the stormlord,legendary artifact creature — necron,mythic,"Warhammer 40,000 Commander",40K,True,2022-10-07,2022,"['Grand Strategist', 'Phaeron']",2,4.0,3.0,3.0,10.0,,['B'],False,"Phaeron - Whenever one or more artifact cards leave your graveyard, create two 2/2 black Necron Warrior artifact creature tokens.
Grand Strategist - At the beginning of combat on your turn, another target artifact creature you control gets +2/+2 and gains menace until end of turn.",True,4511.0
"be'lakor, the dark master",legendary creature — demon noble,mythic,"Warhammer 40,000 Commander",40K,True,2022-10-07,2022,"['Flying', 'Lord of Torment', 'Prince of Chaos']",3,6.0,6.0,5.0,17.0,,"['B', 'R', 'U']",True,"Flying
Prince of Chaos - When Be'lakor, the Dark Master enters, you draw X cards and you lose X life, where X is the number of Demons you control.
Lord of Torment - Whenever another Demon you control enters, it deals damage equal to its power to any target.",True,6757.0
magus lucea kane,legendary creature — human tyranid wizard,mythic,"Warhammer 40,000 Commander",40K,True,2022-10-07,2022,"['Psychic Stimulus', 'Spiritual Leader']",2,4.0,1.0,1.0,6.0,,"['G', 'R', 'U']",True,"Spiritual Leader - At the beginning of combat on your turn, put a +1/+1 counter on target creature.
Psychic Stimulus - {T}: Add {C}{C}. When you next cast a spell with {X} in its mana cost or activate an ability with {X} in its activation cost this turn, copy that spell or ability. You may choose new targets for the copy. (A copy of a permanent spell becomes a token.)",True,6118.0
marneus calgar,legendary creature — astartes warrior,mythic,"Warhammer 40,000 Commander",40K,True,2022-10-07,2022,"['Chapter Master', 'Double strike', 'Master Tactician']",3,5.0,3.0,5.0,13.0,,"['B', 'U', 'W']",True,"Double strike
Master Tactician - Whenever one or more tokens you control enter, draw a card.
Chapter Master - {6}: Create two 2/2 white Astartes Warrior creature tokens with vigilance.",True,4814.0
and they shall know no fear,instant,uncommon,"Warhammer 40,000 Commander",40K,True,2022-10-07,2022,[],0,2.0,,,2.0,,['W'],False,Choose a creature type. Creatures you control of the chosen type get +1/+0 and gain indestructible until end of turn.,True,3063.0
and they shall know no fear,instant,uncommon,"Warhammer 40,000 Commander",40K,True,2022-10-07,2022,[],0,2.0,,,2.0,,['W'],False,Choose a creature type. Creatures you control of the chosen type get +1/+0 and gain indestructible until end of turn.,True,3063.0
"celestine, the living saint",legendary creature — human warrior,rare,"Warhammer 40,000 Commander",40K,True,2022-10-07,2022,"['Flying', 'Healing Tears', 'Lifelink']",3,5.0,3.0,4.0,12.0,,['W'],False,"Flying, lifelink
Healing Tears - At the beginning of your end step, return target creature card with mana value X or less from your graveyard to the battlefield, where X is the amount of life you gained this turn.",True,2772.0
"celestine, the living saint",legendary creature — human warrior,rare,"Warhammer 40,000 Commander",40K,True,2022-10-07,2022,"['Flying', 'Healing Tears', 'Lifelink']",3,5.0,3.0,4.0,12.0,,['W'],False,"Flying, lifelink
Healing Tears - At the beginning of your end step, return target creature card with mana value X or less from your graveyard to the battlefield, where X is the amount of life you gained this turn.",True,2772.0
defenders of humanity,enchantment,rare,"Warhammer 40,000 Commander",40K,True,2022-10-07,2022,[],0,3.0,,,3.0,,['W'],False,"When this enchantment enters, create X 2/2 white Astartes Warrior creature tokens with vigilance.
{X}{2}{W}, Exile this enchantment: Create X 2/2 white Astartes Warrior creature tokens with vigilance. Activate only if you control no creatures and only during your turn.",True,10194.0
defenders of humanity,enchantment,rare,"Warhammer 40,000 Commander",40K,True,2022-10-07,2022,[],0,3.0,,,3.0,,['W'],False,"When this enchantment enters, create X 2/2 white Astartes Warrior creature tokens with vigilance.
{X}{2}{W}, Exile this enchantment: Create X 2/2 white Astartes Warrior creature tokens with vigilance. Activate only if you control no creatures and only during your turn.",True,10194.0
for the emperor!,sorcery,rare,"Warhammer 40,000 Commander",40K,True,2022-10-07,2022,[],0,4.0,,,4.0,,['W'],False,Creatures you control get +2/+2 and gain vigilance and lifelink until end of turn.,True,9357.0
for the emperor!,sorcery,rare,"Warhammer 40,000 Commander",40K,True,2022-10-07,2022,[],0,4.0,,,4.0,,['W'],False,Creatures you control get +2/+2 and gain vigilance and lifelink until end of turn.,True,9357.0
grey knight paragon,creature — astartes knight,uncommon,"Warhammer 40,000 Commander",40K,True,2022-10-07,2022,"['Flash', 'Rites of Banishment']",2,5.0,4.0,4.0,13.0,,['W'],False,"Flash
Rites of Banishment - When this creature enters, destroy target attacking creature. If that creature is a Demon, exile it instead.",True,15818.0
grey knight paragon,creature — astartes knight,uncommon,"Warhammer 40,000 Commander",40K,True,2022-10-07,2022,"['Flash', 'Rites of Banishment']",2,5.0,4.0,4.0,13.0,,['W'],False,"Flash
Rites of Banishment - When this creature enters, destroy target attacking creature. If that creature is a Demon, exile it instead.",True,15818.0
space marine devastator,creature — astartes warrior,rare,"Warhammer 40,000 Commander",40K,True,2022-10-07,2022,"['Grav-cannon', 'Squad']",2,4.0,3.0,3.0,10.0,,['W'],False,"Squad {2} (As an additional cost to cast this spell, you may pay {2} any number of times. When this creature enters, create that many tokens that are copies of it.)
Grav-cannon - When this creature enters, destroy up to one target artifact or enchantment.",True,7186.0
space marine devastator,creature — astartes warrior,rare,"Warhammer 40,000 Commander",40K,True,2022-10-07,2022,"['Grav-cannon', 'Squad']",2,4.0,3.0,3.0,10.0,,['W'],False,"Squad {2} (As an additional cost to cast this spell, you may pay {2} any number of times. When this creature enters, create that many tokens that are copies of it.)
Grav-cannon - When this creature enters, destroy up to one target artifact or enchantment.",True,7186.0
space marine scout,creature — astartes scout,uncommon,"Warhammer 40,000 Commander",40K,True,2022-10-07,2022,"['Concealed Position', 'First strike', 'Vigilance']",3,3.0,2.0,1.0,6.0,,['W'],False,"First strike, vigilance
Concealed Position - When this creature enters, if an opponent controls more lands than you, you may search your library for a Plains card, put it onto the battlefield tapped, then shuffle.",True,9237.0
space marine scout,creature — astartes scout,uncommon,"Warhammer 40,000 Commander",40K,True,2022-10-07,2022,"['Concealed Position', 'First strike', 'Vigilance']",3,3.0,2.0,1.0,6.0,,['W'],False,"First strike, vigilance
Concealed Position - When this creature enters, if an opponent controls more lands than you, you may search your library for a Plains card, put it onto the battlefield tapped, then shuffle.",True,9237.0
thunderwolf cavalry,creature — astartes warrior,uncommon,"Warhammer 40,000 Commander",40K,True,2022-10-07,2022,"['Crushing Teeth', 'First strike']",2,5.0,4.0,4.0,13.0,,['W'],False,"First strike
Crushing Teeth - Whenever this creature deals combat damage to a player, put a +1/+1 counter on each other creature you control.",True,14039.0
thunderwolf cavalry,creature — astartes warrior,uncommon,"Warhammer 40,000 Commander",40K,True,2022-10-07,2022,"['Crushing Teeth', 'First strike']",2,5.0,4.0,4.0,13.0,,['W'],False,"First strike
Crushing Teeth - Whenever this creature deals combat damage to a player, put a +1/+1 counter on each other creature you control.",True,14039.0
triumph of saint katherine,creature — human warrior,rare,"Warhammer 40,000 Commander",40K,True,2022-10-07,2022,"['Lifelink', 'Miracle', 'Praesidium Protectiva']",3,5.0,5.0,5.0,15.0,,['W'],False,"Lifelink
Praesidium Protectiva - When this creature is put into your graveyard from the battlefield, exile it and the top six cards of your library in a face-down pile. If you do, shuffle that pile and put it back on top of your library.
Miracle {1}{W} (You may cast this card for its miracle cost when you draw it if it's the first card you drew this turn.)",True,12115.0
triumph of saint katherine,creature — human warrior,rare,"Warhammer 40,000 Commander",40K,True,2022-10-07,2022,"['Lifelink', 'Miracle', 'Praesidium Protectiva']",3,5.0,5.0,5.0,15.0,,['W'],False,"Lifelink
Praesidium Protectiva - When this creature is put into your graveyard from the battlefield, exile it and the top six cards of your library in a face-down pile. If you do, shuffle that pile and put it back on top of your library.
Miracle {1}{W} (You may cast this card for its miracle cost when you draw it if it's the first card you drew this turn.)",True,12115.0
ultramarines honour guard,creature — astartes warrior,rare,"Warhammer 40,000 Commander",40K,True,2022-10-07,2022,['Squad'],1,4.0,2.0,2.0,8.0,,['W'],False,"Squad {2} (As an additional cost to cast this spell, you may pay {2} any number of times. When this creature enters, create that many tokens that are copies of it.)
Other creatures you control get +1/+1.",True,5500.0
ultramarines honour guard,creature — astartes warrior,rare,"Warhammer 40,000 Commander",40K,True,2022-10-07,2022,['Squad'],1,4.0,2.0,2.0,8.0,,['W'],False,"Squad {2} (As an additional cost to cast this spell, you may pay {2} any number of times. When this creature enters, create that many tokens that are copies of it.)
Other creatures you control get +1/+1.",True,5500.0
vexilus praetor,creature — custodes warrior,rare,"Warhammer 40,000 Commander",40K,True,2022-10-07,2022,"['Aegis of the Emperor', 'Flash', 'Vigilance']",3,4.0,3.0,4.0,11.0,,['W'],False,"Flash
Vigilance
Aegis of the Emperor - Commanders you control have protection from everything.",True,3775.0
vexilus praetor,creature — custodes warrior,rare,"Warhammer 40,000 Commander",40K,True,2022-10-07,2022,"['Aegis of the Emperor', 'Flash', 'Vigilance']",3,4.0,3.0,4.0,11.0,,['W'],False,"Flash
Vigilance
Aegis of the Emperor - Commanders you control have protection from everything.",True,3775.0
zephyrim,creature — human warrior,rare,"Warhammer 40,000 Commander",40K,True,2022-10-07,2022,"['Flying', 'Miracle', 'Squad', 'Vigilance']",4,4.0,3.0,3.0,10.0,,['W'],False,"Squad {2} (As an additional cost to cast this spell, you may pay {2} any number of times. When this creature enters, create that many tokens that are copies of it.)
Flying, vigilance
Miracle {1}{W} (You may cast this card for its miracle cost when you draw it if it's the first card you drew this turn.)",True,10500.0
zephyrim,creature — human warrior,rare,"Warhammer 40,000 Commander",40K,True,2022-10-07,2022,"['Flying', 'Miracle', 'Squad', 'Vigilance']",4,4.0,3.0,3.0,10.0,,['W'],False,"Squad {2} (As an additional cost to cast this spell, you may pay {2} any number of times. When this creature enters, create that many tokens that are copies of it.)
Flying, vigilance
Miracle {1}{W} (You may cast this card for its miracle cost when you draw it if it's the first card you drew this turn.)",True,10500.0
genestealer locus,creature — tyranid human,uncommon,"Warhammer 40,000 Commander",40K,True,2022-10-07,2022,['Neurotraumal Rod'],1,4.0,3.0,3.0,10.0,,['U'],False,"Neurotraumal Rod - Whenever a creature attacks you, it gets -1/-0 until end of turn.
Whenever a creature attacks one of your opponents, it gets +0/+1 until end of turn.",True,18404.0
genestealer locus,creature — tyranid human,uncommon,"Warhammer 40,000 Commander",40K,True,2022-10-07,2022,['Neurotraumal Rod'],1,4.0,3.0,3.0,10.0,,['U'],False,"Neurotraumal Rod - Whenever a creature attacks you, it gets -1/-0 until end of turn.
Whenever a creature attacks one of your opponents, it gets +0/+1 until end of turn.",True,18404.0
genestealer patriarch,creature — tyranid,rare,"Warhammer 40,000 Commander",40K,True,2022-10-07,2022,"['Children of the Cult', ""Genestealer's Kiss""]",2,5.0,4.0,4.0,13.0,,['U'],False,"Genestealer's Kiss - Whenever this creature attacks, put an infection counter on target creature defending player controls.
Children of the Cult - Whenever a creature with an infection counter on it dies, you create a token that's a copy of that creature, except it's a Tyranid in addition to its other types.",True,14164.0
genestealer patriarch,creature — tyranid,rare,"Warhammer 40,000 Commander",40K,True,2022-10-07,2022,"['Children of the Cult', ""Genestealer's Kiss""]",2,5.0,4.0,4.0,13.0,,['U'],False,"Genestealer's Kiss - Whenever this creature attacks, put an infection counter on target creature defending player controls.
Children of the Cult - Whenever a creature with an infection counter on it dies, you create a token that's a copy of that creature, except it's a Tyranid in addition to its other types.",True,14164.0
heralds of tzeentch,creature — demon,uncommon,"Warhammer 40,000 Commander",40K,True,2022-10-07,2022,"['Cascade', 'Flying']",2,5.0,3.0,3.0,11.0,,['U'],False,"Flying
Cascade (When you cast this spell, exile cards from the top of your library until you exile a nonland card that costs less. You may cast it without paying its mana cost. Put the exiled cards on the bottom in a random order.)",True,8295.0
heralds of tzeentch,creature — demon,uncommon,"Warhammer 40,000 Commander",40K,True,2022-10-07,2022,"['Cascade', 'Flying']",2,5.0,3.0,3.0,11.0,,['U'],False,"Flying
Cascade (When you cast this spell, exile cards from the top of your library until you exile a nonland card that costs less. You may cast it without paying its mana cost. Put the exiled cards on the bottom in a random order.)",True,8295.0
lord of change,creature — demon,rare,"Warhammer 40,000 Commander",40K,True,2022-10-07,2022,"['Architect of Deception', 'Flying', 'Ward']",3,7.0,6.0,6.0,19.0,,['U'],False,"Flying, ward {3}
Architect of Deception - When this creature enters, draw three cards.",True,5119.0
lord of change,creature — demon,rare,"Warhammer 40,000 Commander",40K,True,2022-10-07,2022,"['Architect of Deception', 'Flying', 'Ward']",3,7.0,6.0,6.0,19.0,,['U'],False,"Flying, ward {3}
Architect of Deception - When this creature enters, draw three cards.",True,5119.0
sicarian infiltrator,artifact creature — human soldier,uncommon,"Warhammer 40,000 Commander",40K,True,2022-10-07,2022,"['Benediction of the Omnissiah', 'Flash', 'Squad']",3,3.0,1.0,2.0,6.0,,['U'],False,"Flash
Squad {2} (As an additional cost to cast this spell, you may pay {2} any number of times. When this creature enters, create that many tokens that are copies of it.)
Benediction of the Omnissiah - When this creature enters, draw a card.",True,5978.0
sicarian infiltrator,artifact creature — human soldier,uncommon,"Warhammer 40,000 Commander",40K,True,2022-10-07,2022,"['Benediction of the Omnissiah', 'Flash', 'Squad']",3,3.0,1.0,2.0,6.0,,['U'],False,"Flash
Squad {2} (As an additional cost to cast this spell, you may pay {2} any number of times. When this creature enters, create that many tokens that are copies of it.)
Benediction of the Omnissiah - When this creature enters, draw a card.",True,5978.0
sister of silence,creature — human knight,rare,"Warhammer 40,000 Commander",40K,True,2022-10-07,2022,"['Flash', 'Psychic Abomination']",2,5.0,3.0,3.0,11.0,,['U'],False,"Flash
Psychic Abomination - When this creature enters, counter target instant spell, sorcery spell, activated ability, or triggered ability.",True,11927.0
sister of silence,creature — human knight,rare,"Warhammer 40,000 Commander",40K,True,2022-10-07,2022,"['Flash', 'Psychic Abomination']",2,5.0,3.0,3.0,11.0,,['U'],False,"Flash
Psychic Abomination - When this creature enters, counter target instant spell, sorcery spell, activated ability, or triggered ability.",True,11927.0
vanguard suppressor,creature — astartes warrior,rare,"Warhammer 40,000 Commander",40K,True,2022-10-07,2022,"['Flying', 'Squad', 'Suppressing Fire']",3,4.0,3.0,2.0,9.0,,['U'],False,"Squad {2} (As an additional cost to cast this spell, you may pay {2} any number of times. When this creature enters, create that many tokens that are copies of it.)
Flying
Suppressing Fire - Whenever this creature deals combat damage to a player, draw a card.",True,7845.0
vanguard suppressor,creature — astartes warrior,rare,"Warhammer 40,000 Commander",40K,True,2022-10-07,2022,"['Flying', 'Squad', 'Suppressing Fire']",3,4.0,3.0,2.0,9.0,,['U'],False,"Squad {2} (As an additional cost to cast this spell, you may pay {2} any number of times. When this creature enters, create that many tokens that are copies of it.)
Flying
Suppressing Fire - Whenever this creature deals combat damage to a player, draw a card.",True,7845.0
anrakyr the traveller,legendary artifact creature — necron,rare,"Warhammer 40,000 Commander",40K,True,2022-10-07,2022,['Lord of the Pyrrhian Legions'],1,5.0,4.0,4.0,13.0,,['B'],False,"Lord of the Pyrrhian Legions - Whenever Anrakyr the Traveller attacks, you may cast an artifact spell from your hand or graveyard by paying life equal to its mana value rather than paying its mana cost.",True,6004.0
anrakyr the traveller,legendary artifact creature — necron,rare,"Warhammer 40,000 Commander",40K,True,2022-10-07,2022,['Lord of the Pyrrhian Legions'],1,5.0,4.0,4.0,13.0,,['B'],False,"Lord of the Pyrrhian Legions - Whenever Anrakyr the Traveller attacks, you may cast an artifact spell from your hand or graveyard by paying life equal to its mana value rather than paying its mana cost.",True,6004.0
arco-flagellant,creature — human,rare,"Warhammer 40,000 Commander",40K,True,2022-10-07,2022,"['Endurant', 'Squad']",2,3.0,3.0,1.0,7.0,,['B'],False,"Squad {2} (As an additional cost to cast this spell, you may pay {2} any number of times. When this creature enters, create that many tokens that are copies of it.)
This creature can't block.
Endurant - Pay 3 life: This creature gains indestructible until end of turn.",True,12898.0
arco-flagellant,creature — human,rare,"Warhammer 40,000 Commander",40K,True,2022-10-07,2022,"['Endurant', 'Squad']",2,3.0,3.0,1.0,7.0,,['B'],False,"Squad {2} (As an additional cost to cast this spell, you may pay {2} any number of times. When this creature enters, create that many tokens that are copies of it.)
This creature can't block.
Endurant - Pay 3 life: This creature gains indestructible until end of turn.",True,12898.0
biotransference,enchantment,rare,"Warhammer 40,000 Commander",40K,True,2022-10-07,2022,[],0,4.0,,,4.0,,['B'],False,"Creatures you control are artifacts in addition to their other types. The same is true for creature spells you control and creature cards you own that aren't on the battlefield.
Whenever you cast an artifact spell, you lose 1 life and create a 2/2 black Necron Warrior artifact creature token.",True,3783.0
biotransference,enchantment,rare,"Warhammer 40,000 Commander",40K,True,2022-10-07,2022,[],0,4.0,,,4.0,,['B'],False,"Creatures you control are artifacts in addition to their other types. The same is true for creature spells you control and creature cards you own that aren't on the battlefield.
Whenever you cast an artifact spell, you lose 1 life and create a 2/2 black Necron Warrior artifact creature token.",True,3783.0
blight grenade,sorcery,rare,"Warhammer 40,000 Commander",40K,True,2022-10-07,2022,[],0,5.0,,,5.0,,['B'],False,"Destroy target creature.
All creatures get -3/-3 until end of turn.",True,10750.0
blight grenade,sorcery,rare,"Warhammer 40,000 Commander",40K,True,2022-10-07,2022,[],0,5.0,,,5.0,,['B'],False,"Destroy target creature.
All creatures get -3/-3 until end of turn.",True,10750.0
chronomancer,artifact creature — necron wizard,rare,"Warhammer 40,000 Commander",40K,True,2022-10-07,2022,"['Atomic Transmutation', 'Flying', 'Unearth']",3,2.0,1.0,1.0,4.0,,['B'],False,"Flying
Atomic Transmutation - {1}, {T}, Sacrifice another artifact: Draw a card.
Unearth {2}{B} ({2}{B}: Return this card from your graveyard to the battlefield. It gains haste. Exile it at the beginning of the next end step or if it would leave the battlefield. Unearth only as a sorcery.)",True,6577.0
chronomancer,artifact creature — necron wizard,rare,"Warhammer 40,000 Commander",40K,True,2022-10-07,2022,"['Atomic Transmutation', 'Flying', 'Unearth']",3,2.0,1.0,1.0,4.0,,['B'],False,"Flying
Atomic Transmutation - {1}, {T}, Sacrifice another artifact: Draw a card.
Unearth {2}{B} ({2}{B}: Return this card from your graveyard to the battlefield. It gains haste. Exile it at the beginning of the next end step or if it would leave the battlefield. Unearth only as a sorcery.)",True,6577.0
cryptek,artifact creature — necron wizard,rare,"Warhammer 40,000 Commander",40K,True,2022-10-07,2022,[],0,4.0,3.0,3.0,10.0,,['B'],False,"{1}{B}, {T}: Choose another target artifact creature you control. When that creature dies this turn, return it to the battlefield tapped under your control.",True,8112.0
cryptek,artifact creature — necron wizard,rare,"Warhammer 40,000 Commander",40K,True,2022-10-07,2022,[],0,4.0,3.0,3.0,10.0,,['B'],False,"{1}{B}, {T}: Choose another target artifact creature you control. When that creature dies this turn, return it to the battlefield tapped under your control.",True,8112.0
flayed one,artifact creature — necron,uncommon,"Warhammer 40,000 Commander",40K,True,2022-10-07,2022,"['Flesh Flayer', 'Lifelink', 'Mill']",3,3.0,4.0,1.0,8.0,,['B'],False,"Lifelink
Flesh Flayer - When this creature enters, mill three cards.",True,11296.0
flayed one,artifact creature — necron,uncommon,"Warhammer 40,000 Commander",40K,True,2022-10-07,2022,"['Flesh Flayer', 'Lifelink', 'Mill']",3,3.0,4.0,1.0,8.0,,['B'],False,"Lifelink
Flesh Flayer - When this creature enters, mill three cards.",True,11296.0
great unclean one,creature — demon,rare,"Warhammer 40,000 Commander",40K,True,2022-10-07,2022,['Reverberating Summons'],1,5.0,4.0,5.0,14.0,,['B'],False,"Reverberating Summons - At the beginning of your end step, each opponent loses 2 life. Then for each opponent who has less life than you, create a 1/3 black Demon creature token named Plaguebearer of Nurgle.",True,4557.0
great unclean one,creature — demon,rare,"Warhammer 40,000 Commander",40K,True,2022-10-07,2022,['Reverberating Summons'],1,5.0,4.0,5.0,14.0,,['B'],False,"Reverberating Summons - At the beginning of your end step, each opponent loses 2 life. Then for each opponent who has less life than you, create a 1/3 black Demon creature token named Plaguebearer of Nurgle.",True,4557.0
hexmark destroyer,artifact creature — necron,uncommon,"Warhammer 40,000 Commander",40K,True,2022-10-07,2022,"['Multi-threat Eliminator', 'Unearth']",2,6.0,6.0,6.0,18.0,,['B'],False,"Multi-threat Eliminator - This creature can't be blocked except by six or more creatures.
Unearth {4}{B}{B} ({4}{B}{B}: Return this card from your graveyard to the battlefield. It gains haste. Exile it at the beginning of the next end step or if it would leave the battlefield. Unearth only as a sorcery.)",True,13260.0
hexmark destroyer,artifact creature — necron,uncommon,"Warhammer 40,000 Commander",40K,True,2022-10-07,2022,"['Multi-threat Eliminator', 'Unearth']",2,6.0,6.0,6.0,18.0,,['B'],False,"Multi-threat Eliminator - This creature can't be blocked except by six or more creatures.
Unearth {4}{B}{B} ({4}{B}{B}: Return this card from your graveyard to the battlefield. It gains haste. Exile it at the beginning of the next end step or if it would leave the battlefield. Unearth only as a sorcery.)",True,13260.0
illuminor szeras,legendary artifact creature — necron,rare,"Warhammer 40,000 Commander",40K,True,2022-10-07,2022,['Secrets of the Soul'],1,3.0,3.0,3.0,9.0,,['B'],False,"Secrets of the Soul - {T}, Sacrifice another creature: Add an amount of {B} equal to the sacrificed creature's mana value.",True,4899.0
illuminor szeras,legendary artifact creature — necron,rare,"Warhammer 40,000 Commander",40K,True,2022-10-07,2022,['Secrets of the Soul'],1,3.0,3.0,3.0,9.0,,['B'],False,"Secrets of the Soul - {T}, Sacrifice another creature: Add an amount of {B} equal to the sacrificed creature's mana value.",True,4899.0
lokhust heavy destroyer,artifact creature — necron,rare,"Warhammer 40,000 Commander",40K,True,2022-10-07,2022,"['Enmitic Exterminator', 'Flying', 'Unearth']",3,4.0,3.0,2.0,9.0,,['B'],False,"Flying
Enmitic Exterminator - When this creature enters, each player sacrifices a creature of their choice.
Unearth {5}{B}{B}{B} ({5}{B}{B}{B}: Return this card from your graveyard to the battlefield. It gains haste. Exile it at the beginning of the next end step or if it would leave the battlefield. Unearth only as a sorcery.)",True,9999.0
lokhust heavy destroyer,artifact creature — necron,rare,"Warhammer 40,000 Commander",40K,True,2022-10-07,2022,"['Enmitic Exterminator', 'Flying', 'Unearth']",3,4.0,3.0,2.0,9.0,,['B'],False,"Flying
Enmitic Exterminator - When this creature enters, each player sacrifices a creature of their choice.
Unearth {5}{B}{B}{B} ({5}{B}{B}{B}: Return this card from your graveyard to the battlefield. It gains haste. Exile it at the beginning of the next end step or if it would leave the battlefield. Unearth only as a sorcery.)",True,9999.0
lychguard,artifact creature — necron,rare,"Warhammer 40,000 Commander",40K,True,2022-10-07,2022,['Guardian Protocols'],1,3.0,2.0,3.0,8.0,,['B'],False,"Guardian Protocols - {3}{B}, Sacrifice this creature: Return all legendary creature cards from your graveyard to your hand.",True,13560.0
lychguard,artifact creature — necron,rare,"Warhammer 40,000 Commander",40K,True,2022-10-07,2022,['Guardian Protocols'],1,3.0,2.0,3.0,8.0,,['B'],False,"Guardian Protocols - {3}{B}, Sacrifice this creature: Return all legendary creature cards from your graveyard to your hand.",True,13560.0
mandate of abaddon,sorcery,rare,"Warhammer 40,000 Commander",40K,True,2022-10-07,2022,[],0,4.0,,,4.0,,['B'],False,Choose target creature you control. Destroy all creatures with power less than that creature's power.,True,3998.0
mandate of abaddon,sorcery,rare,"Warhammer 40,000 Commander",40K,True,2022-10-07,2022,[],0,4.0,,,4.0,,['B'],False,Choose target creature you control. Destroy all creatures with power less than that creature's power.,True,3998.0
"mortarion, daemon primarch",legendary creature — demon primarch,rare,"Warhammer 40,000 Commander",40K,True,2022-10-07,2022,"['Flying', 'Primarch of the Death Guard']",2,6.0,5.0,6.0,17.0,,['B'],False,"Flying
Primarch of the Death Guard - At the beginning of your end step, you may pay {X}. If you do, create X 2/2 black Astartes Warrior creature tokens with menace. X can't be greater than the amount of life you lost this turn.",True,10927.0
"mortarion, daemon primarch",legendary creature — demon primarch,rare,"Warhammer 40,000 Commander",40K,True,2022-10-07,2022,"['Flying', 'Primarch of the Death Guard']",2,6.0,5.0,6.0,17.0,,['B'],False,"Flying
Primarch of the Death Guard - At the beginning of your end step, you may pay {X}. If you do, create X 2/2 black Astartes Warrior creature tokens with menace. X can't be greater than the amount of life you lost this turn.",True,10927.0
necron deathmark,artifact creature — necron,rare,"Warhammer 40,000 Commander",40K,True,2022-10-07,2022,"['Flash', 'Mill', 'Synaptic Disintegrator']",3,5.0,5.0,3.0,13.0,,['B'],False,"Flash
Synaptic Disintegrator - When this creature enters, destroy up to one target creature and target player mills three cards.",True,4170.0
necron deathmark,artifact creature — necron,rare,"Warhammer 40,000 Commander",40K,True,2022-10-07,2022,"['Flash', 'Mill', 'Synaptic Disintegrator']",3,5.0,5.0,3.0,13.0,,['B'],False,"Flash
Synaptic Disintegrator - When this creature enters, destroy up to one target creature and target player mills three cards.",True,4170.0
necron overlord,artifact creature — necron noble,rare,"Warhammer 40,000 Commander",40K,True,2022-10-07,2022,['Relentless March'],1,4.0,2.0,5.0,11.0,,['B'],False,"Relentless March - {X}, {T}, Tap X untapped artifacts you control: Target opponent loses X life.",True,11519.0
necron overlord,artifact creature — necron noble,rare,"Warhammer 40,000 Commander",40K,True,2022-10-07,2022,['Relentless March'],1,4.0,2.0,5.0,11.0,,['B'],False,"Relentless March - {X}, {T}, Tap X untapped artifacts you control: Target opponent loses X life.",True,11519.0
nurgle's conscription,instant,rare,"Warhammer 40,000 Commander",40K,True,2022-10-07,2022,[],0,5.0,,,5.0,,['B'],False,"Put target creature card from an opponent's graveyard onto the battlefield tapped under your control, then exile that player's graveyard.",True,11442.0
nurgle's conscription,instant,rare,"Warhammer 40,000 Commander",40K,True,2022-10-07,2022,[],0,5.0,,,5.0,,['B'],False,"Put target creature card from an opponent's graveyard onto the battlefield tapped under your control, then exile that player's graveyard.",True,11442.0
nurgle's rot,enchantment — aura,uncommon,"Warhammer 40,000 Commander",40K,True,2022-10-07,2022,['Enchant'],1,1.0,,,1.0,,['B'],False,"Enchant creature an opponent controls
When enchanted creature dies, return this card to its owner's hand and you create a 1/3 black Demon creature token named Plaguebearer of Nurgle.",True,7470.0
nurgle's rot,enchantment — aura,uncommon,"Warhammer 40,000 Commander",40K,True,2022-10-07,2022,['Enchant'],1,1.0,,,1.0,,['B'],False,"Enchant creature an opponent controls
When enchanted creature dies, return this card to its owner's hand and you create a 1/3 black Demon creature token named Plaguebearer of Nurgle.",True,7470.0
out of the tombs,enchantment,rare,"Warhammer 40,000 Commander",40K,True,2022-10-07,2022,['Mill'],1,3.0,,,3.0,,['B'],False,"At the beginning of your upkeep, put two eon counters on this enchantment, then mill cards equal to the number of eon counters on it.
If you would draw a card while your library has no cards in it, instead return a creature card from your graveyard to the battlefield. If you can't, you lose the game.",True,2916.0
out of the tombs,enchantment,rare,"Warhammer 40,000 Commander",40K,True,2022-10-07,2022,['Mill'],1,3.0,,,3.0,,['B'],False,"At the beginning of your upkeep, put two eon counters on this enchantment, then mill cards equal to the number of eon counters on it.
If you would draw a card while your library has no cards in it, instead return a creature card from your graveyard to the battlefield. If you can't, you lose the game.",True,2916.0
plague drone,creature — demon,rare,"Warhammer 40,000 Commander",40K,True,2022-10-07,2022,"['Flying', 'Rot Fly']",2,4.0,3.0,3.0,10.0,,['B'],False,"Flying
Rot Fly - If an opponent would gain life, that player loses that much life instead.",True,6018.0
plague drone,creature — demon,rare,"Warhammer 40,000 Commander",40K,True,2022-10-07,2022,"['Flying', 'Rot Fly']",2,4.0,3.0,3.0,10.0,,['B'],False,"Flying
Rot Fly - If an opponent would gain life, that player loses that much life instead.",True,6018.0
plasmancer,artifact creature — necron wizard,uncommon,"Warhammer 40,000 Commander",40K,True,2022-10-07,2022,"['Dynastic Advisor', 'Flying']",2,4.0,3.0,3.0,10.0,,['B'],False,"Flying
Dynastic Advisor - When this creature enters, search your library for a basic Swamp card, reveal it, put it into your hand, then shuffle.",True,12636.0
plasmancer,artifact creature — necron wizard,uncommon,"Warhammer 40,000 Commander",40K,True,2022-10-07,2022,"['Dynastic Advisor', 'Flying']",2,4.0,3.0,3.0,10.0,,['B'],False,"Flying
Dynastic Advisor - When this creature enters, search your library for a basic Swamp card, reveal it, put it into your hand, then shuffle.",True,12636.0
poxwalkers,creature — zombie,rare,"Warhammer 40,000 Commander",40K,True,2022-10-07,2022,"['Curse of the Walking Pox', 'Deathtouch']",2,3.0,3.0,1.0,7.0,,['B'],False,"Deathtouch
Curse of the Walking Pox - Whenever you cast a spell from anywhere other than your hand, return this card from your graveyard to the battlefield tapped.",True,8096.0
poxwalkers,creature — zombie,rare,"Warhammer 40,000 Commander",40K,True,2022-10-07,2022,"['Curse of the Walking Pox', 'Deathtouch']",2,3.0,3.0,1.0,7.0,,['B'],False,"Deathtouch
Curse of the Walking Pox - Whenever you cast a spell from anywhere other than your hand, return this card from your graveyard to the battlefield tapped.",True,8096.0
primaris eliminator,creature — astartes warrior,rare,"Warhammer 40,000 Commander",40K,True,2022-10-07,2022,"['Executioner Round', 'Hyperfrag Round']",2,5.0,3.0,2.0,10.0,,['B'],False,"When this creature enters, choose one -
• Executioner Round - Destroy target creature.
• Hyperfrag Round - Creatures target player controls get -2/-2 until end of turn.",True,7318.0
primaris eliminator,creature — astartes warrior,rare,"Warhammer 40,000 Commander",40K,True,2022-10-07,2022,"['Executioner Round', 'Hyperfrag Round']",2,5.0,3.0,2.0,10.0,,['B'],False,"When this creature enters, choose one -
• Executioner Round - Destroy target creature.
• Hyperfrag Round - Creatures target player controls get -2/-2 until end of turn.",True,7318.0
psychomancer,artifact creature — necron wizard,uncommon,"Warhammer 40,000 Commander",40K,True,2022-10-07,2022,"['Flying', 'Harbinger of Despair']",2,2.0,1.0,1.0,4.0,,['B'],False,"Flying
Harbinger of Despair - Whenever this creature or another nontoken artifact you control is put into a graveyard from the battlefield or is put into exile from the battlefield, target opponent loses 1 life and you gain 1 life.",True,7872.0
psychomancer,artifact creature — necron wizard,uncommon,"Warhammer 40,000 Commander",40K,True,2022-10-07,2022,"['Flying', 'Harbinger of Despair']",2,2.0,1.0,1.0,4.0,,['B'],False,"Flying
Harbinger of Despair - Whenever this creature or another nontoken artifact you control is put into a graveyard from the battlefield or is put into exile from the battlefield, target opponent loses 1 life and you gain 1 life.",True,7872.0
royal warden,artifact creature — necron,rare,"Warhammer 40,000 Commander",40K,True,2022-10-07,2022,"['Phalanx Commander', 'Unearth']",2,5.0,3.0,2.0,10.0,,['B'],False,"Phalanx Commander - When this creature enters, create two tapped 2/2 black Necron Warrior artifact creature tokens.
Unearth {3}{B} ({3}{B}: Return this card from your graveyard to the battlefield. It gains haste. Exile it at the beginning of the next end step or if it would leave the battlefield. Unearth only as a sorcery.)",True,9219.0
royal warden,artifact creature — necron,rare,"Warhammer 40,000 Commander",40K,True,2022-10-07,2022,"['Phalanx Commander', 'Unearth']",2,5.0,3.0,2.0,10.0,,['B'],False,"Phalanx Commander - When this creature enters, create two tapped 2/2 black Necron Warrior artifact creature tokens.
Unearth {3}{B} ({3}{B}: Return this card from your graveyard to the battlefield. It gains haste. Exile it at the beginning of the next end step or if it would leave the battlefield. Unearth only as a sorcery.)",True,9219.0
sanguinary priest,creature — astartes cleric,uncommon,"Warhammer 40,000 Commander",40K,True,2022-10-07,2022,"['Blood Chalice', 'Lifelink']",2,4.0,2.0,4.0,10.0,,['B'],False,"Lifelink
Blood Chalice - Whenever another creature you control dies, this creature deals 1 damage to any target.",True,8442.0
sanguinary priest,creature — astartes cleric,uncommon,"Warhammer 40,000 Commander",40K,True,2022-10-07,2022,"['Blood Chalice', 'Lifelink']",2,4.0,2.0,4.0,10.0,,['B'],False,"Lifelink
Blood Chalice - Whenever another creature you control dies, this creature deals 1 damage to any target.",True,8442.0
sautekh immortal,artifact creature — necron,uncommon,"Warhammer 40,000 Commander",40K,True,2022-10-07,2022,"['Elite Troops', 'Flash']",2,3.0,2.0,2.0,7.0,,['B'],False,"Flash
Elite Troops - This creature enters with a +1/+1 counter on it for each creature that died this turn.",True,14859.0
sautekh immortal,artifact creature — necron,uncommon,"Warhammer 40,000 Commander",40K,True,2022-10-07,2022,"['Elite Troops', 'Flash']",2,3.0,2.0,2.0,7.0,,['B'],False,"Flash
Elite Troops - This creature enters with a +1/+1 counter on it for each creature that died this turn.",True,14859.0
shard of the nightbringer,creature — c'tan,rare,"Warhammer 40,000 Commander",40K,True,2022-10-07,2022,"['Drain Life', 'Flying']",2,8.0,8.0,8.0,24.0,,['B'],False,"Flying
Drain Life - When this creature enters, if you cast it, target opponent loses half their life, rounded up. You gain life equal to the life lost this way.",True,5017.0
shard of the nightbringer,creature — c'tan,rare,"Warhammer 40,000 Commander",40K,True,2022-10-07,2022,"['Drain Life', 'Flying']",2,8.0,8.0,8.0,24.0,,['B'],False,"Flying
Drain Life - When this creature enters, if you cast it, target opponent loses half their life, rounded up. You gain life equal to the life lost this way.",True,5017.0
shard of the void dragon,creature — c'tan,rare,"Warhammer 40,000 Commander",40K,True,2022-10-07,2022,"['Flying', 'Matter Absorption', 'Spear of the Void Dragon']",3,7.0,7.0,7.0,21.0,,['B'],False,"Flying
Spear of the Void Dragon - Whenever this creature attacks, each opponent sacrifices a nonland permanent of their choice.
Matter Absorption - Whenever an artifact is put into a graveyard from the battlefield or is put into exile from the battlefield, put two +1/+1 counters on this creature.",True,8850.0
shard of the void dragon,creature — c'tan,rare,"Warhammer 40,000 Commander",40K,True,2022-10-07,2022,"['Flying', 'Matter Absorption', 'Spear of the Void Dragon']",3,7.0,7.0,7.0,21.0,,['B'],False,"Flying
Spear of the Void Dragon - Whenever this creature attacks, each opponent sacrifices a nonland permanent of their choice.
Matter Absorption - Whenever an artifact is put into a graveyard from the battlefield or is put into exile from the battlefield, put two +1/+1 counters on this creature.",True,8850.0
skorpekh destroyer,artifact creature — necron,uncommon,"Warhammer 40,000 Commander",40K,True,2022-10-07,2022,"['Deathtouch', 'Hyperphase Threshers']",2,4.0,4.0,2.0,10.0,,['B'],False,"Deathtouch
Hyperphase Threshers - Whenever an artifact you control enters, this creature gains first strike until end of turn.",True,15602.0
skorpekh destroyer,artifact creature — necron,uncommon,"Warhammer 40,000 Commander",40K,True,2022-10-07,2022,"['Deathtouch', 'Hyperphase Threshers']",2,4.0,4.0,2.0,10.0,,['B'],False,"Deathtouch
Hyperphase Threshers - Whenever an artifact you control enters, this creature gains first strike until end of turn.",True,15602.0
skorpekh lord,artifact creature — necron noble,rare,"Warhammer 40,000 Commander",40K,True,2022-10-07,2022,"['Command Protocols', 'Menace', 'Unearth']",3,3.0,3.0,2.0,8.0,,['B'],False,"Menace
Command Protocols - Other artifact creatures you control get +1/+0 and have menace.
Unearth {2}{B} ({2}{B}: Return this card from your graveyard to the battlefield. It gains haste. Exile it at the beginning of the next end step or if it would leave the battlefield. Unearth only as a sorcery.)",True,6969.0
skorpekh lord,artifact creature — necron noble,rare,"Warhammer 40,000 Commander",40K,True,2022-10-07,2022,"['Command Protocols', 'Menace', 'Unearth']",3,3.0,3.0,2.0,8.0,,['B'],False,"Menace
Command Protocols - Other artifact creatures you control get +1/+0 and have menace.
Unearth {2}{B} ({2}{B}: Return this card from your graveyard to the battlefield. It gains haste. Exile it at the beginning of the next end step or if it would leave the battlefield. Unearth only as a sorcery.)",True,6969.0
sloppity bilepiper,creature — demon,rare,"Warhammer 40,000 Commander",40K,True,2022-10-07,2022,['Jolly Gutpipes'],1,4.0,3.0,3.0,10.0,,['B'],False,"Jolly Gutpipes - {2}, {T}, Sacrifice a creature: The next creature spell you cast this turn has cascade. (When you next cast a creature spell, exile cards from the top of your library until you exile a nonland card that costs less. You may cast it without paying its mana cost. Put the exiled cards on the bottom in a random order.)",True,13214.0
sloppity bilepiper,creature — demon,rare,"Warhammer 40,000 Commander",40K,True,2022-10-07,2022,['Jolly Gutpipes'],1,4.0,3.0,3.0,10.0,,['B'],False,"Jolly Gutpipes - {2}, {T}, Sacrifice a creature: The next creature spell you cast this turn has cascade. (When you next cast a creature spell, exile cards from the top of your library until you exile a nonland card that costs less. You may cast it without paying its mana cost. Put the exiled cards on the bottom in a random order.)",True,13214.0
tallyman of nurgle,creature — astartes warrior,rare,"Warhammer 40,000 Commander",40K,True,2022-10-07,2022,"['Lifelink', 'The Seven-fold Chant']",2,3.0,2.0,3.0,8.0,,['B'],False,"Lifelink
The Seven-fold Chant - At the beginning of your end step, if a creature died this turn, you draw a card and you lose 1 life. If seven or more creatures died this turn, instead you draw seven cards and you lose 7 life.",True,11591.0
tallyman of nurgle,creature — astartes warrior,rare,"Warhammer 40,000 Commander",40K,True,2022-10-07,2022,"['Lifelink', 'The Seven-fold Chant']",2,3.0,2.0,3.0,8.0,,['B'],False,"Lifelink
The Seven-fold Chant - At the beginning of your end step, if a creature died this turn, you draw a card and you lose 1 life. If seven or more creatures died this turn, instead you draw seven cards and you lose 7 life.",True,11591.0
technomancer,artifact creature — necron wizard,rare,"Warhammer 40,000 Commander",40K,True,2022-10-07,2022,['Mill'],1,7.0,5.0,1.0,13.0,,['B'],False,"When this creature enters, mill three cards, then return any number of artifact creature cards with total mana value 6 or less from your graveyard to the battlefield.",True,8656.0
technomancer,artifact creature — necron wizard,rare,"Warhammer 40,000 Commander",40K,True,2022-10-07,2022,['Mill'],1,7.0,5.0,1.0,13.0,,['B'],False,"When this creature enters, mill three cards, then return any number of artifact creature cards with total mana value 6 or less from your graveyard to the battlefield.",True,8656.0
their name is death,sorcery,rare,"Warhammer 40,000 Commander",40K,True,2022-10-07,2022,[],0,6.0,,,6.0,,['B'],False,Destroy all nonartifact creatures.,True,3546.0
their name is death,sorcery,rare,"Warhammer 40,000 Commander",40K,True,2022-10-07,2022,[],0,6.0,,,6.0,,['B'],False,Destroy all nonartifact creatures.,True,3546.0
their number is legion,sorcery,rare,"Warhammer 40,000 Commander",40K,True,2022-10-07,2022,[],0,4.0,,,4.0,,['B'],False,"Create X tapped 2/2 black Necron Warrior artifact creature tokens, then you gain life equal to the number of artifacts you control. Exile Their Number Is Legion.
You may cast this card from your graveyard.",True,8080.0
their number is legion,sorcery,rare,"Warhammer 40,000 Commander",40K,True,2022-10-07,2022,[],0,4.0,,,4.0,,['B'],False,"Create X tapped 2/2 black Necron Warrior artifact creature tokens, then you gain life equal to the number of artifacts you control. Exile Their Number Is Legion.
You may cast this card from your graveyard.",True,8080.0
tomb blade,artifact creature — necron,rare,"Warhammer 40,000 Commander",40K,True,2022-10-07,2022,"['Flying', 'Unearth']",2,6.0,5.0,4.0,15.0,,['B'],False,"Flying
Whenever this creature deals combat damage to a player, that player loses life equal to the number of creatures they control unless they sacrifice a creature of their choice.
Unearth {6}{B}{B}",True,15185.0
tomb blade,artifact creature — necron,rare,"Warhammer 40,000 Commander",40K,True,2022-10-07,2022,"['Flying', 'Unearth']",2,6.0,5.0,4.0,15.0,,['B'],False,"Flying
Whenever this creature deals combat damage to a player, that player loses life equal to the number of creatures they control unless they sacrifice a creature of their choice.
Unearth {6}{B}{B}",True,15185.0
trazyn the infinite,legendary artifact creature — necron,rare,"Warhammer 40,000 Commander",40K,True,2022-10-07,2022,"['Deathtouch', 'Prismatic Gallery']",2,6.0,4.0,6.0,16.0,,['B'],False,"Deathtouch
Prismatic Gallery - As long as Trazyn is on the battlefield, it has all activated abilities of all artifact cards in your graveyard.",True,9402.0
trazyn the infinite,legendary artifact creature — necron,rare,"Warhammer 40,000 Commander",40K,True,2022-10-07,2022,"['Deathtouch', 'Prismatic Gallery']",2,6.0,4.0,6.0,16.0,,['B'],False,"Deathtouch
Prismatic Gallery - As long as Trazyn is on the battlefield, it has all activated abilities of all artifact cards in your graveyard.",True,9402.0
triarch praetorian,artifact creature — necron,uncommon,"Warhammer 40,000 Commander",40K,True,2022-10-07,2022,"['Dynastic Codes', 'Flying', 'Unearth']",3,2.0,2.0,1.0,5.0,,['B'],False,"Flying
Dynastic Codes - When this creature enters from a graveyard, you draw two cards and you lose 2 life.
Unearth {4}{B} ({4}{B}: Return this card from your graveyard to the battlefield. It gains haste. Exile it at the beginning of the next end step or if it would leave the battlefield. Unearth only as a sorcery.)",True,7997.0
triarch praetorian,artifact creature — necron,uncommon,"Warhammer 40,000 Commander",40K,True,2022-10-07,2022,"['Dynastic Codes', 'Flying', 'Unearth']",3,2.0,2.0,1.0,5.0,,['B'],False,"Flying
Dynastic Codes - When this creature enters from a graveyard, you draw two cards and you lose 2 life.
Unearth {4}{B} ({4}{B}: Return this card from your graveyard to the battlefield. It gains haste. Exile it at the beginning of the next end step or if it would leave the battlefield. Unearth only as a sorcery.)",True,7997.0
triarch stalker,artifact creature — necron,rare,"Warhammer 40,000 Commander",40K,True,2022-10-07,2022,['Targeting Relay'],1,5.0,4.0,5.0,14.0,,['B'],False,"Targeting Relay - At the beginning of combat on your turn, choose an opponent.
Creatures attacking the last chosen player have menace.",True,13345.0
triarch stalker,artifact creature — necron,rare,"Warhammer 40,000 Commander",40K,True,2022-10-07,2022,['Targeting Relay'],1,5.0,4.0,5.0,14.0,,['B'],False,"Targeting Relay - At the beginning of combat on your turn, choose an opponent.
Creatures attacking the last chosen player have menace.",True,13345.0
venomcrawler,artifact creature — demon,rare,"Warhammer 40,000 Commander",40K,True,2022-10-07,2022,"['Devourer of Souls', 'Lifelink']",2,4.0,2.0,2.0,8.0,,['B'],False,"Lifelink
Devourer of Souls - Whenever another creature dies, put a +1/+1 counter on this creature.",True,9210.0
venomcrawler,artifact creature — demon,rare,"Warhammer 40,000 Commander",40K,True,2022-10-07,2022,"['Devourer of Souls', 'Lifelink']",2,4.0,2.0,2.0,8.0,,['B'],False,"Lifelink
Devourer of Souls - Whenever another creature dies, put a +1/+1 counter on this creature.",True,9210.0
the war in heaven,enchantment — saga,rare,"Warhammer 40,000 Commander",40K,True,2022-10-07,2022,['Mill'],1,6.0,,,6.0,,['B'],False,"(As this Saga enters and after your draw step, add a lore counter. Sacrifice after III.)
I - You draw three cards and you lose 3 life.
II - Mill three cards.
III - Choose up to three target creature cards with total mana value 8 or less in your graveyard. Return each of them to the battlefield with a necrodermis counter on it. They're artifacts in addition to their other types.",True,9737.0
the war in heaven,enchantment — saga,rare,"Warhammer 40,000 Commander",40K,True,2022-10-07,2022,['Mill'],1,6.0,,,6.0,,['B'],False,"(As this Saga enters and after your draw step, add a lore counter. Sacrifice after III.)
I - You draw three cards and you lose 3 life.
II - Mill three cards.
III - Choose up to three target creature cards with total mana value 8 or less in your graveyard. Return each of them to the battlefield with a necrodermis counter on it. They're artifacts in addition to their other types.",True,9737.0
acolyte hybrid,creature — tyranid human,uncommon,"Warhammer 40,000 Commander",40K,True,2022-10-07,2022,['Heavy Rock Cutter'],1,3.0,2.0,2.0,7.0,,['R'],False,"Heavy Rock Cutter - Whenever this creature attacks, destroy up to one target artifact. If an artifact is destroyed this way, its controller draws a card.",True,13635.0
acolyte hybrid,creature — tyranid human,uncommon,"Warhammer 40,000 Commander",40K,True,2022-10-07,2022,['Heavy Rock Cutter'],1,3.0,2.0,2.0,7.0,,['R'],False,"Heavy Rock Cutter - Whenever this creature attacks, destroy up to one target artifact. If an artifact is destroyed this way, its controller draws a card.",True,13635.0
aspiring champion,creature — astartes warrior,rare,"Warhammer 40,000 Commander",40K,True,2022-10-07,2022,"['Menace', 'Ruinous Ascension']",2,4.0,3.0,3.0,10.0,,['R'],False,"Menace
Ruinous Ascension - When this creature deals combat damage to a player, sacrifice it. If you do, reveal cards from the top of your library until you reveal a creature card. Put that card onto the battlefield, then shuffle the rest into your library. If that creature is a Demon, it deals damage equal to its power to each opponent.",True,9236.0
aspiring champion,creature — astartes warrior,rare,"Warhammer 40,000 Commander",40K,True,2022-10-07,2022,"['Menace', 'Ruinous Ascension']",2,4.0,3.0,3.0,10.0,,['R'],False,"Menace
Ruinous Ascension - When this creature deals combat damage to a player, sacrifice it. If you do, reveal cards from the top of your library until you reveal a creature card. Put that card onto the battlefield, then shuffle the rest into your library. If that creature is a Demon, it deals damage equal to its power to each opponent.",True,9236.0
bloodcrusher of khorne,creature — demon knight,uncommon,"Warhammer 40,000 Commander",40K,True,2022-10-07,2022,"['Devastating Charge', 'Trample']",2,4.0,3.0,3.0,10.0,,['R'],False,"Trample
Devastating Charge - Other creatures you control have trample.",True,6642.0
bloodcrusher of khorne,creature — demon knight,uncommon,"Warhammer 40,000 Commander",40K,True,2022-10-07,2022,"['Devastating Charge', 'Trample']",2,4.0,3.0,3.0,10.0,,['R'],False,"Trample
Devastating Charge - Other creatures you control have trample.",True,6642.0
bloodthirster,creature — demon,rare,"Warhammer 40,000 Commander",40K,True,2022-10-07,2022,"['Flying', 'Trample']",2,6.0,6.0,6.0,18.0,,['R'],False,"Flying, trample
Whenever this creature deals combat damage to a player, untap it. After this phase, there is an additional combat phase.
This creature can't attack a player it has already attacked this turn.",True,2357.0
bloodthirster,creature — demon,rare,"Warhammer 40,000 Commander",40K,True,2022-10-07,2022,"['Flying', 'Trample']",2,6.0,6.0,6.0,18.0,,['R'],False,"Flying, trample
Whenever this creature deals combat damage to a player, untap it. After this phase, there is an additional combat phase.
This creature can't attack a player it has already attacked this turn.",True,2357.0
chaos terminator lord,creature — astartes warrior,uncommon,"Warhammer 40,000 Commander",40K,True,2022-10-07,2022,['Lord of Chaos'],1,4.0,3.0,3.0,10.0,,['R'],False,"Lord of Chaos - At the beginning of combat on your turn, another target creature you control gains double strike until end of turn.",True,10390.0
chaos terminator lord,creature — astartes warrior,uncommon,"Warhammer 40,000 Commander",40K,True,2022-10-07,2022,['Lord of Chaos'],1,4.0,3.0,3.0,10.0,,['R'],False,"Lord of Chaos - At the beginning of combat on your turn, another target creature you control gains double strike until end of turn.",True,10390.0
dark apostle,creature — astartes warlock,rare,"Warhammer 40,000 Commander",40K,True,2022-10-07,2022,['Gift of Chaos'],1,4.0,3.0,3.0,10.0,,['R'],False,"Gift of Chaos - {3}, {T}: The next noncreature spell you cast this turn has cascade. (When you cast that spell, exile cards from the top of your library until you exile a nonland card that costs less. You may cast it without paying its mana cost. Put the exiled cards on the bottom in a random order.)",True,10624.0
dark apostle,creature — astartes warlock,rare,"Warhammer 40,000 Commander",40K,True,2022-10-07,2022,['Gift of Chaos'],1,4.0,3.0,3.0,10.0,,['R'],False,"Gift of Chaos - {3}, {T}: The next noncreature spell you cast this turn has cascade. (When you cast that spell, exile cards from the top of your library until you exile a nonland card that costs less. You may cast it without paying its mana cost. Put the exiled cards on the bottom in a random order.)",True,10624.0
exocrine,creature — tyranid,rare,"Warhammer 40,000 Commander",40K,True,2022-10-07,2022,"['Bio-plasmic Barrage', 'Ravenous']",2,3.0,2.0,2.0,7.0,,['R'],False,"Ravenous (This creature enters with X +1/+1 counters on it. If X is 5 or more, draw a card when it enters.)
Bio-plasmic Barrage - When this creature enters, it deals X damage to each player and each other creature.",True,6066.0
exocrine,creature — tyranid,rare,"Warhammer 40,000 Commander",40K,True,2022-10-07,2022,"['Bio-plasmic Barrage', 'Ravenous']",2,3.0,2.0,2.0,7.0,,['R'],False,"Ravenous (This creature enters with X +1/+1 counters on it. If X is 5 or more, draw a card when it enters.)
Bio-plasmic Barrage - When this creature enters, it deals X damage to each player and each other creature.",True,6066.0
herald of slaanesh,creature — demon,uncommon,"Warhammer 40,000 Commander",40K,True,2022-10-07,2022,['Locus of Slaanesh'],1,3.0,2.0,2.0,7.0,,['R'],False,"Locus of Slaanesh - Demon spells you cast cost {2} less to cast.
Other Demons you control have haste.",True,5059.0
herald of slaanesh,creature — demon,uncommon,"Warhammer 40,000 Commander",40K,True,2022-10-07,2022,['Locus of Slaanesh'],1,3.0,2.0,2.0,7.0,,['R'],False,"Locus of Slaanesh - Demon spells you cast cost {2} less to cast.
Other Demons you control have haste.",True,5059.0
keeper of secrets,creature — demon,rare,"Warhammer 40,000 Commander",40K,True,2022-10-07,2022,"['First strike', 'Haste', 'Symphony of Pain']",3,6.0,6.0,4.0,16.0,,['R'],False,"First strike, haste
Symphony of Pain - Whenever you cast a spell from anywhere other than your hand, this creature deals damage equal to that spell's mana value to target opponent.",True,2800.0
keeper of secrets,creature — demon,rare,"Warhammer 40,000 Commander",40K,True,2022-10-07,2022,"['First strike', 'Haste', 'Symphony of Pain']",3,6.0,6.0,4.0,16.0,,['R'],False,"First strike, haste
Symphony of Pain - Whenever you cast a spell from anywhere other than your hand, this creature deals damage equal to that spell's mana value to target opponent.",True,2800.0
khârn the betrayer,legendary creature — astartes berserker,rare,"Warhammer 40,000 Commander",40K,True,2022-10-07,2022,"['Berzerker', 'Sigil of Corruption', 'The Betrayer']",3,4.0,5.0,1.0,10.0,,['R'],False,"Berzerker - Khârn the Betrayer attacks or blocks each combat if able.
Sigil of Corruption - When you lose control of Khârn the Betrayer, draw two cards.
The Betrayer - If damage would be dealt to Khârn the Betrayer, prevent that damage and an opponent of your choice gains control of it.",True,4323.0
khârn the betrayer,legendary creature — astartes berserker,rare,"Warhammer 40,000 Commander",40K,True,2022-10-07,2022,"['Berzerker', 'Sigil of Corruption', 'The Betrayer']",3,4.0,5.0,1.0,10.0,,['R'],False,"Berzerker - Khârn the Betrayer attacks or blocks each combat if able.
Sigil of Corruption - When you lose control of Khârn the Betrayer, draw two cards.
The Betrayer - If damage would be dealt to Khârn the Betrayer, prevent that damage and an opponent of your choice gains control of it.",True,4323.0
knight rampager,artifact creature — knight,rare,"Warhammer 40,000 Commander",40K,True,2022-10-07,2022,"['Frenzied Rampage', 'Trample']",2,5.0,6.0,5.0,16.0,,['R'],False,"Trample
Frenzied Rampage - At the beginning of combat on your turn, choose an opponent at random. This creature attacks that player this combat if able.
When this creature dies, it deals 4 damage to target opponent chosen at random.",True,15878.0
knight rampager,artifact creature — knight,rare,"Warhammer 40,000 Commander",40K,True,2022-10-07,2022,"['Frenzied Rampage', 'Trample']",2,5.0,6.0,5.0,16.0,,['R'],False,"Trample
Frenzied Rampage - At the beginning of combat on your turn, choose an opponent at random. This creature attacks that player this combat if able.
When this creature dies, it deals 4 damage to target opponent chosen at random.",True,15878.0
let the galaxy burn,sorcery,rare,"Warhammer 40,000 Commander",40K,True,2022-10-07,2022,['Cascade'],1,6.0,,,6.0,,['R'],False,"Cascade (When you cast this spell, exile cards from the top of your library until you exile a nonland card that costs less. You may cast it without paying its mana cost. Put the exiled cards on the bottom in a random order.)
Let the Galaxy Burn deals X plus 2 damage to each creature that didn't enter this turn.",True,8761.0
let the galaxy burn,sorcery,rare,"Warhammer 40,000 Commander",40K,True,2022-10-07,2022,['Cascade'],1,6.0,,,6.0,,['R'],False,"Cascade (When you cast this spell, exile cards from the top of your library until you exile a nonland card that costs less. You may cast it without paying its mana cost. Put the exiled cards on the bottom in a random order.)
Let the Galaxy Burn deals X plus 2 damage to each creature that didn't enter this turn.",True,8761.0
noise marine,creature — astartes warrior,uncommon,"Warhammer 40,000 Commander",40K,True,2022-10-07,2022,"['Cascade', 'Sonic Blaster']",2,5.0,3.0,2.0,10.0,,['R'],False,"Cascade (When you cast this spell, exile cards from the top of your library until you exile a nonland card that costs less. You may cast it without paying its mana cost. Put the exiled cards on the bottom in a random order.)
Sonic Blaster - When this creature enters, it deals damage equal to the number of spells you've cast this turn to any target.",True,7143.0
noise marine,creature — astartes warrior,uncommon,"Warhammer 40,000 Commander",40K,True,2022-10-07,2022,"['Cascade', 'Sonic Blaster']",2,5.0,3.0,2.0,10.0,,['R'],False,"Cascade (When you cast this spell, exile cards from the top of your library until you exile a nonland card that costs less. You may cast it without paying its mana cost. Put the exiled cards on the bottom in a random order.)
Sonic Blaster - When this creature enters, it deals damage equal to the number of spells you've cast this turn to any target.",True,7143.0
the red terror,legendary creature — tyranid,rare,"Warhammer 40,000 Commander",40K,True,2022-10-07,2022,['Advanced Species'],1,4.0,4.0,3.0,11.0,,['R'],False,"Advanced Species - Whenever a red source you control deals damage to one or more permanents and/or players, put a +1/+1 counter on The Red Terror.",True,6829.0
the red terror,legendary creature — tyranid,rare,"Warhammer 40,000 Commander",40K,True,2022-10-07,2022,['Advanced Species'],1,4.0,4.0,3.0,11.0,,['R'],False,"Advanced Species - Whenever a red source you control deals damage to one or more permanents and/or players, put a +1/+1 counter on The Red Terror.",True,6829.0
screamer-killer,creature — tyranid,rare,"Warhammer 40,000 Commander",40K,True,2022-10-07,2022,"['Bio-Plasmic Scream', 'Trample']",2,5.0,5.0,5.0,15.0,,['R'],False,"Trample
Bio-Plasmic Scream - Whenever you cast a creature spell with mana value 5 or greater, this creature deals 5 damage to any target.",True,8759.0
screamer-killer,creature — tyranid,rare,"Warhammer 40,000 Commander",40K,True,2022-10-07,2022,"['Bio-Plasmic Scream', 'Trample']",2,5.0,5.0,5.0,15.0,,['R'],False,"Trample
Bio-Plasmic Scream - Whenever you cast a creature spell with mana value 5 or greater, this creature deals 5 damage to any target.",True,8759.0
seeker of slaanesh,creature — demon,uncommon,"Warhammer 40,000 Commander",40K,True,2022-10-07,2022,"['Allure of Slaanesh', 'Haste']",2,4.0,3.0,3.0,10.0,,['R'],False,"Haste
Allure of Slaanesh - Each opponent must attack with at least one creature each combat if able.",True,13074.0
seeker of slaanesh,creature — demon,uncommon,"Warhammer 40,000 Commander",40K,True,2022-10-07,2022,"['Allure of Slaanesh', 'Haste']",2,4.0,3.0,3.0,10.0,,['R'],False,"Haste
Allure of Slaanesh - Each opponent must attack with at least one creature each combat if able.",True,13074.0
aberrant,creature — tyranid mutant,uncommon,"Warhammer 40,000 Commander",40K,True,2022-10-07,2022,"['Heavy Power Hammer', 'Ravenous', 'Trample']",3,2.0,0.0,0.0,2.0,,['G'],False,"Ravenous (This creature enters with X +1/+1 counters on it. If X is 5 or more, draw a card when it enters.)
Trample
Heavy Power Hammer - Whenever this creature deals combat damage to a player, destroy target artifact or enchantment that player controls.",True,5091.0
aberrant,creature — tyranid mutant,uncommon,"Warhammer 40,000 Commander",40K,True,2022-10-07,2022,"['Heavy Power Hammer', 'Ravenous', 'Trample']",3,2.0,0.0,0.0,2.0,,['G'],False,"Ravenous (This creature enters with X +1/+1 counters on it. If X is 5 or more, draw a card when it enters.)
Trample
Heavy Power Hammer - Whenever this creature deals combat damage to a player, destroy target artifact or enchantment that player controls.",True,5091.0
biophagus,creature — human tyranid wizard,rare,"Warhammer 40,000 Commander",40K,True,2022-10-07,2022,['Genomic Enhancement'],1,2.0,1.0,3.0,6.0,,['G'],False,"Genomic Enhancement - {T}: Add one mana of any color. If this mana is spent to cast a creature spell, that creature enters with an additional +1/+1 counter on it.",True,2584.0
biophagus,creature — human tyranid wizard,rare,"Warhammer 40,000 Commander",40K,True,2022-10-07,2022,['Genomic Enhancement'],1,2.0,1.0,3.0,6.0,,['G'],False,"Genomic Enhancement - {T}: Add one mana of any color. If this mana is spent to cast a creature spell, that creature enters with an additional +1/+1 counter on it.",True,2584.0
bone sabres,artifact — equipment,rare,"Warhammer 40,000 Commander",40K,True,2022-10-07,2022,['Equip'],1,3.0,,,3.0,,['G'],False,"Whenever equipped creature attacks, put four +1/+1 counters on it.
Equip {3} ({3}: Attach to target creature you control. Equip only as a sorcery.)",True,4987.0
bone sabres,artifact — equipment,rare,"Warhammer 40,000 Commander",40K,True,2022-10-07,2022,['Equip'],1,3.0,,,3.0,,['G'],False,"Whenever equipped creature attacks, put four +1/+1 counters on it.
Equip {3} ({3}: Attach to target creature you control. Equip only as a sorcery.)",True,4987.0
broodlord,creature — tyranid,rare,"Warhammer 40,000 Commander",40K,True,2022-10-07,2022,"['Brood Telepathy', 'Ravenous']",2,4.0,3.0,3.0,10.0,,['G'],False,"Ravenous (This creature enters with X +1/+1 counters on it. If X is 5 or more, draw a card when it enters.)
Brood Telepathy - When this creature enters, distribute X +1/+1 counters among any number of other target creatures you control.",True,7340.0
broodlord,creature — tyranid,rare,"Warhammer 40,000 Commander",40K,True,2022-10-07,2022,"['Brood Telepathy', 'Ravenous']",2,4.0,3.0,3.0,10.0,,['G'],False,"Ravenous (This creature enters with X +1/+1 counters on it. If X is 5 or more, draw a card when it enters.)
Brood Telepathy - When this creature enters, distribute X +1/+1 counters among any number of other target creatures you control.",True,7340.0
clamavus,creature — human tyranid artificer,rare,"Warhammer 40,000 Commander",40K,True,2022-10-07,2022,['Proclamator Hailer'],1,5.0,3.0,3.0,11.0,,['G'],False,Proclamator Hailer - Each creature you control gets +1/+1 for each +1/+1 counter on it.,True,5802.0
clamavus,creature — human tyranid artificer,rare,"Warhammer 40,000 Commander",40K,True,2022-10-07,2022,['Proclamator Hailer'],1,5.0,3.0,3.0,11.0,,['G'],False,Proclamator Hailer - Each creature you control gets +1/+1 for each +1/+1 counter on it.,True,5802.0
haruspex,creature — tyranid,rare,"Warhammer 40,000 Commander",40K,True,2022-10-07,2022,"['Devouring Monster', 'Rapacious Hunger']",2,4.0,2.0,2.0,8.0,,['G'],False,"Rapacious Hunger - Whenever another creature dies, put a +1/+1 counter on this creature.
Devouring Monster - {T}, Remove X +1/+1 counters from this creature: Add X mana of any one color.",True,10853.0
haruspex,creature — tyranid,rare,"Warhammer 40,000 Commander",40K,True,2022-10-07,2022,"['Devouring Monster', 'Rapacious Hunger']",2,4.0,2.0,2.0,8.0,,['G'],False,"Rapacious Hunger - Whenever another creature dies, put a +1/+1 counter on this creature.
Devouring Monster - {T}, Remove X +1/+1 counters from this creature: Add X mana of any one color.",True,10853.0
hierophant bio-titan,creature — tyranid,rare,"Warhammer 40,000 Commander",40K,True,2022-10-07,2022,"['Frenzied Metabolism', 'Reach', 'Titanic', 'Vigilance', 'Ward']",5,12.0,12.0,12.0,36.0,,['G'],False,"Frenzied Metabolism - As an additional cost to cast this spell, you may remove any number of +1/+1 counters from among creatures you control. This spell costs {2} less to cast for each counter removed this way.
Vigilance, reach, ward {2}
Titanic - This creature can't be blocked by creatures with power 2 or less.",True,7570.0
hierophant bio-titan,creature — tyranid,rare,"Warhammer 40,000 Commander",40K,True,2022-10-07,2022,"['Frenzied Metabolism', 'Reach', 'Titanic', 'Vigilance', 'Ward']",5,12.0,12.0,12.0,36.0,,['G'],False,"Frenzied Metabolism - As an additional cost to cast this spell, you may remove any number of +1/+1 counters from among creatures you control. This spell costs {2} less to cast for each counter removed this way.
Vigilance, reach, ward {2}
Titanic - This creature can't be blocked by creatures with power 2 or less.",True,7570.0
hormagaunt horde,creature — tyranid,rare,"Warhammer 40,000 Commander",40K,True,2022-10-07,2022,"['Endless Swarm', 'Ravenous']",2,1.0,1.0,1.0,3.0,,['G'],False,"Ravenous (This creature enters with X +1/+1 counters on it. If X is 5 or more, draw a card when it enters.)
Endless Swarm - Whenever a land you control enters, you may pay {2}{G}. If you do, return this card from your graveyard to your hand.",True,8673.0
hormagaunt horde,creature — tyranid,rare,"Warhammer 40,000 Commander",40K,True,2022-10-07,2022,"['Endless Swarm', 'Ravenous']",2,1.0,1.0,1.0,3.0,,['G'],False,"Ravenous (This creature enters with X +1/+1 counters on it. If X is 5 or more, draw a card when it enters.)
Endless Swarm - Whenever a land you control enters, you may pay {2}{G}. If you do, return this card from your graveyard to your hand.",True,8673.0
lictor,creature — tyranid,rare,"Warhammer 40,000 Commander",40K,True,2022-10-07,2022,"['Flash', 'Pheromone Trail']",2,4.0,3.0,3.0,10.0,,['G'],False,"Flash
Pheromone Trail - When this creature enters, if a creature entered the battlefield under an opponent's control this turn, create a 3/3 green Tyranid Warrior creature token with trample.",True,16861.0
lictor,creature — tyranid,rare,"Warhammer 40,000 Commander",40K,True,2022-10-07,2022,"['Flash', 'Pheromone Trail']",2,4.0,3.0,3.0,10.0,,['G'],False,"Flash
Pheromone Trail - When this creature enters, if a creature entered the battlefield under an opponent's control this turn, create a 3/3 green Tyranid Warrior creature token with trample.",True,16861.0
nexos,creature — human tyranid advisor,rare,"Warhammer 40,000 Commander",40K,True,2022-10-07,2022,['Strategic Coordinator'],1,2.0,2.0,2.0,6.0,,['G'],False,"Strategic Coordinator - Basic lands you control have ""{T}: Add {C}{C}. Spend this mana only on costs that contain {X}.""",True,4580.0
nexos,creature — human tyranid advisor,rare,"Warhammer 40,000 Commander",40K,True,2022-10-07,2022,['Strategic Coordinator'],1,2.0,2.0,2.0,6.0,,['G'],False,"Strategic Coordinator - Basic lands you control have ""{T}: Add {C}{C}. Spend this mana only on costs that contain {X}.""",True,4580.0
old one eye,legendary creature — tyranid,rare,"Warhammer 40,000 Commander",40K,True,2022-10-07,2022,"['Fast Healing', 'Trample']",2,6.0,6.0,6.0,18.0,,['G'],False,"Trample
Other creatures you control have trample.
When Old One Eye enters, create a 5/5 green Tyranid creature token.
Fast Healing - At the beginning of your first main phase, you may discard two cards. If you do, return this card from your graveyard to your hand.",True,5832.0
old one eye,legendary creature — tyranid,rare,"Warhammer 40,000 Commander",40K,True,2022-10-07,2022,"['Fast Healing', 'Trample']",2,6.0,6.0,6.0,18.0,,['G'],False,"Trample
Other creatures you control have trample.
When Old One Eye enters, create a 5/5 green Tyranid creature token.
Fast Healing - At the beginning of your first main phase, you may discard two cards. If you do, return this card from your graveyard to your hand.",True,5832.0
purestrain genestealer,creature — tyranid,uncommon,"Warhammer 40,000 Commander",40K,True,2022-10-07,2022,['Vanguard Species'],1,3.0,1.0,1.0,5.0,,['G'],False,"This creature enters with two +1/+1 counters on it.
Vanguard Species - Whenever this creature attacks, you may remove a +1/+1 counter from it. If you do, search your library for a basic land card, put it onto the battlefield tapped, then shuffle.",True,10076.0
purestrain genestealer,creature — tyranid,uncommon,"Warhammer 40,000 Commander",40K,True,2022-10-07,2022,['Vanguard Species'],1,3.0,1.0,1.0,5.0,,['G'],False,"This creature enters with two +1/+1 counters on it.
Vanguard Species - Whenever this creature attacks, you may remove a +1/+1 counter from it. If you do, search your library for a basic land card, put it onto the battlefield tapped, then shuffle.",True,10076.0
sporocyst,creature — tyranid,rare,"Warhammer 40,000 Commander",40K,True,2022-10-07,2022,"['Defender', 'Ravenous', 'Spore Chimney']",3,1.0,0.0,0.0,1.0,,['G'],False,"Ravenous (This creature enters with X +1/+1 counters on it. If X is 5 or more, draw a card when it enters.)
Defender
Spore Chimney - When this creature enters, search your library for up to X basic land cards, put them onto the battlefield tapped, then shuffle.",True,4327.0
sporocyst,creature — tyranid,rare,"Warhammer 40,000 Commander",40K,True,2022-10-07,2022,"['Defender', 'Ravenous', 'Spore Chimney']",3,1.0,0.0,0.0,1.0,,['G'],False,"Ravenous (This creature enters with X +1/+1 counters on it. If X is 5 or more, draw a card when it enters.)
Defender
Spore Chimney - When this creature enters, search your library for up to X basic land cards, put them onto the battlefield tapped, then shuffle.",True,4327.0
termagant swarm,creature — tyranid,rare,"Warhammer 40,000 Commander",40K,True,2022-10-07,2022,"['Death Frenzy', 'Ravenous']",2,1.0,0.0,0.0,1.0,,['G'],False,"Ravenous (This creature enters with X +1/+1 counters on it. If X is 5 or more, draw a card when it enters.)
Death Frenzy - When this creature dies, create a number of 1/1 green Tyranid creature tokens equal to this creature's power.",True,5760.0
termagant swarm,creature — tyranid,rare,"Warhammer 40,000 Commander",40K,True,2022-10-07,2022,"['Death Frenzy', 'Ravenous']",2,1.0,0.0,0.0,1.0,,['G'],False,"Ravenous (This creature enters with X +1/+1 counters on it. If X is 5 or more, draw a card when it enters.)
Death Frenzy - When this creature dies, create a number of 1/1 green Tyranid creature tokens equal to this creature's power.",True,5760.0
tervigon,creature — tyranid,rare,"Warhammer 40,000 Commander",40K,True,2022-10-07,2022,"['Ravenous', 'Trample']",2,2.0,0.0,0.0,2.0,,['G'],False,"Ravenous (This creature enters with X +1/+1 counters on it. If X is 5 or more, draw a card when it enters.)
Trample
Spawn Termagants - Whenever this creature deals combat damage to a player, create that many 1/1 green Tyranid creature tokens.",True,5042.0
tervigon,creature — tyranid,rare,"Warhammer 40,000 Commander",40K,True,2022-10-07,2022,"['Ravenous', 'Trample']",2,2.0,0.0,0.0,2.0,,['G'],False,"Ravenous (This creature enters with X +1/+1 counters on it. If X is 5 or more, draw a card when it enters.)
Trample
Spawn Termagants - Whenever this creature deals combat damage to a player, create that many 1/1 green Tyranid creature tokens.",True,5042.0
toxicrene,creature — tyranid,rare,"Warhammer 40,000 Commander",40K,True,2022-10-07,2022,"['Deathtouch', 'Hypertoxic Miasma', 'Reach']",3,4.0,2.0,4.0,10.0,,['G'],False,"Reach, deathtouch
Hypertoxic Miasma - All lands have ""{T}: Add one mana of any color"" and lose all other abilities.",True,12180.0
toxicrene,creature — tyranid,rare,"Warhammer 40,000 Commander",40K,True,2022-10-07,2022,"['Deathtouch', 'Hypertoxic Miasma', 'Reach']",3,4.0,2.0,4.0,10.0,,['G'],False,"Reach, deathtouch
Hypertoxic Miasma - All lands have ""{T}: Add one mana of any color"" and lose all other abilities.",True,12180.0
tyranid invasion,sorcery,uncommon,"Warhammer 40,000 Commander",40K,True,2022-10-07,2022,[],0,4.0,,,4.0,,['G'],False,Create a number of 3/3 green Tyranid Warrior creature tokens with trample equal to the number of opponents you have.,True,16511.0
tyranid invasion,sorcery,uncommon,"Warhammer 40,000 Commander",40K,True,2022-10-07,2022,[],0,4.0,,,4.0,,['G'],False,Create a number of 3/3 green Tyranid Warrior creature tokens with trample equal to the number of opponents you have.,True,16511.0
tyrant guard,creature — tyranid,rare,"Warhammer 40,000 Commander",40K,True,2022-10-07,2022,"['Ravenous', 'Shieldwall']",2,3.0,3.0,3.0,9.0,,['G'],False,"Ravenous (This creature enters with X +1/+1 counters on it. If X is 5 or more, draw a card when it enters.)
Shieldwall - Sacrifice this creature: Creatures you control with counters on them gain hexproof and indestructible until end of turn.",True,4968.0
tyrant guard,creature — tyranid,rare,"Warhammer 40,000 Commander",40K,True,2022-10-07,2022,"['Ravenous', 'Shieldwall']",2,3.0,3.0,3.0,9.0,,['G'],False,"Ravenous (This creature enters with X +1/+1 counters on it. If X is 5 or more, draw a card when it enters.)
Shieldwall - Sacrifice this creature: Creatures you control with counters on them gain hexproof and indestructible until end of turn.",True,4968.0
assault intercessor,creature — astartes warrior,rare,"Warhammer 40,000 Commander",40K,True,2022-10-07,2022,"['Chainsword', 'First strike', 'Menace']",3,3.0,3.0,2.0,8.0,,"['B', 'W']",True,"First strike, menace
Chainsword - Whenever a creature an opponent controls dies, that player loses 2 life.",True,8322.0
assault intercessor,creature — astartes warrior,rare,"Warhammer 40,000 Commander",40K,True,2022-10-07,2022,"['Chainsword', 'First strike', 'Menace']",3,3.0,3.0,2.0,8.0,,"['B', 'W']",True,"First strike, menace
Chainsword - Whenever a creature an opponent controls dies, that player loses 2 life.",True,8322.0
atalan jackal,creature — human tyranid scout,rare,"Warhammer 40,000 Commander",40K,True,2022-10-07,2022,"['Haste', 'Skilled Outrider', 'Trample']",3,3.0,2.0,2.0,7.0,,"['G', 'R']",True,"Trample, haste
Skilled Outrider - Whenever this creature deals combat damage to a player, you may search your library for a basic land card, put it onto the battlefield tapped, then shuffle.",True,4166.0
atalan jackal,creature — human tyranid scout,rare,"Warhammer 40,000 Commander",40K,True,2022-10-07,2022,"['Haste', 'Skilled Outrider', 'Trample']",3,3.0,2.0,2.0,7.0,,"['G', 'R']",True,"Trample, haste
Skilled Outrider - Whenever this creature deals combat damage to a player, you may search your library for a basic land card, put it onto the battlefield tapped, then shuffle.",True,4166.0
belisarius cawl,legendary artifact creature — human,rare,"Warhammer 40,000 Commander",40K,True,2022-10-07,2022,"['Master of Machines', 'Ultima Founding']",2,4.0,2.0,4.0,10.0,,"['U', 'W']",True,"Ultima Founding - {T}, Tap two untapped artifacts you control: Create a 2/2 white Astartes Warrior creature token with vigilance.
Master of Machines - {T}, Tap X untapped creatures you control: Look at the top X cards of your library. You may reveal an artifact card from among them and put it into your hand. Put the rest on the bottom of your library in a random order.",True,12167.0
belisarius cawl,legendary artifact creature — human,rare,"Warhammer 40,000 Commander",40K,True,2022-10-07,2022,"['Master of Machines', 'Ultima Founding']",2,4.0,2.0,4.0,10.0,,"['U', 'W']",True,"Ultima Founding - {T}, Tap two untapped artifacts you control: Create a 2/2 white Astartes Warrior creature token with vigilance.
Master of Machines - {T}, Tap X untapped creatures you control: Look at the top X cards of your library. You may reveal an artifact card from among them and put it into your hand. Put the rest on the bottom of your library in a random order.",True,12167.0
birth of the imperium,enchantment — saga,rare,"Warhammer 40,000 Commander",40K,True,2022-10-07,2022,[],0,5.0,,,5.0,,"['B', 'U', 'W']",True,"(As this Saga enters and after your draw step, add a lore counter. Sacrifice after III.)
I - Create a 2/2 white Astartes Warrior creature token with vigilance for each opponent you have.
II - Each opponent sacrifices a creature of their choice.
III - Draw two cards for each opponent who controls fewer creatures than you.",True,6412.0
birth of the imperium,enchantment — saga,rare,"Warhammer 40,000 Commander",40K,True,2022-10-07,2022,[],0,5.0,,,5.0,,"['B', 'U', 'W']",True,"(As this Saga enters and after your draw step, add a lore counter. Sacrifice after III.)
I - Create a 2/2 white Astartes Warrior creature token with vigilance for each opponent you have.
II - Each opponent sacrifices a creature of their choice.
III - Draw two cards for each opponent who controls fewer creatures than you.",True,6412.0
blood for the blood god!,instant,rare,"Warhammer 40,000 Commander",40K,True,2022-10-07,2022,[],0,11.0,,,11.0,,"['B', 'R']",True,"This spell costs {1} less to cast for each creature that died this turn.
Discard your hand, then draw eight cards. Blood for the Blood God! deals 8 damage to each opponent. Exile Blood for the Blood God!",True,2778.0
blood for the blood god!,instant,rare,"Warhammer 40,000 Commander",40K,True,2022-10-07,2022,[],0,11.0,,,11.0,,"['B', 'R']",True,"This spell costs {1} less to cast for each creature that died this turn.
Discard your hand, then draw eight cards. Blood for the Blood God! deals 8 damage to each opponent. Exile Blood for the Blood God!",True,2778.0
callidus assassin,creature — human shapeshifter assassin,rare,"Warhammer 40,000 Commander",40K,True,2022-10-07,2022,"['Flash', 'Polymorphine']",2,6.0,3.0,3.0,12.0,,"['B', 'U']",True,"Flash
Polymorphine - You may have this creature enter tapped as a copy of any creature on the battlefield, except it has ""When this creature enters, destroy up to one other target creature with the same name as this creature.""",True,4924.0
callidus assassin,creature — human shapeshifter assassin,rare,"Warhammer 40,000 Commander",40K,True,2022-10-07,2022,"['Flash', 'Polymorphine']",2,6.0,3.0,3.0,12.0,,"['B', 'U']",True,"Flash
Polymorphine - You may have this creature enter tapped as a copy of any creature on the battlefield, except it has ""When this creature enters, destroy up to one other target creature with the same name as this creature.""",True,4924.0
chaos defiler,artifact creature — demon construct,rare,"Warhammer 40,000 Commander",40K,True,2022-10-07,2022,"['Battle Cannon', 'Trample']",2,5.0,5.0,4.0,14.0,,"['B', 'R']",True,"Trample
Battle Cannon - When this creature enters or dies, for each opponent, choose a nonland permanent that player controls. Destroy one of them chosen at random.",True,5784.0
chaos defiler,artifact creature — demon construct,rare,"Warhammer 40,000 Commander",40K,True,2022-10-07,2022,"['Battle Cannon', 'Trample']",2,5.0,5.0,4.0,14.0,,"['B', 'R']",True,"Trample
Battle Cannon - When this creature enters or dies, for each opponent, choose a nonland permanent that player controls. Destroy one of them chosen at random.",True,5784.0
chaos mutation,instant,rare,"Warhammer 40,000 Commander",40K,True,2022-10-07,2022,[],0,5.0,,,5.0,,"['R', 'U']",True,"Exile any number of target creatures controlled by different players. For each creature exiled this way, its controller reveals cards from the top of their library until they reveal a creature card, puts that card onto the battlefield, then puts the rest on the bottom of their library in a random order.",True,8035.0
chaos mutation,instant,rare,"Warhammer 40,000 Commander",40K,True,2022-10-07,2022,[],0,5.0,,,5.0,,"['R', 'U']",True,"Exile any number of target creatures controlled by different players. For each creature exiled this way, its controller reveals cards from the top of their library until they reveal a creature card, puts that card onto the battlefield, then puts the rest on the bottom of their library in a random order.",True,8035.0
commissar severina raine,legendary creature — human soldier,rare,"Warhammer 40,000 Commander",40K,True,2022-10-07,2022,"['Leading from the Front', 'Summary Execution']",2,3.0,2.0,2.0,7.0,,"['B', 'W']",True,"Leading from the Front - Whenever Commissar Severina Raine attacks, each opponent loses X life, where X is the number of other attacking creatures.
Summary Execution - {2}, Sacrifice another creature: You gain 2 life and draw a card.",True,3006.0
commissar severina raine,legendary creature — human soldier,rare,"Warhammer 40,000 Commander",40K,True,2022-10-07,2022,"['Leading from the Front', 'Summary Execution']",2,3.0,2.0,2.0,7.0,,"['B', 'W']",True,"Leading from the Front - Whenever Commissar Severina Raine attacks, each opponent loses X life, where X is the number of other attacking creatures.
Summary Execution - {2}, Sacrifice another creature: You gain 2 life and draw a card.",True,3006.0
company commander,creature — human soldier,rare,"Warhammer 40,000 Commander",40K,True,2022-10-07,2022,"['Bring it Down!', 'Command Section']",2,4.0,2.0,4.0,10.0,,"['B', 'W']",True,"Command Section - When this creature enters, create a number of 1/1 white Soldier creature tokens equal to the number of opponents you have.
Bring it Down! - Whenever this creature attacks, creatures you control gain deathtouch until end of turn.",True,5432.0
company commander,creature — human soldier,rare,"Warhammer 40,000 Commander",40K,True,2022-10-07,2022,"['Bring it Down!', 'Command Section']",2,4.0,2.0,4.0,10.0,,"['B', 'W']",True,"Command Section - When this creature enters, create a number of 1/1 white Soldier creature tokens equal to the number of opponents you have.
Bring it Down! - Whenever this creature attacks, creatures you control gain deathtouch until end of turn.",True,5432.0
cybernetica datasmith,artifact creature — human artificer,rare,"Warhammer 40,000 Commander",40K,True,2022-10-07,2022,"['Field Reprogramming', 'Protection']",2,3.0,0.0,1.0,4.0,,"['B', 'U']",True,"Protection from Robots
Field Reprogramming - {U}, {T}: Target player draws a card. Another target player creates a 4/4 colorless Robot artifact creature token with ""This token can't block.""",True,15811.0
cybernetica datasmith,artifact creature — human artificer,rare,"Warhammer 40,000 Commander",40K,True,2022-10-07,2022,"['Field Reprogramming', 'Protection']",2,3.0,0.0,1.0,4.0,,"['B', 'U']",True,"Protection from Robots
Field Reprogramming - {U}, {T}: Target player draws a card. Another target player creates a 4/4 colorless Robot artifact creature token with ""This token can't block.""",True,15811.0
"deathleaper, terror weapon",legendary creature — tyranid,rare,"Warhammer 40,000 Commander",40K,True,2022-10-07,2022,"['Flash', 'Flesh Hooks', 'Haste']",3,4.0,3.0,3.0,10.0,,"['G', 'R']",True,"Flash
Haste
Flesh Hooks - Creatures you control that entered this turn have double strike.",True,10188.0
"deathleaper, terror weapon",legendary creature — tyranid,rare,"Warhammer 40,000 Commander",40K,True,2022-10-07,2022,"['Flash', 'Flesh Hooks', 'Haste']",3,4.0,3.0,3.0,10.0,,"['G', 'R']",True,"Flash
Haste
Flesh Hooks - Creatures you control that entered this turn have double strike.",True,10188.0
deny the witch,instant,uncommon,"Warhammer 40,000 Commander",40K,True,2022-10-07,2022,[],0,4.0,,,4.0,,"['B', 'U', 'W']",True,"Counter target spell, activated ability, or triggered ability. Its controller loses life equal to the number of creatures you control.",True,8725.0
deny the witch,instant,uncommon,"Warhammer 40,000 Commander",40K,True,2022-10-07,2022,[],0,4.0,,,4.0,,"['B', 'U', 'W']",True,"Counter target spell, activated ability, or triggered ability. Its controller loses life equal to the number of creatures you control.",True,8725.0
drach'nyen,legendary artifact — equipment,rare,"Warhammer 40,000 Commander",40K,True,2022-10-07,2022,"['Daemon Sword', 'Echo of the First Murder', 'Equip']",3,6.0,,,6.0,,"['B', 'R']",True,"Echo of the First Murder - When Drach'Nyen enters, exile up to one target creature.
Daemon Sword - Equipped creature has menace and gets +X/+0, where X is the exiled card's power.
Equip {2} ({2}: Attach to target creature you control. Equip only as a sorcery.)",True,11309.0
drach'nyen,legendary artifact — equipment,rare,"Warhammer 40,000 Commander",40K,True,2022-10-07,2022,"['Daemon Sword', 'Echo of the First Murder', 'Equip']",3,6.0,,,6.0,,"['B', 'R']",True,"Echo of the First Murder - When Drach'Nyen enters, exile up to one target creature.
Daemon Sword - Equipped creature has menace and gets +X/+0, where X is the exiled card's power.
Equip {2} ({2}: Attach to target creature you control. Equip only as a sorcery.)",True,11309.0
epistolary librarian,creature — astartes wizard,rare,"Warhammer 40,000 Commander",40K,True,2022-10-07,2022,['Veil of Time'],1,4.0,3.0,4.0,11.0,,"['U', 'W']",True,"Veil of Time - Whenever this creature attacks, you may cast a spell with mana value X or less from your hand without paying its mana cost, where X is the number of attacking creatures.",True,12766.0
epistolary librarian,creature — astartes wizard,rare,"Warhammer 40,000 Commander",40K,True,2022-10-07,2022,['Veil of Time'],1,4.0,3.0,4.0,11.0,,"['U', 'W']",True,"Veil of Time - Whenever this creature attacks, you may cast a spell with mana value X or less from your hand without paying its mana cost, where X is the number of attacking creatures.",True,12766.0
exalted flamer of tzeentch,creature — demon,rare,"Warhammer 40,000 Commander",40K,True,2022-10-07,2022,"['Fire of Tzeentch', 'Sorcerous Inspiration']",2,4.0,2.0,4.0,10.0,,"['R', 'U']",True,"Sorcerous Inspiration - At the beginning of your upkeep, return an instant or sorcery card at random from your graveyard to your hand.
Fire of Tzeentch - Whenever you cast an instant or sorcery spell, this creature deals 1 damage to each opponent.",True,2628.0
exalted flamer of tzeentch,creature — demon,rare,"Warhammer 40,000 Commander",40K,True,2022-10-07,2022,"['Fire of Tzeentch', 'Sorcerous Inspiration']",2,4.0,2.0,4.0,10.0,,"['R', 'U']",True,"Sorcerous Inspiration - At the beginning of your upkeep, return an instant or sorcery card at random from your graveyard to your hand.
Fire of Tzeentch - Whenever you cast an instant or sorcery spell, this creature deals 1 damage to each opponent.",True,2628.0
exterminatus,sorcery,rare,"Warhammer 40,000 Commander",40K,True,2022-10-07,2022,[],0,7.0,,,7.0,,"['B', 'W']",True,"Nonland permanents your opponents control lose indestructible until end of turn.
Destroy all nonland permanents.",True,9776.0
exterminatus,sorcery,rare,"Warhammer 40,000 Commander",40K,True,2022-10-07,2022,[],0,7.0,,,7.0,,"['B', 'W']",True,"Nonland permanents your opponents control lose indestructible until end of turn.
Destroy all nonland permanents.",True,9776.0
the first tyrannic war,enchantment — saga,rare,"Warhammer 40,000 Commander",40K,True,2022-10-07,2022,[],0,5.0,,,5.0,,"['G', 'R', 'U']",True,"(As this Saga enters and after your draw step, add a lore counter. Sacrifice after III.)
I - You may put a creature card from your hand onto the battlefield. If its mana cost contains {X}, it enters with a number of +1/+1 counters on it equal to the number of lands you control.
II, III - Double the number of each kind of counter on target creature you control.",True,9628.0
the first tyrannic war,enchantment — saga,rare,"Warhammer 40,000 Commander",40K,True,2022-10-07,2022,[],0,5.0,,,5.0,,"['G', 'R', 'U']",True,"(As this Saga enters and after your draw step, add a lore counter. Sacrifice after III.)
I - You may put a creature card from your hand onto the battlefield. If its mana cost contains {X}, it enters with a number of +1/+1 counters on it equal to the number of lands you control.
II, III - Double the number of each kind of counter on target creature you control.",True,9628.0
the flesh is weak,enchantment,rare,"Warhammer 40,000 Commander",40K,True,2022-10-07,2022,[],0,5.0,,,5.0,,"['B', 'U', 'W']",True,"When this enchantment enters, put a +1/+1 counter on each creature you control.
Creatures you control with +1/+1 counters on them are artifacts in addition to their other types.
Nonartifact creatures get -1/-1.",True,13985.0
the flesh is weak,enchantment,rare,"Warhammer 40,000 Commander",40K,True,2022-10-07,2022,[],0,5.0,,,5.0,,"['B', 'U', 'W']",True,"When this enchantment enters, put a +1/+1 counter on each creature you control.
Creatures you control with +1/+1 counters on them are artifacts in addition to their other types.
Nonartifact creatures get -1/-1.",True,13985.0
gargoyle flock,creature — tyranid gargoyle,rare,"Warhammer 40,000 Commander",40K,True,2022-10-07,2022,"['Flying', 'Skyswarm']",2,4.0,2.0,2.0,8.0,,"['G', 'U']",True,"Flying
Skyswarm - At the beginning of your end step, if a creature entered the battlefield under your control this turn, create a 1/1 blue Tyranid Gargoyle creature token with flying.",True,14646.0
gargoyle flock,creature — tyranid gargoyle,rare,"Warhammer 40,000 Commander",40K,True,2022-10-07,2022,"['Flying', 'Skyswarm']",2,4.0,2.0,2.0,8.0,,"['G', 'U']",True,"Flying
Skyswarm - At the beginning of your end step, if a creature entered the battlefield under your control this turn, create a 1/1 blue Tyranid Gargoyle creature token with flying.",True,14646.0
"ghyrson starn, kelermorph",legendary creature — tyranid human,rare,"Warhammer 40,000 Commander",40K,True,2022-10-07,2022,"['Three Autostubs', 'Ward']",2,3.0,3.0,2.0,8.0,,"['R', 'U']",True,"Ward {2} (Whenever this creature becomes the target of a spell or ability an opponent controls, counter it unless that player pays {2}.)
Three Autostubs - Whenever another source you control deals exactly 1 damage to a permanent or player, Ghyrson Starn deals 2 damage to that permanent or player.",True,3168.0
"ghyrson starn, kelermorph",legendary creature — tyranid human,rare,"Warhammer 40,000 Commander",40K,True,2022-10-07,2022,"['Three Autostubs', 'Ward']",2,3.0,3.0,2.0,8.0,,"['R', 'U']",True,"Ward {2} (Whenever this creature becomes the target of a spell or ability an opponent controls, counter it unless that player pays {2}.)
Three Autostubs - Whenever another source you control deals exactly 1 damage to a permanent or player, Ghyrson Starn deals 2 damage to that permanent or player.",True,3168.0
helbrute,artifact creature — astartes dreadnought,rare,"Warhammer 40,000 Commander",40K,True,2022-10-07,2022,['Haste'],1,5.0,5.0,4.0,14.0,,"['B', 'R']",True,"Haste
Sarcophagus - You may cast this card from your graveyard by exiling another creature card from your graveyard in addition to paying its other costs.",True,18283.0
helbrute,artifact creature — astartes dreadnought,rare,"Warhammer 40,000 Commander",40K,True,2022-10-07,2022,['Haste'],1,5.0,5.0,4.0,14.0,,"['B', 'R']",True,"Haste
Sarcophagus - You may cast this card from your graveyard by exiling another creature card from your graveyard in addition to paying its other costs.",True,18283.0
the horus heresy,enchantment — saga,rare,"Warhammer 40,000 Commander",40K,True,2022-10-07,2022,[],0,6.0,,,6.0,,"['B', 'R', 'U']",True,"(As this Saga enters and after your draw step, add a lore counter. Sacrifice after III.)
I - For each opponent, gain control of up to one target nonlegendary creature that player controls for as long as this Saga remains on the battlefield.
II - Draw a card for each creature you control but don't own.
III - Starting with you, each player chooses a creature. Destroy each creature chosen this way.",True,7916.0
the horus heresy,enchantment — saga,rare,"Warhammer 40,000 Commander",40K,True,2022-10-07,2022,[],0,6.0,,,6.0,,"['B', 'R', 'U']",True,"(As this Saga enters and after your draw step, add a lore counter. Sacrifice after III.)
I - For each opponent, gain control of up to one target nonlegendary creature that player controls for as long as this Saga remains on the battlefield.
II - Draw a card for each creature you control but don't own.
III - Starting with you, each player chooses a creature. Destroy each creature chosen this way.",True,7916.0
inquisitor eisenhorn,legendary creature — human inquisitor,rare,"Warhammer 40,000 Commander",40K,True,2022-10-07,2022,['Investigate'],1,4.0,2.0,3.0,9.0,,"['B', 'U']",True,"You may reveal the first card you draw each turn as you draw it. Whenever you reveal an instant or sorcery card this way, create Cherubael, a legendary 4/4 black Demon creature token with flying.
Whenever Inquisitor Eisenhorn deals combat damage to a player, investigate that many times. (Create a Clue token. It's an artifact with ""{2}, Sacrifice this token: Draw a card."")",True,11832.0
inquisitor eisenhorn,legendary creature — human inquisitor,rare,"Warhammer 40,000 Commander",40K,True,2022-10-07,2022,['Investigate'],1,4.0,2.0,3.0,9.0,,"['B', 'U']",True,"You may reveal the first card you draw each turn as you draw it. Whenever you reveal an instant or sorcery card this way, create Cherubael, a legendary 4/4 black Demon creature token with flying.
Whenever Inquisitor Eisenhorn deals combat damage to a player, investigate that many times. (Create a Clue token. It's an artifact with ""{2}, Sacrifice this token: Draw a card."")",True,11832.0
kill! maim! burn!,instant,rare,"Warhammer 40,000 Commander",40K,True,2022-10-07,2022,[],0,5.0,,,5.0,,"['B', 'R']",True,"Choose one or more -
• Destroy target artifact.
• Destroy target creature.
• Kill! Maim! Burn! deals 3 damage to target player.",True,9664.0
kill! maim! burn!,instant,rare,"Warhammer 40,000 Commander",40K,True,2022-10-07,2022,[],0,5.0,,,5.0,,"['B', 'R']",True,"Choose one or more -
• Destroy target artifact.
• Destroy target creature.
• Kill! Maim! Burn! deals 3 damage to target player.",True,9664.0
the lost and the damned,enchantment,uncommon,"Warhammer 40,000 Commander",40K,True,2022-10-07,2022,[],0,3.0,,,3.0,,"['R', 'U']",True,"Whenever a land you control enters from anywhere other than your hand or you cast a spell from anywhere other than your hand, create a 3/3 red Spawn creature token.",True,4678.0
the lost and the damned,enchantment,uncommon,"Warhammer 40,000 Commander",40K,True,2022-10-07,2022,[],0,3.0,,,3.0,,"['R', 'U']",True,"Whenever a land you control enters from anywhere other than your hand or you cast a spell from anywhere other than your hand, create a 3/3 red Spawn creature token.",True,4678.0
lucius the eternal,legendary creature — astartes warrior,rare,"Warhammer 40,000 Commander",40K,True,2022-10-07,2022,"['Armour of Shrieking Souls', 'Haste']",2,5.0,5.0,3.0,13.0,,"['B', 'R']",True,"Haste
Armour of Shrieking Souls - When Lucius the Eternal dies, exile it and choose target creature an opponent controls. When that creature leaves the battlefield, return this card from exile to the battlefield under its owner's control.",True,14868.0
lucius the eternal,legendary creature — astartes warrior,rare,"Warhammer 40,000 Commander",40K,True,2022-10-07,2022,"['Armour of Shrieking Souls', 'Haste']",2,5.0,5.0,3.0,13.0,,"['B', 'R']",True,"Haste
Armour of Shrieking Souls - When Lucius the Eternal dies, exile it and choose target creature an opponent controls. When that creature leaves the battlefield, return this card from exile to the battlefield under its owner's control.",True,14868.0
magnus the red,legendary creature — demon primarch,rare,"Warhammer 40,000 Commander",40K,True,2022-10-07,2022,"['Blade of Magnus', 'Flying', 'Unearthly Power']",3,5.0,4.0,5.0,14.0,,"['R', 'U']",True,"Flying
Unearthly Power - Instant and sorcery spells you cast cost {1} less to cast for each creature token you control.
Blade of Magnus - Whenever Magnus the Red deals combat damage to a player, create a 3/3 red Spawn creature token.",True,5489.0
magnus the red,legendary creature — demon primarch,rare,"Warhammer 40,000 Commander",40K,True,2022-10-07,2022,"['Blade of Magnus', 'Flying', 'Unearthly Power']",3,5.0,4.0,5.0,14.0,,"['R', 'U']",True,"Flying
Unearthly Power - Instant and sorcery spells you cast cost {1} less to cast for each creature token you control.
Blade of Magnus - Whenever Magnus the Red deals combat damage to a player, create a 3/3 red Spawn creature token.",True,5489.0
malanthrope,creature — tyranid,rare,"Warhammer 40,000 Commander",40K,True,2022-10-07,2022,"['Flying', 'Scavenge the Dead']",2,3.0,2.0,2.0,7.0,,"['G', 'U']",True,"Flying
Scavenge the Dead - When this creature enters, exile target player's graveyard. Put a +1/+1 counter on this creature for each creature card exiled this way.",True,10399.0
malanthrope,creature — tyranid,rare,"Warhammer 40,000 Commander",40K,True,2022-10-07,2022,"['Flying', 'Scavenge the Dead']",2,3.0,2.0,2.0,7.0,,"['G', 'U']",True,"Flying
Scavenge the Dead - When this creature enters, exile target player's graveyard. Put a +1/+1 counter on this creature for each creature card exiled this way.",True,10399.0
mawloc,creature — tyranid,rare,"Warhammer 40,000 Commander",40K,True,2022-10-07,2022,"['Fight', 'Ravenous', 'Terror from the Deep']",3,2.0,2.0,2.0,6.0,,"['G', 'R']",True,"Ravenous (This creature enters with X +1/+1 counters on it. If X is 5 or more, draw a card when it enters.)
Terror from the Deep - When this creature enters, it fights up to one target creature an opponent controls. If that creature would die this turn, exile it instead.",True,6279.0
mawloc,creature — tyranid,rare,"Warhammer 40,000 Commander",40K,True,2022-10-07,2022,"['Fight', 'Ravenous', 'Terror from the Deep']",3,2.0,2.0,2.0,6.0,,"['G', 'R']",True,"Ravenous (This creature enters with X +1/+1 counters on it. If X is 5 or more, draw a card when it enters.)
Terror from the Deep - When this creature enters, it fights up to one target creature an opponent controls. If that creature would die this turn, exile it instead.",True,6279.0
mutalith vortex beast,creature — mutant beast,rare,"Warhammer 40,000 Commander",40K,True,2022-10-07,2022,"['Trample', 'Warp Vortex']",2,6.0,6.0,6.0,18.0,,"['R', 'U']",True,"Trample
Warp Vortex - When this creature enters, flip a coin for each opponent you have. For each flip you win, draw a card. For each flip you lose, this creature deals 3 damage to that player.",True,9307.0
mutalith vortex beast,creature — mutant beast,rare,"Warhammer 40,000 Commander",40K,True,2022-10-07,2022,"['Trample', 'Warp Vortex']",2,6.0,6.0,6.0,18.0,,"['R', 'U']",True,"Trample
Warp Vortex - When this creature enters, flip a coin for each opponent you have. For each flip you win, draw a card. For each flip you lose, this creature deals 3 damage to that player.",True,9307.0
neyam shai murad,legendary creature — human rogue,rare,"Warhammer 40,000 Commander",40K,True,2022-10-07,2022,['Rogue Trader'],1,4.0,3.0,3.0,10.0,,"['B', 'W']",True,"Rogue Trader - Whenever Neyam Shai Murad deals combat damage to a player, you may have that player return target permanent card from their graveyard to their hand. If you do, that player chooses a permanent card in your graveyard, then you put it onto the battlefield under your control.",True,15435.0
neyam shai murad,legendary creature — human rogue,rare,"Warhammer 40,000 Commander",40K,True,2022-10-07,2022,['Rogue Trader'],1,4.0,3.0,3.0,10.0,,"['B', 'W']",True,"Rogue Trader - Whenever Neyam Shai Murad deals combat damage to a player, you may have that player return target permanent card from their graveyard to their hand. If you do, that player chooses a permanent card in your graveyard, then you put it onto the battlefield under your control.",True,15435.0
pink horror,creature — demon horror,rare,"Warhammer 40,000 Commander",40K,True,2022-10-07,2022,['Coruscating Flames'],1,5.0,4.0,4.0,13.0,,"['R', 'U']",True,"Coruscating Flames - Whenever you cast an instant or sorcery spell, this creature deals 2 damage to any target.
Split - When this creature dies, create two 2/2 blue and red Demon Horror creature tokens named Blue Horror with ""Whenever you cast an instant or sorcery spell, this token deals 1 damage to any target.""",True,8874.0
pink horror,creature — demon horror,rare,"Warhammer 40,000 Commander",40K,True,2022-10-07,2022,['Coruscating Flames'],1,5.0,4.0,4.0,13.0,,"['R', 'U']",True,"Coruscating Flames - Whenever you cast an instant or sorcery spell, this creature deals 2 damage to any target.
Split - When this creature dies, create two 2/2 blue and red Demon Horror creature tokens named Blue Horror with ""Whenever you cast an instant or sorcery spell, this token deals 1 damage to any target.""",True,8874.0
primaris chaplain,creature — astartes cleric,uncommon,"Warhammer 40,000 Commander",40K,True,2022-10-07,2022,"['Battle Cry', 'Rosarius']",2,4.0,3.0,3.0,10.0,,"['B', 'W']",True,"Battle cry (Whenever this creature attacks, each other attacking creature gets +1/+0 until end of turn.)
Rosarius - Whenever this creature attacks, it gains indestructible until end of turn.",True,14187.0
primaris chaplain,creature — astartes cleric,uncommon,"Warhammer 40,000 Commander",40K,True,2022-10-07,2022,"['Battle Cry', 'Rosarius']",2,4.0,3.0,3.0,10.0,,"['B', 'W']",True,"Battle cry (Whenever this creature attacks, each other attacking creature gets +1/+0 until end of turn.)
Rosarius - Whenever this creature attacks, it gains indestructible until end of turn.",True,14187.0
ravener,creature — tyranid,rare,"Warhammer 40,000 Commander",40K,True,2022-10-07,2022,"['Flash', 'Ravenous']",2,2.0,0.0,0.0,2.0,,"['G', 'U']",True,"Flash
Ravenous (This creature enters with X +1/+1 counters on it. If X is 5 or more, draw a card when it enters.)
When this creature enters, target creature attacks target opponent this turn if able.",True,9473.0
ravener,creature — tyranid,rare,"Warhammer 40,000 Commander",40K,True,2022-10-07,2022,"['Flash', 'Ravenous']",2,2.0,0.0,0.0,2.0,,"['G', 'U']",True,"Flash
Ravenous (This creature enters with X +1/+1 counters on it. If X is 5 or more, draw a card when it enters.)
When this creature enters, target creature attacks target opponent this turn if able.",True,9473.0
the ruinous powers,enchantment,rare,"Warhammer 40,000 Commander",40K,True,2022-10-07,2022,[],0,4.0,,,4.0,,"['B', 'R']",True,"At the beginning of your upkeep, choose an opponent at random. Exile the top card of that player's library. Until end of turn, you may play that card and you may spend mana as though it were mana of any color to cast it. When you cast a spell this way, its owner loses life equal to its mana value.",True,6649.0
the ruinous powers,enchantment,rare,"Warhammer 40,000 Commander",40K,True,2022-10-07,2022,[],0,4.0,,,4.0,,"['B', 'R']",True,"At the beginning of your upkeep, choose an opponent at random. Exile the top card of that player's library. Until end of turn, you may play that card and you may spend mana as though it were mana of any color to cast it. When you cast a spell this way, its owner loses life equal to its mana value.",True,6649.0
shadow in the warp,enchantment,rare,"Warhammer 40,000 Commander",40K,True,2022-10-07,2022,[],0,3.0,,,3.0,,"['G', 'R']",True,"The first creature spell you cast each turn costs {2} less to cast.
Whenever an opponent casts their first noncreature spell each turn, this enchantment deals 2 damage to that player.",True,2823.0
shadow in the warp,enchantment,rare,"Warhammer 40,000 Commander",40K,True,2022-10-07,2022,[],0,3.0,,,3.0,,"['G', 'R']",True,"The first creature spell you cast each turn costs {2} less to cast.
Whenever an opponent casts their first noncreature spell each turn, this enchantment deals 2 damage to that player.",True,2823.0
sister hospitaller,creature — human cleric,rare,"Warhammer 40,000 Commander",40K,True,2022-10-07,2022,['Medicus Ministorum'],1,6.0,3.0,2.0,11.0,,"['B', 'W']",True,"Medicus Ministorum - When this creature enters, return target creature card from your graveyard to the battlefield. You gain life equal to its mana value.",True,6462.0
sister hospitaller,creature — human cleric,rare,"Warhammer 40,000 Commander",40K,True,2022-10-07,2022,['Medicus Ministorum'],1,6.0,3.0,2.0,11.0,,"['B', 'W']",True,"Medicus Ministorum - When this creature enters, return target creature card from your graveyard to the battlefield. You gain life equal to its mana value.",True,6462.0
sister repentia,creature — human warrior,rare,"Warhammer 40,000 Commander",40K,True,2022-10-07,2022,"['Martyrdom', 'Miracle']",2,5.0,5.0,1.0,11.0,,"['B', 'W']",True,"Martyrdom - When this creature dies, you gain 2 life and draw two cards.
Miracle {W}{B} (You may cast this card for its miracle cost when you draw it if it's the first card you drew this turn.)",True,14999.0
sister repentia,creature — human warrior,rare,"Warhammer 40,000 Commander",40K,True,2022-10-07,2022,"['Martyrdom', 'Miracle']",2,5.0,5.0,1.0,11.0,,"['B', 'W']",True,"Martyrdom - When this creature dies, you gain 2 life and draw two cards.
Miracle {W}{B} (You may cast this card for its miracle cost when you draw it if it's the first card you drew this turn.)",True,14999.0
trygon prime,creature — tyranid,uncommon,"Warhammer 40,000 Commander",40K,True,2022-10-07,2022,['Subterranean Assault'],1,4.0,4.0,4.0,12.0,,"['G', 'U']",True,"Subterranean Assault - Whenever this creature attacks, put a +1/+1 counter on it and a +1/+1 counter on up to one other target attacking creature. That creature can't be blocked this turn.",True,10420.0
trygon prime,creature — tyranid,uncommon,"Warhammer 40,000 Commander",40K,True,2022-10-07,2022,['Subterranean Assault'],1,4.0,4.0,4.0,12.0,,"['G', 'U']",True,"Subterranean Assault - Whenever this creature attacks, put a +1/+1 counter on it and a +1/+1 counter on up to one other target attacking creature. That creature can't be blocked this turn.",True,10420.0
tyranid harridan,creature — tyranid,rare,"Warhammer 40,000 Commander",40K,True,2022-10-07,2022,"['Flying', 'Shrieking Gargoyles', 'Ward']",3,6.0,4.0,4.0,14.0,,"['G', 'U']",True,"Flying, ward {4}
Shrieking Gargoyles - Whenever this creature or another Tyranid you control deals combat damage to a player, create a 1/1 blue Tyranid Gargoyle creature token with flying.",True,13454.0
tyranid harridan,creature — tyranid,rare,"Warhammer 40,000 Commander",40K,True,2022-10-07,2022,"['Flying', 'Shrieking Gargoyles', 'Ward']",3,6.0,4.0,4.0,14.0,,"['G', 'U']",True,"Flying, ward {4}
Shrieking Gargoyles - Whenever this creature or another Tyranid you control deals combat damage to a player, create a 1/1 blue Tyranid Gargoyle creature token with flying.",True,13454.0
tyranid prime,creature — tyranid,rare,"Warhammer 40,000 Commander",40K,True,2022-10-07,2022,"['Evolve', 'Synapse Creature']",2,3.0,0.0,4.0,7.0,,"['G', 'U']",True,"Evolve (Whenever a creature you control enters, if that creature has greater power or toughness than this creature, put a +1/+1 counter on this creature.)
Synapse Creature - Other creatures you control have evolve.",True,8657.0
tyranid prime,creature — tyranid,rare,"Warhammer 40,000 Commander",40K,True,2022-10-07,2022,"['Evolve', 'Synapse Creature']",2,3.0,0.0,4.0,7.0,,"['G', 'U']",True,"Evolve (Whenever a creature you control enters, if that creature has greater power or toughness than this creature, put a +1/+1 counter on this creature.)
Synapse Creature - Other creatures you control have evolve.",True,8657.0
tzaangor shaman,creature — mutant shaman,rare,"Warhammer 40,000 Commander",40K,True,2022-10-07,2022,"['Flying', 'Sorcerous Elixir']",2,4.0,3.0,3.0,10.0,,"['R', 'U']",True,"Flying
Sorcerous Elixir - Whenever this creature deals combat damage to a player, copy the next instant or sorcery spell you cast this turn when you cast it. You may choose new targets for the copy.",True,14033.0
tzaangor shaman,creature — mutant shaman,rare,"Warhammer 40,000 Commander",40K,True,2022-10-07,2022,"['Flying', 'Sorcerous Elixir']",2,4.0,3.0,3.0,10.0,,"['R', 'U']",True,"Flying
Sorcerous Elixir - Whenever this creature deals combat damage to a player, copy the next instant or sorcery spell you cast this turn when you cast it. You may choose new targets for the copy.",True,14033.0
venomthrope,creature — tyranid,uncommon,"Warhammer 40,000 Commander",40K,True,2022-10-07,2022,"['Deathtouch', 'Flying', 'Hexproof']",3,3.0,2.0,2.0,7.0,,"['G', 'U']",True,"Flying, deathtouch, hexproof",True,6640.0
venomthrope,creature — tyranid,uncommon,"Warhammer 40,000 Commander",40K,True,2022-10-07,2022,"['Deathtouch', 'Flying', 'Hexproof']",3,3.0,2.0,2.0,7.0,,"['G', 'U']",True,"Flying, deathtouch, hexproof",True,6640.0
winged hive tyrant,creature — tyranid,rare,"Warhammer 40,000 Commander",40K,True,2022-10-07,2022,"['Flying', 'Haste', 'The Will of the Hive Mind']",3,5.0,4.0,4.0,13.0,,"['R', 'U']",True,"Flying, haste
The Will of the Hive Mind - Other creatures you control with counters on them have flying and haste.",True,5811.0
winged hive tyrant,creature — tyranid,rare,"Warhammer 40,000 Commander",40K,True,2022-10-07,2022,"['Flying', 'Haste', 'The Will of the Hive Mind']",3,5.0,4.0,4.0,13.0,,"['R', 'U']",True,"Flying, haste
The Will of the Hive Mind - Other creatures you control with counters on them have flying and haste.",True,5811.0
zoanthrope,creature — tyranid,rare,"Warhammer 40,000 Commander",40K,True,2022-10-07,2022,"['Flying', 'Ravenous', 'Ward', 'Warp Blast']",4,2.0,0.0,0.0,2.0,,"['R', 'U']",True,"Ravenous (This creature enters with X +1/+1 counters on it. If X is 5 or more, draw a card when it enters.)
Flying, ward {2}
Warp Blast - When this creature enters, it deals X damage to any target.",True,6109.0
zoanthrope,creature — tyranid,rare,"Warhammer 40,000 Commander",40K,True,2022-10-07,2022,"['Flying', 'Ravenous', 'Ward', 'Warp Blast']",4,2.0,0.0,0.0,2.0,,"['R', 'U']",True,"Ravenous (This creature enters with X +1/+1 counters on it. If X is 5 or more, draw a card when it enters.)
Flying, ward {2}
Warp Blast - When this creature enters, it deals X damage to any target.",True,6109.0
canoptek scarab swarm,artifact creature — insect,rare,"Warhammer 40,000 Commander",40K,True,2022-10-07,2022,"['Feeder Mandibles', 'Flying']",2,4.0,1.0,1.0,6.0,,[],False,"Flying
Feeder Mandibles - When this creature enters, exile target player's graveyard. For each artifact or land card exiled this way, create a 1/1 colorless Insect artifact creature token with flying.",True,3575.0
canoptek scarab swarm,artifact creature — insect,rare,"Warhammer 40,000 Commander",40K,True,2022-10-07,2022,"['Feeder Mandibles', 'Flying']",2,4.0,1.0,1.0,6.0,,[],False,"Flying
Feeder Mandibles - When this creature enters, exile target player's graveyard. For each artifact or land card exiled this way, create a 1/1 colorless Insect artifact creature token with flying.",True,3575.0
canoptek spyder,artifact creature — spider,rare,"Warhammer 40,000 Commander",40K,True,2022-10-07,2022,"['Fabricator Claw Array', 'Flying']",2,5.0,4.0,4.0,13.0,,[],False,"Flying
Fabricator Claw Array - Whenever another nontoken artifact creature or Vehicle you control enters, draw a card.",True,3065.0
canoptek spyder,artifact creature — spider,rare,"Warhammer 40,000 Commander",40K,True,2022-10-07,2022,"['Fabricator Claw Array', 'Flying']",2,5.0,4.0,4.0,13.0,,[],False,"Flying
Fabricator Claw Array - Whenever another nontoken artifact creature or Vehicle you control enters, draw a card.",True,3065.0
canoptek tomb sentinel,artifact creature — insect,rare,"Warhammer 40,000 Commander",40K,True,2022-10-07,2022,"['Exile Cannon', 'Unearth', 'Vigilance']",3,4.0,4.0,3.0,11.0,,[],False,"Vigilance
Exile Cannon - When this creature enters from a graveyard, exile up to one target nonland permanent.
Unearth {7} ({7}: Return this card from your graveyard to the battlefield. It gains haste. Exile it at the beginning of the next end step or if it would leave the battlefield. Unearth only as a sorcery.)",True,6734.0
canoptek tomb sentinel,artifact creature — insect,rare,"Warhammer 40,000 Commander",40K,True,2022-10-07,2022,"['Exile Cannon', 'Unearth', 'Vigilance']",3,4.0,4.0,3.0,11.0,,[],False,"Vigilance
Exile Cannon - When this creature enters from a graveyard, exile up to one target nonland permanent.
Unearth {7} ({7}: Return this card from your graveyard to the battlefield. It gains haste. Exile it at the beginning of the next end step or if it would leave the battlefield. Unearth only as a sorcery.)",True,6734.0
canoptek wraith,artifact creature — wraith,rare,"Warhammer 40,000 Commander",40K,True,2022-10-07,2022,"['Transdimensional Scout', 'Wraith Form']",2,3.0,2.0,1.0,6.0,,[],False,"Wraith Form - This creature can't be blocked.
Transdimensional Scout - When this creature deals combat damage to a player, you may pay {3} and sacrifice it. If you do, choose a land you control. Then search your library for up to two basic land cards which have the same name as the chosen land, put them onto the battlefield tapped, then shuffle.",True,5914.0
canoptek wraith,artifact creature — wraith,rare,"Warhammer 40,000 Commander",40K,True,2022-10-07,2022,"['Transdimensional Scout', 'Wraith Form']",2,3.0,2.0,1.0,6.0,,[],False,"Wraith Form - This creature can't be blocked.
Transdimensional Scout - When this creature deals combat damage to a player, you may pay {3} and sacrifice it. If you do, choose a land you control. Then search your library for up to two basic land cards which have the same name as the chosen land, put them onto the battlefield tapped, then shuffle.",True,5914.0
convergence of dominion,artifact,rare,"Warhammer 40,000 Commander",40K,True,2022-10-07,2022,"['Dynastic Command Node', 'Mill', 'Translocation Protocols']",3,3.0,,,3.0,,[],False,"Dynastic Command Node - As long as you control your commander, activated abilities of cards in your graveyard cost {2} less to activate. This effect can't reduce the mana in that ability's activation cost to less than one mana.
Translocation Protocols - {3}, {T}: Mill three cards.",True,10625.0
convergence of dominion,artifact,rare,"Warhammer 40,000 Commander",40K,True,2022-10-07,2022,"['Dynastic Command Node', 'Mill', 'Translocation Protocols']",3,3.0,,,3.0,,[],False,"Dynastic Command Node - As long as you control your commander, activated abilities of cards in your graveyard cost {2} less to activate. This effect can't reduce the mana in that ability's activation cost to less than one mana.
Translocation Protocols - {3}, {T}: Mill three cards.",True,10625.0
cryptothrall,artifact creature — construct,rare,"Warhammer 40,000 Commander",40K,True,2022-10-07,2022,['Protector'],1,4.0,3.0,3.0,10.0,,[],False,Protector - Other artifact creatures you control have hexproof.,True,2854.0
cryptothrall,artifact creature — construct,rare,"Warhammer 40,000 Commander",40K,True,2022-10-07,2022,['Protector'],1,4.0,3.0,3.0,10.0,,[],False,Protector - Other artifact creatures you control have hexproof.,True,2854.0
ghost ark,artifact — vehicle,rare,"Warhammer 40,000 Commander",40K,True,2022-10-07,2022,"['Crew', 'Flying', 'Repair Barge']",3,4.0,3.0,3.0,10.0,,[],False,"Flying
Repair Barge - Whenever this Vehicle becomes crewed, each artifact creature card in your graveyard gains unearth {3} until end of turn.
Crew 2 (Tap any number of creatures you control with total power 2 or more: This Vehicle becomes an artifact creature until end of turn.)",True,12389.0
ghost ark,artifact — vehicle,rare,"Warhammer 40,000 Commander",40K,True,2022-10-07,2022,"['Crew', 'Flying', 'Repair Barge']",3,4.0,3.0,3.0,10.0,,[],False,"Flying
Repair Barge - Whenever this Vehicle becomes crewed, each artifact creature card in your graveyard gains unearth {3} until end of turn.
Crew 2 (Tap any number of creatures you control with total power 2 or more: This Vehicle becomes an artifact creature until end of turn.)",True,12389.0
the golden throne,legendary artifact,rare,"Warhammer 40,000 Commander",40K,True,2022-10-07,2022,"['A Thousand Souls Die Every Day', 'Arcane Life-support']",2,4.0,,,4.0,,[],False,"Arcane Life-support - If you would lose the game, instead exile The Golden Throne and your life total becomes 1.
A Thousand Souls Die Every Day - {T}, Sacrifice a creature: Add three mana in any combination of colors.",True,4029.0
the golden throne,legendary artifact,rare,"Warhammer 40,000 Commander",40K,True,2022-10-07,2022,"['A Thousand Souls Die Every Day', 'Arcane Life-support']",2,4.0,,,4.0,,[],False,"Arcane Life-support - If you would lose the game, instead exile The Golden Throne and your life total becomes 1.
A Thousand Souls Die Every Day - {T}, Sacrifice a creature: Add three mana in any combination of colors.",True,4029.0
goliath truck,artifact — vehicle,uncommon,"Warhammer 40,000 Commander",40K,True,2022-10-07,2022,"['Crew', 'Stowage']",2,4.0,4.0,4.0,12.0,,[],False,"Stowage - Whenever this Vehicle attacks, put two +1/+1 counters on another target attacking creature.
Crew 2 (Tap any number of creatures you control with total power 2 or more: This Vehicle becomes an artifact creature until end of turn.)",True,12661.0
goliath truck,artifact — vehicle,uncommon,"Warhammer 40,000 Commander",40K,True,2022-10-07,2022,"['Crew', 'Stowage']",2,4.0,4.0,4.0,12.0,,[],False,"Stowage - Whenever this Vehicle attacks, put two +1/+1 counters on another target attacking creature.
Crew 2 (Tap any number of creatures you control with total power 2 or more: This Vehicle becomes an artifact creature until end of turn.)",True,12661.0
inquisitorial rosette,artifact — equipment,rare,"Warhammer 40,000 Commander",40K,True,2022-10-07,2022,"['Equip', 'Inquisition Agents']",2,2.0,,,2.0,,[],False,"Inquisition Agents - Whenever equipped creature attacks, create a 2/2 white Astartes Warrior creature token with vigilance that's attacking. Then attacking creatures gain menace until end of turn.
Equip {3} ({3}: Attach to target creature you control. Equip only as a sorcery.)",True,6211.0
inquisitorial rosette,artifact — equipment,rare,"Warhammer 40,000 Commander",40K,True,2022-10-07,2022,"['Equip', 'Inquisition Agents']",2,2.0,,,2.0,,[],False,"Inquisition Agents - Whenever equipped creature attacks, create a 2/2 white Astartes Warrior creature token with vigilance that's attacking. Then attacking creatures gain menace until end of turn.
Equip {3} ({3}: Attach to target creature you control. Equip only as a sorcery.)",True,6211.0
knight paladin,artifact — vehicle,rare,"Warhammer 40,000 Commander",40K,True,2022-10-07,2022,"['Crew', 'Rapid-fire Battle Cannon', 'Trample']",3,5.0,6.0,6.0,17.0,,[],False,"Trample
Rapid-fire Battle Cannon - When this Vehicle enters, it deals 4 damage to each opponent.
Crew 1 (Tap any number of creatures you control with total power 1 or more: This Vehicle becomes an artifact creature until end of turn.)",True,5313.0
knight paladin,artifact — vehicle,rare,"Warhammer 40,000 Commander",40K,True,2022-10-07,2022,"['Crew', 'Rapid-fire Battle Cannon', 'Trample']",3,5.0,6.0,6.0,17.0,,[],False,"Trample
Rapid-fire Battle Cannon - When this Vehicle enters, it deals 4 damage to each opponent.
Crew 1 (Tap any number of creatures you control with total power 1 or more: This Vehicle becomes an artifact creature until end of turn.)",True,5313.0
necron monolith,artifact — vehicle,rare,"Warhammer 40,000 Commander",40K,True,2022-10-07,2022,"['Crew', 'Eternity Gate', 'Flying', 'Indestructible', 'Mill']",5,7.0,7.0,7.0,21.0,,[],False,"Flying, indestructible
Eternity Gate - Whenever this Vehicle attacks, mill three cards. For each creature card milled this way, create a 2/2 black Necron Warrior artifact creature token.
Crew 4 (Tap any number of creatures you control with total power 4 or more: This Vehicle becomes an artifact creature until end of turn.)",True,10351.0
necron monolith,artifact — vehicle,rare,"Warhammer 40,000 Commander",40K,True,2022-10-07,2022,"['Crew', 'Eternity Gate', 'Flying', 'Indestructible', 'Mill']",5,7.0,7.0,7.0,21.0,,[],False,"Flying, indestructible
Eternity Gate - Whenever this Vehicle attacks, mill three cards. For each creature card milled this way, create a 2/2 black Necron Warrior artifact creature token.
Crew 4 (Tap any number of creatures you control with total power 4 or more: This Vehicle becomes an artifact creature until end of turn.)",True,10351.0
night scythe,artifact — vehicle,uncommon,"Warhammer 40,000 Commander",40K,True,2022-10-07,2022,"['Crew', 'Flying', 'Invasion Beams']",3,3.0,3.0,1.0,7.0,,[],False,"Flying
Invasion Beams - When this Vehicle enters, create a 2/2 black Necron Warrior artifact creature token.
Crew 2 (Tap any number of creatures you control with total power 2 or more: This Vehicle becomes an artifact creature until end of turn.)",True,12295.0
night scythe,artifact — vehicle,uncommon,"Warhammer 40,000 Commander",40K,True,2022-10-07,2022,"['Crew', 'Flying', 'Invasion Beams']",3,3.0,3.0,1.0,7.0,,[],False,"Flying
Invasion Beams - When this Vehicle enters, create a 2/2 black Necron Warrior artifact creature token.
Crew 2 (Tap any number of creatures you control with total power 2 or more: This Vehicle becomes an artifact creature until end of turn.)",True,12295.0
reaver titan,artifact — vehicle,rare,"Warhammer 40,000 Commander",40K,True,2022-10-07,2022,"['Crew', 'Gatling Blaster', 'Protection', 'Void Shields']",4,7.0,10.0,10.0,27.0,,[],False,"Void Shields - Protection from mana value 3 or less
Gatling Blaster - Whenever this Vehicle attacks, it deals 5 damage to each opponent.
Crew 4 (Tap any number of creatures you control with total power 4 or more: This Vehicle becomes an artifact creature until end of turn.)",True,2981.0
reaver titan,artifact — vehicle,rare,"Warhammer 40,000 Commander",40K,True,2022-10-07,2022,"['Crew', 'Gatling Blaster', 'Protection', 'Void Shields']",4,7.0,10.0,10.0,27.0,,[],False,"Void Shields - Protection from mana value 3 or less
Gatling Blaster - Whenever this Vehicle attacks, it deals 5 damage to each opponent.
Crew 4 (Tap any number of creatures you control with total power 4 or more: This Vehicle becomes an artifact creature until end of turn.)",True,2981.0
redemptor dreadnought,artifact creature — astartes dreadnought,rare,"Warhammer 40,000 Commander",40K,True,2022-10-07,2022,"['Fallen Warrior', 'Plasma Incinerator', 'Trample']",3,5.0,4.0,4.0,13.0,,[],False,"Fallen Warrior - As an additional cost to cast this spell, you may exile a creature card from your graveyard.
Trample
Plasma Incinerator - Whenever this creature attacks, if a card is exiled with it, it gets +X/+X until end of turn, where X is the power of the exiled card.",True,16320.0
redemptor dreadnought,artifact creature — astartes dreadnought,rare,"Warhammer 40,000 Commander",40K,True,2022-10-07,2022,"['Fallen Warrior', 'Plasma Incinerator', 'Trample']",3,5.0,4.0,4.0,13.0,,[],False,"Fallen Warrior - As an additional cost to cast this spell, you may exile a creature card from your graveyard.
Trample
Plasma Incinerator - Whenever this creature attacks, if a card is exiled with it, it gets +X/+X until end of turn, where X is the power of the exiled card.",True,16320.0
resurrection orb,artifact — equipment,rare,"Warhammer 40,000 Commander",40K,True,2022-10-07,2022,['Equip'],1,2.0,,,2.0,,[],False,"Equipped creature has lifelink.
Whenever equipped creature dies, return that card to the battlefield under its owner's control at the beginning of the next end step.
Equip {4} ({4}: Attach to target creature you control. Equip only as a sorcery.)",True,3877.0
resurrection orb,artifact — equipment,rare,"Warhammer 40,000 Commander",40K,True,2022-10-07,2022,['Equip'],1,2.0,,,2.0,,[],False,"Equipped creature has lifelink.
Whenever equipped creature dies, return that card to the battlefield under its owner's control at the beginning of the next end step.
Equip {4} ({4}: Attach to target creature you control. Equip only as a sorcery.)",True,3877.0
sceptre of eternal glory,legendary artifact,rare,"Warhammer 40,000 Commander",40K,True,2022-10-07,2022,[],0,4.0,,,4.0,,[],False,"{T}: Add one mana of any color.
{T}: Add three mana of any one color. Activate only if you control three or more lands with the same name.",True,2056.0
sceptre of eternal glory,legendary artifact,rare,"Warhammer 40,000 Commander",40K,True,2022-10-07,2022,[],0,4.0,,,4.0,,[],False,"{T}: Add one mana of any color.
{T}: Add three mana of any one color. Activate only if you control three or more lands with the same name.",True,2056.0
thunderhawk gunship,artifact — vehicle,rare,"Warhammer 40,000 Commander",40K,True,2022-10-07,2022,"['Crew', 'Flying']",2,6.0,6.0,6.0,18.0,,[],False,"Flying
When this Vehicle enters, create two 2/2 white Astartes Warrior creature tokens with vigilance.
Whenever this Vehicle attacks, attacking creatures you control gain flying until end of turn.
Crew 2",True,3271.0
thunderhawk gunship,artifact — vehicle,rare,"Warhammer 40,000 Commander",40K,True,2022-10-07,2022,"['Crew', 'Flying']",2,6.0,6.0,6.0,18.0,,[],False,"Flying
When this Vehicle enters, create two 2/2 white Astartes Warrior creature tokens with vigilance.
Whenever this Vehicle attacks, attacking creatures you control gain flying until end of turn.
Crew 2",True,3271.0
tomb fortress,land,rare,"Warhammer 40,000 Commander",40K,True,2022-10-07,2022,['Mill'],1,0.0,,,0.0,,[],False,"This land enters tapped.
{T}: Add {B}.
{2}{B}{B}{B}, {T}, Exile this land: Mill four cards, then return a creature card from your graveyard to the battlefield. Activate only as a sorcery.",True,4130.0
tomb fortress,land,rare,"Warhammer 40,000 Commander",40K,True,2022-10-07,2022,['Mill'],1,0.0,,,0.0,,[],False,"This land enters tapped.
{T}: Add {B}.
{2}{B}{B}{B}, {T}, Exile this land: Mill four cards, then return a creature card from your graveyard to the battlefield. Activate only as a sorcery.",True,4130.0
imotekh the stormlord,legendary artifact creature — necron,mythic,"Warhammer 40,000 Commander",40K,True,2022-10-07,2022,"['Grand Strategist', 'Phaeron']",2,4.0,3.0,3.0,10.0,,['B'],False,"Phaeron - Whenever one or more artifact cards leave your graveyard, create two 2/2 black Necron Warrior artifact creature tokens.
Grand Strategist - At the beginning of combat on your turn, another target artifact creature you control gets +2/+2 and gains menace until end of turn.",True,4511.0
"szarekh, the silent king",legendary artifact creature — necron,mythic,"Warhammer 40,000 Commander",40K,True,2022-10-07,2022,"['Flying', 'Mill', 'My Will Be Done']",3,4.0,3.0,4.0,11.0,,['B'],False,"Flying
My Will Be Done - Whenever Szarekh, the Silent King attacks, mill three cards. You may put an artifact creature card or Vehicle card from among the cards milled this way into your hand.",True,9296.0
abaddon the despoiler,legendary creature — astartes warrior,mythic,"Warhammer 40,000 Commander",40K,True,2022-10-07,2022,"['Mark of Chaos Ascendant', 'Trample']",2,5.0,5.0,5.0,15.0,,"['B', 'R', 'U']",True,"Trample
Mark of Chaos Ascendant - During your turn, spells you cast from your hand with mana value X or less have cascade, where X is the total amount of life your opponents have lost this turn.",True,8037.0
"be'lakor, the dark master",legendary creature — demon noble,mythic,"Warhammer 40,000 Commander",40K,True,2022-10-07,2022,"['Flying', 'Lord of Torment', 'Prince of Chaos']",3,6.0,6.0,5.0,17.0,,"['B', 'R', 'U']",True,"Flying
Prince of Chaos - When Be'lakor, the Dark Master enters, you draw X cards and you lose X life, where X is the number of Demons you control.
Lord of Torment - Whenever another Demon you control enters, it deals damage equal to its power to any target.",True,6757.0
inquisitor greyfax,legendary creature — human inquisitor,mythic,"Warhammer 40,000 Commander",40K,True,2022-10-07,2022,"['Hunt for Heresy', 'Investigate', 'Unquestionable Wisdom', 'Vigilance']",4,4.0,3.0,3.0,10.0,,"['B', 'U', 'W']",True,"Vigilance
Unquestionable Wisdom - Other creatures you control get +1/+0 and have vigilance.
Hunt for Heresy - {1}, {T}: Tap target creature an opponent controls. Investigate. (Create a Clue token. It's an artifact with ""{2}, Sacrifice this artifact: Draw a card."")",True,8812.0
magus lucea kane,legendary creature — human tyranid wizard,mythic,"Warhammer 40,000 Commander",40K,True,2022-10-07,2022,"['Psychic Stimulus', 'Spiritual Leader']",2,4.0,1.0,1.0,6.0,,"['G', 'R', 'U']",True,"Spiritual Leader - At the beginning of combat on your turn, put a +1/+1 counter on target creature.
Psychic Stimulus - {T}: Add {C}{C}. When you next cast a spell with {X} in its mana cost or activate an ability with {X} in its activation cost this turn, copy that spell or ability. You may choose new targets for the copy. (A copy of a permanent spell becomes a token.)",True,6118.0
marneus calgar,legendary creature — astartes warrior,mythic,"Warhammer 40,000 Commander",40K,True,2022-10-07,2022,"['Chapter Master', 'Double strike', 'Master Tactician']",3,5.0,3.0,5.0,13.0,,"['B', 'U', 'W']",True,"Double strike
Master Tactician - Whenever one or more tokens you control enter, draw a card.
Chapter Master - {6}: Create two 2/2 white Astartes Warrior creature tokens with vigilance.",True,4814.0
the swarmlord,legendary creature — tyranid,mythic,"Warhammer 40,000 Commander",40K,True,2022-10-07,2022,"['Rapid Regeneration', 'Xenos Cunning']",2,6.0,5.0,5.0,16.0,,"['G', 'R', 'U']",True,"Rapid Regeneration - The Swarmlord enters with two +1/+1 counters on it for each time you've cast your commander from the command zone this game.
Xenos Cunning - Whenever a creature you control with a counter on it dies, draw a card.",True,12038.0
"szarekh, the silent king",legendary artifact creature — necron,mythic,"Warhammer 40,000 Commander",40K,True,2022-10-07,2022,"['Flying', 'Mill', 'My Will Be Done']",3,4.0,3.0,4.0,11.0,,['B'],False,"Flying
My Will Be Done - Whenever Szarekh, the Silent King attacks, mill three cards. You may put an artifact creature card or Vehicle card from among the cards milled this way into your hand.",True,9296.0
abaddon the despoiler,legendary creature — astartes warrior,mythic,"Warhammer 40,000 Commander",40K,True,2022-10-07,2022,"['Mark of Chaos Ascendant', 'Trample']",2,5.0,5.0,5.0,15.0,,"['B', 'R', 'U']",True,"Trample
Mark of Chaos Ascendant - During your turn, spells you cast from your hand with mana value X or less have cascade, where X is the total amount of life your opponents have lost this turn.",True,8037.0
inquisitor greyfax,legendary creature — human inquisitor,mythic,"Warhammer 40,000 Commander",40K,True,2022-10-07,2022,"['Hunt for Heresy', 'Investigate', 'Unquestionable Wisdom', 'Vigilance']",4,4.0,3.0,3.0,10.0,,"['B', 'U', 'W']",True,"Vigilance
Unquestionable Wisdom - Other creatures you control get +1/+0 and have vigilance.
Hunt for Heresy - {1}, {T}: Tap target creature an opponent controls. Investigate. (Create a Clue token. It's an artifact with ""{2}, Sacrifice this artifact: Draw a card."")",True,8812.0
the swarmlord,legendary creature — tyranid,mythic,"Warhammer 40,000 Commander",40K,True,2022-10-07,2022,"['Rapid Regeneration', 'Xenos Cunning']",2,6.0,5.0,5.0,16.0,,"['G', 'R', 'U']",True,"Rapid Regeneration - The Swarmlord enters with two +1/+1 counters on it for each time you've cast your commander from the command zone this game.
Xenos Cunning - Whenever a creature you control with a counter on it dies, draw a card.",True,12038.0
fabricate,sorcery,rare,"Warhammer 40,000 Commander",40K,True,2022-10-07,2022,[],0,3.0,,,3.0,,['U'],False,"Search your library for an artifact card, reveal it, put it into your hand, then shuffle.",True,461.0
bastion protector,creature — human soldier,rare,"Warhammer 40,000 Commander",40K,True,2022-10-07,2022,[],0,3.0,3.0,3.0,9.0,,['W'],False,Commander creatures you control get +2/+2 and have indestructible.,True,1001.0
bastion protector,creature — human soldier,rare,"Warhammer 40,000 Commander",40K,True,2022-10-07,2022,[],0,3.0,3.0,3.0,9.0,,['W'],False,Commander creatures you control get +2/+2 and have indestructible.,True,1001.0
collective effort,sorcery,rare,"Warhammer 40,000 Commander",40K,True,2022-10-07,2022,['Escalate'],1,3.0,,,3.0,,['W'],False,"Escalate-Tap an untapped creature you control. (Pay this cost for each mode chosen beyond the first.)
Choose one or more -
• Destroy target creature with power 4 or greater.
• Destroy target enchantment.
• Put a +1/+1 counter on each creature target player controls.",True,3290.0
collective effort,sorcery,rare,"Warhammer 40,000 Commander",40K,True,2022-10-07,2022,['Escalate'],1,3.0,,,3.0,,['W'],False,"Escalate-Tap an untapped creature you control. (Pay this cost for each mode chosen beyond the first.)
Choose one or more -
• Destroy target creature with power 4 or greater.
• Destroy target enchantment.
• Put a +1/+1 counter on each creature target player controls.",True,3290.0
deploy to the front,sorcery,rare,"Warhammer 40,000 Commander",40K,True,2022-10-07,2022,[],0,7.0,,,7.0,,['W'],False,"Create X 1/1 white Soldier creature tokens, where X is the number of creatures on the battlefield.",True,5976.0
deploy to the front,sorcery,rare,"Warhammer 40,000 Commander",40K,True,2022-10-07,2022,[],0,7.0,,,7.0,,['W'],False,"Create X 1/1 white Soldier creature tokens, where X is the number of creatures on the battlefield.",True,5976.0
entrapment maneuver,instant,rare,"Warhammer 40,000 Commander",40K,True,2022-10-07,2022,[],0,4.0,,,4.0,,['W'],False,"Target player sacrifices an attacking creature of their choice. You create X 1/1 white Soldier creature tokens, where X is that creature's toughness.",True,4372.0
entrapment maneuver,instant,rare,"Warhammer 40,000 Commander",40K,True,2022-10-07,2022,[],0,4.0,,,4.0,,['W'],False,"Target player sacrifices an attacking creature of their choice. You create X 1/1 white Soldier creature tokens, where X is that creature's toughness.",True,4372.0
fell the mighty,sorcery,rare,"Warhammer 40,000 Commander",40K,True,2022-10-07,2022,[],0,5.0,,,5.0,,['W'],False,Destroy all creatures with power greater than target creature's power.,True,1379.0
fell the mighty,sorcery,rare,"Warhammer 40,000 Commander",40K,True,2022-10-07,2022,[],0,5.0,,,5.0,,['W'],False,Destroy all creatures with power greater than target creature's power.,True,1379.0
hour of reckoning,sorcery,rare,"Warhammer 40,000 Commander",40K,True,2022-10-07,2022,['Convoke'],1,7.0,,,7.0,,['W'],False,"Convoke (Your creatures can help cast this spell. Each creature you tap while casting this spell pays for {1} or one mana of that creature's color.)
Destroy all nontoken creatures.",True,916.0
hour of reckoning,sorcery,rare,"Warhammer 40,000 Commander",40K,True,2022-10-07,2022,['Convoke'],1,7.0,,,7.0,,['W'],False,"Convoke (Your creatures can help cast this spell. Each creature you tap while casting this spell pays for {1} or one mana of that creature's color.)
Destroy all nontoken creatures.",True,916.0
launch the fleet,sorcery,rare,"Warhammer 40,000 Commander",40K,True,2022-10-07,2022,['Strive'],1,1.0,,,1.0,,['W'],False,"Strive - This spell costs {1} more to cast for each target beyond the first.
Until end of turn, any number of target creatures each gain ""Whenever this creature attacks, create a 1/1 white Soldier creature token that's tapped and attacking.""",True,7234.0
launch the fleet,sorcery,rare,"Warhammer 40,000 Commander",40K,True,2022-10-07,2022,['Strive'],1,1.0,,,1.0,,['W'],False,"Strive - This spell costs {1} more to cast for each target beyond the first.
Until end of turn, any number of target creatures each gain ""Whenever this creature attacks, create a 1/1 white Soldier creature token that's tapped and attacking.""",True,7234.0
martial coup,sorcery,rare,"Warhammer 40,000 Commander",40K,True,2022-10-07,2022,[],0,2.0,,,2.0,,['W'],False,"Create X 1/1 white Soldier creature tokens. If X is 5 or more, destroy all other creatures.",True,1226.0
martial coup,sorcery,rare,"Warhammer 40,000 Commander",40K,True,2022-10-07,2022,[],0,2.0,,,2.0,,['W'],False,"Create X 1/1 white Soldier creature tokens. If X is 5 or more, destroy all other creatures.",True,1226.0
swords to plowshares,instant,uncommon,"Warhammer 40,000 Commander",40K,True,2022-10-07,2022,[],0,1.0,,,1.0,,['W'],False,Exile target creature. Its controller gains life equal to its power.,True,11.0
swords to plowshares,instant,uncommon,"Warhammer 40,000 Commander",40K,True,2022-10-07,2022,[],0,1.0,,,1.0,,['W'],False,Exile target creature. Its controller gains life equal to its power.,True,11.0
aetherize,instant,uncommon,"Warhammer 40,000 Commander",40K,True,2022-10-07,2022,[],0,4.0,,,4.0,,['U'],False,Return all attacking creatures to their owner's hand.,True,341.0
aetherize,instant,uncommon,"Warhammer 40,000 Commander",40K,True,2022-10-07,2022,[],0,4.0,,,4.0,,['U'],False,Return all attacking creatures to their owner's hand.,True,341.0
brainstorm,instant,common,"Warhammer 40,000 Commander",40K,True,2022-10-07,2022,[],0,1.0,,,1.0,,['U'],False,"Draw three cards, then put two cards from your hand on top of your library in any order.",True,65.0
brainstorm,instant,common,"Warhammer 40,000 Commander",40K,True,2022-10-07,2022,[],0,1.0,,,1.0,,['U'],False,"Draw three cards, then put two cards from your hand on top of your library in any order.",True,65.0
reconnaissance mission,enchantment,uncommon,"Warhammer 40,000 Commander",40K,True,2022-10-07,2022,['Cycling'],1,4.0,,,4.0,,['U'],False,"Whenever a creature you control deals combat damage to a player, you may draw a card.
Cycling {2} ({2}, Discard this card: Draw a card.)",True,754.0
reconnaissance mission,enchantment,uncommon,"Warhammer 40,000 Commander",40K,True,2022-10-07,2022,['Cycling'],1,4.0,,,4.0,,['U'],False,"Whenever a creature you control deals combat damage to a player, you may draw a card.
Cycling {2} ({2}, Discard this card: Draw a card.)",True,754.0
beacon of unrest,sorcery,rare,"Warhammer 40,000 Commander",40K,True,2022-10-07,2022,[],0,5.0,,,5.0,,['B'],False,Put target artifact or creature card from a graveyard onto the battlefield under your control. Shuffle Beacon of Unrest into its owner's library.,True,3859.0
beacon of unrest,sorcery,rare,"Warhammer 40,000 Commander",40K,True,2022-10-07,2022,[],0,5.0,,,5.0,,['B'],False,Put target artifact or creature card from a graveyard onto the battlefield under your control. Shuffle Beacon of Unrest into its owner's library.,True,3859.0
bile blight,instant,uncommon,"Warhammer 40,000 Commander",40K,True,2022-10-07,2022,[],0,2.0,,,2.0,,['B'],False,Target creature and all other creatures with the same name as that creature get -3/-3 until end of turn.,True,11189.0
bile blight,instant,uncommon,"Warhammer 40,000 Commander",40K,True,2022-10-07,2022,[],0,2.0,,,2.0,,['B'],False,Target creature and all other creatures with the same name as that creature get -3/-3 until end of turn.,True,11189.0
dark ritual,instant,common,"Warhammer 40,000 Commander",40K,True,2022-10-07,2022,[],0,1.0,,,1.0,,['B'],False,Add {B}{B}{B}.,True,37.0
dark ritual,instant,common,"Warhammer 40,000 Commander",40K,True,2022-10-07,2022,[],0,1.0,,,1.0,,['B'],False,Add {B}{B}{B}.,True,37.0
darkness,instant,common,"Warhammer 40,000 Commander",40K,True,2022-10-07,2022,[],0,1.0,,,1.0,,['B'],False,Prevent all combat damage that would be dealt this turn.,True,2202.0
darkness,instant,common,"Warhammer 40,000 Commander",40K,True,2022-10-07,2022,[],0,1.0,,,1.0,,['B'],False,Prevent all combat damage that would be dealt this turn.,True,2202.0
decree of pain,sorcery,rare,"Warhammer 40,000 Commander",40K,True,2022-10-07,2022,['Cycling'],1,8.0,,,8.0,,['B'],False,"Destroy all creatures. They can't be regenerated. Draw a card for each creature destroyed this way.
Cycling {3}{B}{B} ({3}{B}{B}, Discard this card: Draw a card.)
When you cycle this card, all creatures get -2/-2 until end of turn.",True,1198.0
decree of pain,sorcery,rare,"Warhammer 40,000 Commander",40K,True,2022-10-07,2022,['Cycling'],1,8.0,,,8.0,,['B'],False,"Destroy all creatures. They can't be regenerated. Draw a card for each creature destroyed this way.
Cycling {3}{B}{B} ({3}{B}{B}, Discard this card: Draw a card.)
When you cycle this card, all creatures get -2/-2 until end of turn.",True,1198.0
defile,instant,uncommon,"Warhammer 40,000 Commander",40K,True,2022-10-07,2022,[],0,1.0,,,1.0,,['B'],False,Target creature gets -1/-1 until end of turn for each Swamp you control.,True,938.0
defile,instant,uncommon,"Warhammer 40,000 Commander",40K,True,2022-10-07,2022,[],0,1.0,,,1.0,,['B'],False,Target creature gets -1/-1 until end of turn for each Swamp you control.,True,938.0
dread return,sorcery,uncommon,"Warhammer 40,000 Commander",40K,True,2022-10-07,2022,['Flashback'],1,4.0,,,4.0,,['B'],False,"Return target creature card from your graveyard to the battlefield.
Flashback-Sacrifice three creatures. (You may cast this card from your graveyard for its flashback cost. Then exile it.)",True,502.0
dread return,sorcery,uncommon,"Warhammer 40,000 Commander",40K,True,2022-10-07,2022,['Flashback'],1,4.0,,,4.0,,['B'],False,"Return target creature card from your graveyard to the battlefield.
Flashback-Sacrifice three creatures. (You may cast this card from your graveyard for its flashback cost. Then exile it.)",True,502.0
go for the throat,instant,common,"Warhammer 40,000 Commander",40K,True,2022-10-07,2022,[],0,2.0,,,2.0,,['B'],False,Destroy target nonartifact creature.,True,338.0
go for the throat,instant,common,"Warhammer 40,000 Commander",40K,True,2022-10-07,2022,[],0,2.0,,,2.0,,['B'],False,Destroy target nonartifact creature.,True,338.0
living death,sorcery,rare,"Warhammer 40,000 Commander",40K,True,2022-10-07,2022,[],0,5.0,,,5.0,,['B'],False,"Each player exiles all creature cards from their graveyard, then sacrifices all creatures they control, then puts all cards they exiled this way onto the battlefield.",True,488.0
living death,sorcery,rare,"Warhammer 40,000 Commander",40K,True,2022-10-07,2022,[],0,5.0,,,5.0,,['B'],False,"Each player exiles all creature cards from their graveyard, then sacrifices all creatures they control, then puts all cards they exiled this way onto the battlefield.",True,488.0
mutilate,sorcery,rare,"Warhammer 40,000 Commander",40K,True,2022-10-07,2022,[],0,4.0,,,4.0,,['B'],False,All creatures get -1/-1 until end of turn for each Swamp you control.,True,2002.0
mutilate,sorcery,rare,"Warhammer 40,000 Commander",40K,True,2022-10-07,2022,[],0,4.0,,,4.0,,['B'],False,All creatures get -1/-1 until end of turn for each Swamp you control.,True,2002.0
blasphemous act,sorcery,rare,"Warhammer 40,000 Commander",40K,True,2022-10-07,2022,[],0,9.0,,,9.0,,['R'],False,"This spell costs {1} less to cast for each creature on the battlefield.
Blasphemous Act deals 13 damage to each creature.",True,23.0
blasphemous act,sorcery,rare,"Warhammer 40,000 Commander",40K,True,2022-10-07,2022,[],0,9.0,,,9.0,,['R'],False,"This spell costs {1} less to cast for each creature on the battlefield.
Blasphemous Act deals 13 damage to each creature.",True,23.0
chaos warp,instant,rare,"Warhammer 40,000 Commander",40K,True,2022-10-07,2022,[],0,3.0,,,3.0,,['R'],False,"The owner of target permanent shuffles it into their library, then reveals the top card of their library. If it's a permanent card, they put it onto the battlefield.",True,29.0
chaos warp,instant,rare,"Warhammer 40,000 Commander",40K,True,2022-10-07,2022,[],0,3.0,,,3.0,,['R'],False,"The owner of target permanent shuffles it into their library, then reveals the top card of their library. If it's a permanent card, they put it onto the battlefield.",True,29.0
past in flames,sorcery,mythic,"Warhammer 40,000 Commander",40K,True,2022-10-07,2022,['Flashback'],1,4.0,,,4.0,,['R'],False,"Each instant and sorcery card in your graveyard gains flashback until end of turn. The flashback cost is equal to its mana cost.
Flashback {4}{R} (You may cast this card from your graveyard for its flashback cost. Then exile it.)",True,1318.0
past in flames,sorcery,mythic,"Warhammer 40,000 Commander",40K,True,2022-10-07,2022,['Flashback'],1,4.0,,,4.0,,['R'],False,"Each instant and sorcery card in your graveyard gains flashback until end of turn. The flashback cost is equal to its mana cost.
Flashback {4}{R} (You may cast this card from your graveyard for its flashback cost. Then exile it.)",True,1318.0
reverberate,instant,rare,"Warhammer 40,000 Commander",40K,True,2022-10-07,2022,[],0,2.0,,,2.0,,['R'],False,Copy target instant or sorcery spell. You may choose new targets for the copy.,True,1322.0
reverberate,instant,rare,"Warhammer 40,000 Commander",40K,True,2022-10-07,2022,[],0,2.0,,,2.0,,['R'],False,Copy target instant or sorcery spell. You may choose new targets for the copy.,True,1322.0
starstorm,instant,rare,"Warhammer 40,000 Commander",40K,True,2022-10-07,2022,['Cycling'],1,2.0,,,2.0,,['R'],False,"Starstorm deals X damage to each creature.
Cycling {3} ({3}, Discard this card: Draw a card.)",True,2624.0
starstorm,instant,rare,"Warhammer 40,000 Commander",40K,True,2022-10-07,2022,['Cycling'],1,2.0,,,2.0,,['R'],False,"Starstorm deals X damage to each creature.
Cycling {3} ({3}, Discard this card: Draw a card.)",True,2624.0
warstorm surge,enchantment,rare,"Warhammer 40,000 Commander",40K,True,2022-10-07,2022,[],0,6.0,,,6.0,,['R'],False,"Whenever a creature you control enters, it deals damage equal to its power to any target.",True,625.0
warstorm surge,enchantment,rare,"Warhammer 40,000 Commander",40K,True,2022-10-07,2022,[],0,6.0,,,6.0,,['R'],False,"Whenever a creature you control enters, it deals damage equal to its power to any target.",True,625.0
abundance,enchantment,rare,"Warhammer 40,000 Commander",40K,True,2022-10-07,2022,[],0,4.0,,,4.0,,['G'],False,"If you would draw a card, you may instead choose land or nonland and reveal cards from the top of your library until you reveal a card of the chosen kind. Put that card into your hand and put all other cards revealed this way on the bottom of your library in any order.",True,1609.0
abundance,enchantment,rare,"Warhammer 40,000 Commander",40K,True,2022-10-07,2022,[],0,4.0,,,4.0,,['G'],False,"If you would draw a card, you may instead choose land or nonland and reveal cards from the top of your library until you reveal a card of the chosen kind. Put that card into your hand and put all other cards revealed this way on the bottom of your library in any order.",True,1609.0
cultivate,sorcery,common,"Warhammer 40,000 Commander",40K,True,2022-10-07,2022,[],0,3.0,,,3.0,,['G'],False,"Search your library for up to two basic land cards, reveal those cards, put one onto the battlefield tapped and the other into your hand, then shuffle.",True,20.0
cultivate,sorcery,common,"Warhammer 40,000 Commander",40K,True,2022-10-07,2022,[],0,3.0,,,3.0,,['G'],False,"Search your library for up to two basic land cards, reveal those cards, put one onto the battlefield tapped and the other into your hand, then shuffle.",True,20.0
death's presence,enchantment,rare,"Warhammer 40,000 Commander",40K,True,2022-10-07,2022,[],0,6.0,,,6.0,,['G'],False,"Whenever a creature you control dies, put X +1/+1 counters on target creature you control, where X is the power of the creature that died.",True,4070.0
death's presence,enchantment,rare,"Warhammer 40,000 Commander",40K,True,2022-10-07,2022,[],0,6.0,,,6.0,,['G'],False,"Whenever a creature you control dies, put X +1/+1 counters on target creature you control, where X is the power of the creature that died.",True,4070.0
explore,sorcery,common,"Warhammer 40,000 Commander",40K,True,2022-10-07,2022,[],0,2.0,,,2.0,,['G'],False,"You may play an additional land this turn.
Draw a card.",True,230.0
explore,sorcery,common,"Warhammer 40,000 Commander",40K,True,2022-10-07,2022,[],0,2.0,,,2.0,,['G'],False,"You may play an additional land this turn.
Draw a card.",True,230.0
farseek,sorcery,common,"Warhammer 40,000 Commander",40K,True,2022-10-07,2022,[],0,2.0,,,2.0,,['G'],False,"Search your library for a Plains, Island, Swamp, or Mountain card, put it onto the battlefield tapped, then shuffle.",True,24.0
farseek,sorcery,common,"Warhammer 40,000 Commander",40K,True,2022-10-07,2022,[],0,2.0,,,2.0,,['G'],False,"Search your library for a Plains, Island, Swamp, or Mountain card, put it onto the battlefield tapped, then shuffle.",True,24.0
hardened scales,enchantment,rare,"Warhammer 40,000 Commander",40K,True,2022-10-07,2022,[],0,1.0,,,1.0,,['G'],False,"If one or more +1/+1 counters would be put on a creature you control, that many plus one +1/+1 counters are put on it instead.",True,209.0
hardened scales,enchantment,rare,"Warhammer 40,000 Commander",40K,True,2022-10-07,2022,[],0,1.0,,,1.0,,['G'],False,"If one or more +1/+1 counters would be put on a creature you control, that many plus one +1/+1 counters are put on it instead.",True,209.0
harrow,instant,common,"Warhammer 40,000 Commander",40K,True,2022-10-07,2022,[],0,3.0,,,3.0,,['G'],False,"As an additional cost to cast this spell, sacrifice a land.
Search your library for up to two basic land cards, put them onto the battlefield, then shuffle.",True,240.0
harrow,instant,common,"Warhammer 40,000 Commander",40K,True,2022-10-07,2022,[],0,3.0,,,3.0,,['G'],False,"As an additional cost to cast this spell, sacrifice a land.
Search your library for up to two basic land cards, put them onto the battlefield, then shuffle.",True,240.0
inspiring call,instant,uncommon,"Warhammer 40,000 Commander",40K,True,2022-10-07,2022,[],0,3.0,,,3.0,,['G'],False,"Draw a card for each creature you control with a +1/+1 counter on it. Those creatures gain indestructible until end of turn. (Damage and effects that say ""destroy"" don't destroy them.)",True,281.0
inspiring call,instant,uncommon,"Warhammer 40,000 Commander",40K,True,2022-10-07,2022,[],0,3.0,,,3.0,,['G'],False,"Draw a card for each creature you control with a +1/+1 counter on it. Those creatures gain indestructible until end of turn. (Damage and effects that say ""destroy"" don't destroy them.)",True,281.0
new horizons,enchantment — aura,common,"Warhammer 40,000 Commander",40K,True,2022-10-07,2022,['Enchant'],1,3.0,,,3.0,,['G'],False,"Enchant land
When this Aura enters, put a +1/+1 counter on target creature you control.
Enchanted land has ""{T}: Add two mana of any one color.""",True,6405.0
new horizons,enchantment — aura,common,"Warhammer 40,000 Commander",40K,True,2022-10-07,2022,['Enchant'],1,3.0,,,3.0,,['G'],False,"Enchant land
When this Aura enters, put a +1/+1 counter on target creature you control.
Enchanted land has ""{T}: Add two mana of any one color.""",True,6405.0
overgrowth,enchantment — aura,common,"Warhammer 40,000 Commander",40K,True,2022-10-07,2022,['Enchant'],1,3.0,,,3.0,,['G'],False,"Enchant land
Whenever enchanted land is tapped for mana, its controller adds an additional {G}{G}.",True,2638.0
overgrowth,enchantment — aura,common,"Warhammer 40,000 Commander",40K,True,2022-10-07,2022,['Enchant'],1,3.0,,,3.0,,['G'],False,"Enchant land
Whenever enchanted land is tapped for mana, its controller adds an additional {G}{G}.",True,2638.0
rampant growth,sorcery,common,"Warhammer 40,000 Commander",40K,True,2022-10-07,2022,[],0,2.0,,,2.0,,['G'],False,"Search your library for a basic land card, put that card onto the battlefield tapped, then shuffle.",True,26.0
rampant growth,sorcery,common,"Warhammer 40,000 Commander",40K,True,2022-10-07,2022,[],0,2.0,,,2.0,,['G'],False,"Search your library for a basic land card, put that card onto the battlefield tapped, then shuffle.",True,26.0
bituminous blast,instant,uncommon,"Warhammer 40,000 Commander",40K,True,2022-10-07,2022,['Cascade'],1,5.0,,,5.0,,"['B', 'R']",True,"Cascade (When you cast this spell, exile cards from the top of your library until you exile a nonland card that costs less. You may cast it without paying its mana cost. Put the exiled cards on the bottom in a random order.)
Bituminous Blast deals 4 damage to target creature.",True,6942.0
bituminous blast,instant,uncommon,"Warhammer 40,000 Commander",40K,True,2022-10-07,2022,['Cascade'],1,5.0,,,5.0,,"['B', 'R']",True,"Cascade (When you cast this spell, exile cards from the top of your library until you exile a nonland card that costs less. You may cast it without paying its mana cost. Put the exiled cards on the bottom in a random order.)
Bituminous Blast deals 4 damage to target creature.",True,6942.0
bred for the hunt,enchantment,uncommon,"Warhammer 40,000 Commander",40K,True,2022-10-07,2022,[],0,3.0,,,3.0,,"['G', 'U']",True,"Whenever a creature you control with a +1/+1 counter on it deals combat damage to a player, you may draw a card.",True,2802.0
bred for the hunt,enchantment,uncommon,"Warhammer 40,000 Commander",40K,True,2022-10-07,2022,[],0,3.0,,,3.0,,"['G', 'U']",True,"Whenever a creature you control with a +1/+1 counter on it deals combat damage to a player, you may draw a card.",True,2802.0
deny reality,sorcery,common,"Warhammer 40,000 Commander",40K,True,2022-10-07,2022,['Cascade'],1,5.0,,,5.0,,"['B', 'U']",True,"Cascade (When you cast this spell, exile cards from the top of your library until you exile a nonland card that costs less. You may cast it without paying its mana cost. Put the exiled cards on the bottom in a random order.)
Return target permanent to its owner's hand.",True,12092.0
deny reality,sorcery,common,"Warhammer 40,000 Commander",40K,True,2022-10-07,2022,['Cascade'],1,5.0,,,5.0,,"['B', 'U']",True,"Cascade (When you cast this spell, exile cards from the top of your library until you exile a nonland card that costs less. You may cast it without paying its mana cost. Put the exiled cards on the bottom in a random order.)
Return target permanent to its owner's hand.",True,12092.0
hull breach,sorcery,uncommon,"Warhammer 40,000 Commander",40K,True,2022-10-07,2022,[],0,2.0,,,2.0,,"['G', 'R']",True,"Choose one -
• Destroy target artifact.
• Destroy target enchantment.
• Destroy target artifact and target enchantment.",True,2080.0
hull breach,sorcery,uncommon,"Warhammer 40,000 Commander",40K,True,2022-10-07,2022,[],0,2.0,,,2.0,,"['G', 'R']",True,"Choose one -
• Destroy target artifact.
• Destroy target enchantment.
• Destroy target artifact and target enchantment.",True,2080.0
mortify,instant,uncommon,"Warhammer 40,000 Commander",40K,True,2022-10-07,2022,[],0,3.0,,,3.0,,"['B', 'W']",True,Destroy target creature or enchantment.,True,539.0
mortify,instant,uncommon,"Warhammer 40,000 Commander",40K,True,2022-10-07,2022,[],0,3.0,,,3.0,,"['B', 'W']",True,Destroy target creature or enchantment.,True,539.0
utter end,instant,rare,"Warhammer 40,000 Commander",40K,True,2022-10-07,2022,[],0,4.0,,,4.0,,"['B', 'W']",True,Exile target nonland permanent.,True,1331.0
utter end,instant,rare,"Warhammer 40,000 Commander",40K,True,2022-10-07,2022,[],0,4.0,,,4.0,,"['B', 'W']",True,Exile target nonland permanent.,True,1331.0
arcane signet,artifact,common,"Warhammer 40,000 Commander",40K,True,2022-10-07,2022,[],0,2.0,,,2.0,,[],False,{T}: Add one mana of any color in your commander's color identity.,True,3.0
arcane signet,artifact,common,"Warhammer 40,000 Commander",40K,True,2022-10-07,2022,[],0,2.0,,,2.0,,[],False,{T}: Add one mana of any color in your commander's color identity.,True,3.0
arcane signet,artifact,common,"Warhammer 40,000 Commander",40K,True,2022-10-07,2022,[],0,2.0,,,2.0,,[],False,{T}: Add one mana of any color in your commander's color identity.,True,3.0
arcane signet,artifact,common,"Warhammer 40,000 Commander",40K,True,2022-10-07,2022,[],0,2.0,,,2.0,,[],False,{T}: Add one mana of any color in your commander's color identity.,True,3.0
arcane signet,artifact,common,"Warhammer 40,000 Commander",40K,True,2022-10-07,2022,[],0,2.0,,,2.0,,[],False,{T}: Add one mana of any color in your commander's color identity.,True,3.0
arcane signet,artifact,common,"Warhammer 40,000 Commander",40K,True,2022-10-07,2022,[],0,2.0,,,2.0,,[],False,{T}: Add one mana of any color in your commander's color identity.,True,3.0
assault suit,artifact — equipment,uncommon,"Warhammer 40,000 Commander",40K,True,2022-10-07,2022,['Equip'],1,4.0,,,4.0,,[],False,"Equipped creature gets +2/+2, has haste, can't attack you or planeswalkers you control, and can't be sacrificed.
At the beginning of each opponent's upkeep, you may have that player gain control of equipped creature until end of turn. If you do, untap it.
Equip {3}",True,4014.0
assault suit,artifact — equipment,uncommon,"Warhammer 40,000 Commander",40K,True,2022-10-07,2022,['Equip'],1,4.0,,,4.0,,[],False,"Equipped creature gets +2/+2, has haste, can't attack you or planeswalkers you control, and can't be sacrificed.
At the beginning of each opponent's upkeep, you may have that player gain control of equipped creature until end of turn. If you do, untap it.
Equip {3}",True,4014.0
caged sun,artifact,rare,"Warhammer 40,000 Commander",40K,True,2022-10-07,2022,[],0,6.0,,,6.0,,[],False,"As this artifact enters, choose a color.
Creatures you control of the chosen color get +1/+1.
Whenever a land's ability causes you to add one or more mana of the chosen color, add one additional mana of that color.",True,775.0
caged sun,artifact,rare,"Warhammer 40,000 Commander",40K,True,2022-10-07,2022,[],0,6.0,,,6.0,,[],False,"As this artifact enters, choose a color.
Creatures you control of the chosen color get +1/+1.
Whenever a land's ability causes you to add one or more mana of the chosen color, add one additional mana of that color.",True,775.0
chromatic lantern,artifact,rare,"Warhammer 40,000 Commander",40K,True,2022-10-07,2022,[],0,3.0,,,3.0,,[],False,"Lands you control have ""{T}: Add one mana of any color.""
{T}: Add one mana of any color.",True,75.0
chromatic lantern,artifact,rare,"Warhammer 40,000 Commander",40K,True,2022-10-07,2022,[],0,3.0,,,3.0,,[],False,"Lands you control have ""{T}: Add one mana of any color.""
{T}: Add one mana of any color.",True,75.0
commander's sphere,artifact,common,"Warhammer 40,000 Commander",40K,True,2022-10-07,2022,[],0,3.0,,,3.0,,[],False,"{T}: Add one mana of any color in your commander's color identity.
Sacrifice this artifact: Draw a card.",True,36.0
commander's sphere,artifact,common,"Warhammer 40,000 Commander",40K,True,2022-10-07,2022,[],0,3.0,,,3.0,,[],False,"{T}: Add one mana of any color in your commander's color identity.
Sacrifice this artifact: Draw a card.",True,36.0
commander's sphere,artifact,common,"Warhammer 40,000 Commander",40K,True,2022-10-07,2022,[],0,3.0,,,3.0,,[],False,"{T}: Add one mana of any color in your commander's color identity.
Sacrifice this artifact: Draw a card.",True,36.0
commander's sphere,artifact,common,"Warhammer 40,000 Commander",40K,True,2022-10-07,2022,[],0,3.0,,,3.0,,[],False,"{T}: Add one mana of any color in your commander's color identity.
Sacrifice this artifact: Draw a card.",True,36.0
commander's sphere,artifact,common,"Warhammer 40,000 Commander",40K,True,2022-10-07,2022,[],0,3.0,,,3.0,,[],False,"{T}: Add one mana of any color in your commander's color identity.
Sacrifice this artifact: Draw a card.",True,36.0
commander's sphere,artifact,common,"Warhammer 40,000 Commander",40K,True,2022-10-07,2022,[],0,3.0,,,3.0,,[],False,"{T}: Add one mana of any color in your commander's color identity.
Sacrifice this artifact: Draw a card.",True,36.0
cranial plating,artifact — equipment,uncommon,"Warhammer 40,000 Commander",40K,True,2022-10-07,2022,['Equip'],1,2.0,,,2.0,,[],False,"Equipped creature gets +1/+0 for each artifact you control.
{B}{B}: Attach this Equipment to target creature you control.
Equip {1}",True,2059.0
cranial plating,artifact — equipment,uncommon,"Warhammer 40,000 Commander",40K,True,2022-10-07,2022,['Equip'],1,2.0,,,2.0,,[],False,"Equipped creature gets +1/+0 for each artifact you control.
{B}{B}: Attach this Equipment to target creature you control.
Equip {1}",True,2059.0
endless atlas,artifact,rare,"Warhammer 40,000 Commander",40K,True,2022-10-07,2022,[],0,2.0,,,2.0,,[],False,"{2}, {T}: Draw a card. Activate only if you control three or more lands with the same name.",True,2030.0
endless atlas,artifact,rare,"Warhammer 40,000 Commander",40K,True,2022-10-07,2022,[],0,2.0,,,2.0,,[],False,"{2}, {T}: Draw a card. Activate only if you control three or more lands with the same name.",True,2030.0
everflowing chalice,artifact,rare,"Warhammer 40,000 Commander",40K,True,2022-10-07,2022,['Multikicker'],1,0.0,,,0.0,,[],False,"Multikicker {2} (You may pay an additional {2} any number of times as you cast this spell.)
This artifact enters with a charge counter on it for each time it was kicked.
{T}: Add {C} for each charge counter on this artifact.",True,244.0
everflowing chalice,artifact,rare,"Warhammer 40,000 Commander",40K,True,2022-10-07,2022,['Multikicker'],1,0.0,,,0.0,,[],False,"Multikicker {2} (You may pay an additional {2} any number of times as you cast this spell.)
This artifact enters with a charge counter on it for each time it was kicked.
{T}: Add {C} for each charge counter on this artifact.",True,244.0
gilded lotus,artifact,rare,"Warhammer 40,000 Commander",40K,True,2022-10-07,2022,[],0,5.0,,,5.0,,[],False,{T}: Add three mana of any one color.,True,399.0
gilded lotus,artifact,rare,"Warhammer 40,000 Commander",40K,True,2022-10-07,2022,[],0,5.0,,,5.0,,[],False,{T}: Add three mana of any one color.,True,399.0
hedron archive,artifact,uncommon,"Warhammer 40,000 Commander",40K,True,2022-10-07,2022,[],0,4.0,,,4.0,,[],False,"{T}: Add {C}{C}.
{2}, {T}, Sacrifice this artifact: Draw two cards.",True,509.0
hedron archive,artifact,uncommon,"Warhammer 40,000 Commander",40K,True,2022-10-07,2022,[],0,4.0,,,4.0,,[],False,"{T}: Add {C}{C}.
{2}, {T}, Sacrifice this artifact: Draw two cards.",True,509.0
herald's horn,artifact,uncommon,"Warhammer 40,000 Commander",40K,True,2022-10-07,2022,[],0,3.0,,,3.0,,[],False,"As this artifact enters, choose a creature type.
Creature spells you cast of the chosen type cost {1} less to cast.
At the beginning of your upkeep, look at the top card of your library. If it's a creature card of the chosen type, you may reveal it and put it into your hand.",True,143.0
herald's horn,artifact,uncommon,"Warhammer 40,000 Commander",40K,True,2022-10-07,2022,[],0,3.0,,,3.0,,[],False,"As this artifact enters, choose a creature type.
Creature spells you cast of the chosen type cost {1} less to cast.
At the beginning of your upkeep, look at the top card of your library. If it's a creature card of the chosen type, you may reveal it and put it into your hand.",True,143.0
icon of ancestry,artifact,rare,"Warhammer 40,000 Commander",40K,True,2022-10-07,2022,[],0,3.0,,,3.0,,[],False,"As this artifact enters, choose a creature type.
Creatures you control of the chosen type get +1/+1.
{3}, {T}: Look at the top three cards of your library. You may reveal a creature card of the chosen type from among them and put it into your hand. Put the rest on the bottom of your library in a random order.",True,2025.0
icon of ancestry,artifact,rare,"Warhammer 40,000 Commander",40K,True,2022-10-07,2022,[],0,3.0,,,3.0,,[],False,"As this artifact enters, choose a creature type.
Creatures you control of the chosen type get +1/+1.
{3}, {T}: Look at the top three cards of your library. You may reveal a creature card of the chosen type from among them and put it into your hand. Put the rest on the bottom of your library in a random order.",True,2025.0
mask of memory,artifact — equipment,uncommon,"Warhammer 40,000 Commander",40K,True,2022-10-07,2022,['Equip'],1,2.0,,,2.0,,[],False,"Whenever equipped creature deals combat damage to a player, you may draw two cards. If you do, discard a card.
Equip {1} ({1}: Attach to target creature you control. Equip only as a sorcery.)",True,1002.0
mask of memory,artifact — equipment,uncommon,"Warhammer 40,000 Commander",40K,True,2022-10-07,2022,['Equip'],1,2.0,,,2.0,,[],False,"Whenever equipped creature deals combat damage to a player, you may draw two cards. If you do, discard a card.
Equip {1} ({1}: Attach to target creature you control. Equip only as a sorcery.)",True,1002.0
mind stone,artifact,uncommon,"Warhammer 40,000 Commander",40K,True,2022-10-07,2022,[],0,2.0,,,2.0,,[],False,"{T}: Add {C}.
{1}, {T}, Sacrifice this artifact: Draw a card.",True,28.0
mind stone,artifact,uncommon,"Warhammer 40,000 Commander",40K,True,2022-10-07,2022,[],0,2.0,,,2.0,,[],False,"{T}: Add {C}.
{1}, {T}, Sacrifice this artifact: Draw a card.",True,28.0
mind stone,artifact,uncommon,"Warhammer 40,000 Commander",40K,True,2022-10-07,2022,[],0,2.0,,,2.0,,[],False,"{T}: Add {C}.
{1}, {T}, Sacrifice this artifact: Draw a card.",True,28.0
mind stone,artifact,uncommon,"Warhammer 40,000 Commander",40K,True,2022-10-07,2022,[],0,2.0,,,2.0,,[],False,"{T}: Add {C}.
{1}, {T}, Sacrifice this artifact: Draw a card.",True,28.0
mystic forge,artifact,rare,"Warhammer 40,000 Commander",40K,True,2022-10-07,2022,[],0,4.0,,,4.0,,[],False,"You may look at the top card of your library any time.
You may cast artifact spells and colorless spells from the top of your library.
{T}, Pay 1 life: Exile the top card of your library.",True,419.0
mystic forge,artifact,rare,"Warhammer 40,000 Commander",40K,True,2022-10-07,2022,[],0,4.0,,,4.0,,[],False,"You may look at the top card of your library any time.
You may cast artifact spells and colorless spells from the top of your library.
{T}, Pay 1 life: Exile the top card of your library.",True,419.0
sculpting steel,artifact,rare,"Warhammer 40,000 Commander",40K,True,2022-10-07,2022,[],0,3.0,,,3.0,,[],False,You may have this artifact enter as a copy of any artifact on the battlefield.,True,647.0
sculpting steel,artifact,rare,"Warhammer 40,000 Commander",40K,True,2022-10-07,2022,[],0,3.0,,,3.0,,[],False,You may have this artifact enter as a copy of any artifact on the battlefield.,True,647.0
skullclamp,artifact — equipment,uncommon,"Warhammer 40,000 Commander",40K,True,2022-10-07,2022,['Equip'],1,1.0,,,1.0,,[],False,"Equipped creature gets +1/-1.
Whenever equipped creature dies, draw two cards.
Equip {1}",True,45.0
skullclamp,artifact — equipment,uncommon,"Warhammer 40,000 Commander",40K,True,2022-10-07,2022,['Equip'],1,1.0,,,1.0,,[],False,"Equipped creature gets +1/-1.
Whenever equipped creature dies, draw two cards.
Equip {1}",True,45.0
sol ring,artifact,uncommon,"Warhammer 40,000 Commander",40K,True,2022-10-07,2022,[],0,1.0,,,1.0,,[],False,{T}: Add {C}{C}.,True,1.0
sol ring,artifact,uncommon,"Warhammer 40,000 Commander",40K,True,2022-10-07,2022,[],0,1.0,,,1.0,,[],False,{T}: Add {C}{C}.,True,1.0
sol ring,artifact,uncommon,"Warhammer 40,000 Commander",40K,True,2022-10-07,2022,[],0,1.0,,,1.0,,[],False,{T}: Add {C}{C}.,True,1.0
sol ring,artifact,uncommon,"Warhammer 40,000 Commander",40K,True,2022-10-07,2022,[],0,1.0,,,1.0,,[],False,{T}: Add {C}{C}.,True,1.0
sol ring,artifact,uncommon,"Warhammer 40,000 Commander",40K,True,2022-10-07,2022,[],0,1.0,,,1.0,,[],False,{T}: Add {C}{C}.,True,1.0
sol ring,artifact,uncommon,"Warhammer 40,000 Commander",40K,True,2022-10-07,2022,[],0,1.0,,,1.0,,[],False,{T}: Add {C}{C}.,True,1.0
sol ring,artifact,uncommon,"Warhammer 40,000 Commander",40K,True,2022-10-07,2022,[],0,1.0,,,1.0,,[],False,{T}: Add {C}{C}.,True,1.0
sol ring,artifact,uncommon,"Warhammer 40,000 Commander",40K,True,2022-10-07,2022,[],0,1.0,,,1.0,,[],False,{T}: Add {C}{C}.,True,1.0
talisman of creativity,artifact,uncommon,"Warhammer 40,000 Commander",40K,True,2022-10-07,2022,[],0,2.0,,,2.0,,[],False,"{T}: Add {C}.
{T}: Add {U} or {R}. This artifact deals 1 damage to you.",True,123.0
talisman of creativity,artifact,uncommon,"Warhammer 40,000 Commander",40K,True,2022-10-07,2022,[],0,2.0,,,2.0,,[],False,"{T}: Add {C}.
{T}: Add {U} or {R}. This artifact deals 1 damage to you.",True,123.0
talisman of dominance,artifact,uncommon,"Warhammer 40,000 Commander",40K,True,2022-10-07,2022,[],0,2.0,,,2.0,,[],False,"{T}: Add {C}.
{T}: Add {U} or {B}. This artifact deals 1 damage to you.",True,87.0
talisman of dominance,artifact,uncommon,"Warhammer 40,000 Commander",40K,True,2022-10-07,2022,[],0,2.0,,,2.0,,[],False,"{T}: Add {C}.
{T}: Add {U} or {B}. This artifact deals 1 damage to you.",True,87.0
talisman of dominance,artifact,uncommon,"Warhammer 40,000 Commander",40K,True,2022-10-07,2022,[],0,2.0,,,2.0,,[],False,"{T}: Add {C}.
{T}: Add {U} or {B}. This artifact deals 1 damage to you.",True,87.0
talisman of dominance,artifact,uncommon,"Warhammer 40,000 Commander",40K,True,2022-10-07,2022,[],0,2.0,,,2.0,,[],False,"{T}: Add {C}.
{T}: Add {U} or {B}. This artifact deals 1 damage to you.",True,87.0
talisman of hierarchy,artifact,uncommon,"Warhammer 40,000 Commander",40K,True,2022-10-07,2022,[],0,2.0,,,2.0,,[],False,"{T}: Add {C}.
{T}: Add {W} or {B}. This artifact deals 1 damage to you.",True,147.0
talisman of hierarchy,artifact,uncommon,"Warhammer 40,000 Commander",40K,True,2022-10-07,2022,[],0,2.0,,,2.0,,[],False,"{T}: Add {C}.
{T}: Add {W} or {B}. This artifact deals 1 damage to you.",True,147.0
talisman of indulgence,artifact,uncommon,"Warhammer 40,000 Commander",40K,True,2022-10-07,2022,[],0,2.0,,,2.0,,[],False,"{T}: Add {C}.
{T}: Add {B} or {R}. This artifact deals 1 damage to you.",True,128.0
talisman of indulgence,artifact,uncommon,"Warhammer 40,000 Commander",40K,True,2022-10-07,2022,[],0,2.0,,,2.0,,[],False,"{T}: Add {C}.
{T}: Add {B} or {R}. This artifact deals 1 damage to you.",True,128.0
talisman of progress,artifact,uncommon,"Warhammer 40,000 Commander",40K,True,2022-10-07,2022,[],0,2.0,,,2.0,,[],False,"{T}: Add {C}.
{T}: Add {W} or {U}. This artifact deals 1 damage to you.",True,152.0
talisman of progress,artifact,uncommon,"Warhammer 40,000 Commander",40K,True,2022-10-07,2022,[],0,2.0,,,2.0,,[],False,"{T}: Add {C}.
{T}: Add {W} or {U}. This artifact deals 1 damage to you.",True,152.0
thought vessel,artifact,common,"Warhammer 40,000 Commander",40K,True,2022-10-07,2022,[],0,2.0,,,2.0,,[],False,"You have no maximum hand size.
{T}: Add {C}.",True,21.0
thought vessel,artifact,common,"Warhammer 40,000 Commander",40K,True,2022-10-07,2022,[],0,2.0,,,2.0,,[],False,"You have no maximum hand size.
{T}: Add {C}.",True,21.0
unstable obelisk,artifact,common,"Warhammer 40,000 Commander",40K,True,2022-10-07,2022,[],0,3.0,,,3.0,,[],False,"{T}: Add {C}.
{7}, {T}, Sacrifice this artifact: Destroy target permanent.",True,4008.0
unstable obelisk,artifact,common,"Warhammer 40,000 Commander",40K,True,2022-10-07,2022,[],0,3.0,,,3.0,,[],False,"{T}: Add {C}.
{7}, {T}, Sacrifice this artifact: Destroy target permanent.",True,4008.0
wayfarer's bauble,artifact,common,"Warhammer 40,000 Commander",40K,True,2022-10-07,2022,[],0,1.0,,,1.0,,[],False,"{2}, {T}, Sacrifice this artifact: Search your library for a basic land card, put that card onto the battlefield tapped, then shuffle.",True,93.0
wayfarer's bauble,artifact,common,"Warhammer 40,000 Commander",40K,True,2022-10-07,2022,[],0,1.0,,,1.0,,[],False,"{2}, {T}, Sacrifice this artifact: Search your library for a basic land card, put that card onto the battlefield tapped, then shuffle.",True,93.0
wayfarer's bauble,artifact,common,"Warhammer 40,000 Commander",40K,True,2022-10-07,2022,[],0,1.0,,,1.0,,[],False,"{2}, {T}, Sacrifice this artifact: Search your library for a basic land card, put that card onto the battlefield tapped, then shuffle.",True,93.0
wayfarer's bauble,artifact,common,"Warhammer 40,000 Commander",40K,True,2022-10-07,2022,[],0,1.0,,,1.0,,[],False,"{2}, {T}, Sacrifice this artifact: Search your library for a basic land card, put that card onto the battlefield tapped, then shuffle.",True,93.0
worn powerstone,artifact,uncommon,"Warhammer 40,000 Commander",40K,True,2022-10-07,2022,[],0,3.0,,,3.0,,[],False,"This artifact enters tapped.
{T}: Add {C}{C}.",True,548.0
worn powerstone,artifact,uncommon,"Warhammer 40,000 Commander",40K,True,2022-10-07,2022,[],0,3.0,,,3.0,,[],False,"This artifact enters tapped.
{T}: Add {C}{C}.",True,548.0
arcane sanctum,land,uncommon,"Warhammer 40,000 Commander",40K,True,2022-10-07,2022,[],0,0.0,,,0.0,,[],False,"This land enters tapped.
{T}: Add {W}, {U}, or {B}.",True,332.0
arcane sanctum,land,uncommon,"Warhammer 40,000 Commander",40K,True,2022-10-07,2022,[],0,0.0,,,0.0,,[],False,"This land enters tapped.
{T}: Add {W}, {U}, or {B}.",True,332.0
ash barrens,land,uncommon,"Warhammer 40,000 Commander",40K,True,2022-10-07,2022,"['Basic landcycling', 'Cycling', 'Landcycling']",3,0.0,,,0.0,,[],False,"{T}: Add {C}.
Basic landcycling {1} ({1}, Discard this card: Search your library for a basic land card, reveal it, put it into your hand, then shuffle.)",True,184.0
ash barrens,land,uncommon,"Warhammer 40,000 Commander",40K,True,2022-10-07,2022,"['Basic landcycling', 'Cycling', 'Landcycling']",3,0.0,,,0.0,,[],False,"{T}: Add {C}.
Basic landcycling {1} ({1}, Discard this card: Search your library for a basic land card, reveal it, put it into your hand, then shuffle.)",True,184.0
barren moor,land,uncommon,"Warhammer 40,000 Commander",40K,True,2022-10-07,2022,['Cycling'],1,0.0,,,0.0,,[],False,"This land enters tapped.
{T}: Add {B}.
Cycling {B} ({B}, Discard this card: Draw a card.)",True,887.0
barren moor,land,uncommon,"Warhammer 40,000 Commander",40K,True,2022-10-07,2022,['Cycling'],1,0.0,,,0.0,,[],False,"This land enters tapped.
{T}: Add {B}.
Cycling {B} ({B}, Discard this card: Draw a card.)",True,887.0
cave of temptation,land,common,"Warhammer 40,000 Commander",40K,True,2022-10-07,2022,[],0,0.0,,,0.0,,[],False,"{T}: Add {C}.
{1}, {T}: Add one mana of any color.
{4}, {T}, Sacrifice this land: Put two +1/+1 counters on target creature. Activate only as a sorcery.",True,8502.0
cave of temptation,land,common,"Warhammer 40,000 Commander",40K,True,2022-10-07,2022,[],0,0.0,,,0.0,,[],False,"{T}: Add {C}.
{1}, {T}: Add one mana of any color.
{4}, {T}, Sacrifice this land: Put two +1/+1 counters on target creature. Activate only as a sorcery.",True,8502.0
choked estuary,land,rare,"Warhammer 40,000 Commander",40K,True,2022-10-07,2022,[],0,0.0,,,0.0,,[],False,"As this land enters, you may reveal an Island or Swamp card from your hand. If you don't, this land enters tapped.
{T}: Add {U} or {B}.",True,273.0
choked estuary,land,rare,"Warhammer 40,000 Commander",40K,True,2022-10-07,2022,[],0,0.0,,,0.0,,[],False,"As this land enters, you may reveal an Island or Swamp card from your hand. If you don't, this land enters tapped.
{T}: Add {U} or {B}.",True,273.0
cinder glade,land — mountain forest,rare,"Warhammer 40,000 Commander",40K,True,2022-10-07,2022,[],0,0.0,,,0.0,,[],False,"({T}: Add {R} or {G}.)
This land enters tapped unless you control two or more basic lands.",True,84.0
cinder glade,land — mountain forest,rare,"Warhammer 40,000 Commander",40K,True,2022-10-07,2022,[],0,0.0,,,0.0,,[],False,"({T}: Add {R} or {G}.)
This land enters tapped unless you control two or more basic lands.",True,84.0
command tower,land,common,"Warhammer 40,000 Commander",40K,True,2022-10-07,2022,[],0,0.0,,,0.0,,[],False,{T}: Add one mana of any color in your commander's color identity.,True,2.0
command tower,land,common,"Warhammer 40,000 Commander",40K,True,2022-10-07,2022,[],0,0.0,,,0.0,,[],False,{T}: Add one mana of any color in your commander's color identity.,True,2.0
command tower,land,common,"Warhammer 40,000 Commander",40K,True,2022-10-07,2022,[],0,0.0,,,0.0,,[],False,{T}: Add one mana of any color in your commander's color identity.,True,2.0
command tower,land,common,"Warhammer 40,000 Commander",40K,True,2022-10-07,2022,[],0,0.0,,,0.0,,[],False,{T}: Add one mana of any color in your commander's color identity.,True,2.0
command tower,land,common,"Warhammer 40,000 Commander",40K,True,2022-10-07,2022,[],0,0.0,,,0.0,,[],False,{T}: Add one mana of any color in your commander's color identity.,True,2.0
command tower,land,common,"Warhammer 40,000 Commander",40K,True,2022-10-07,2022,[],0,0.0,,,0.0,,[],False,{T}: Add one mana of any color in your commander's color identity.,True,2.0
crumbling necropolis,land,uncommon,"Warhammer 40,000 Commander",40K,True,2022-10-07,2022,[],0,0.0,,,0.0,,[],False,"This land enters tapped.
{T}: Add {U}, {B}, or {R}.",True,330.0
crumbling necropolis,land,uncommon,"Warhammer 40,000 Commander",40K,True,2022-10-07,2022,[],0,0.0,,,0.0,,[],False,"This land enters tapped.
{T}: Add {U}, {B}, or {R}.",True,330.0
darkwater catacombs,land,rare,"Warhammer 40,000 Commander",40K,True,2022-10-07,2022,[],0,0.0,,,0.0,,[],False,"{1}, {T}: Add {U}{B}.",True,294.0
darkwater catacombs,land,rare,"Warhammer 40,000 Commander",40K,True,2022-10-07,2022,[],0,0.0,,,0.0,,[],False,"{1}, {T}: Add {U}{B}.",True,294.0
desert of the glorified,land — desert,common,"Warhammer 40,000 Commander",40K,True,2022-10-07,2022,['Cycling'],1,0.0,,,0.0,,[],False,"This land enters tapped.
{T}: Add {B}.
Cycling {1}{B} ({1}{B}, Discard this card: Draw a card.)",True,4087.0
desert of the glorified,land — desert,common,"Warhammer 40,000 Commander",40K,True,2022-10-07,2022,['Cycling'],1,0.0,,,0.0,,[],False,"This land enters tapped.
{T}: Add {B}.
Cycling {1}{B} ({1}{B}, Discard this card: Draw a card.)",True,4087.0
dismal backwater,land,common,"Warhammer 40,000 Commander",40K,True,2022-10-07,2022,[],0,0.0,,,0.0,,[],False,"This land enters tapped.
When this land enters, you gain 1 life.
{T}: Add {U} or {B}.",True,911.0
dismal backwater,land,common,"Warhammer 40,000 Commander",40K,True,2022-10-07,2022,[],0,0.0,,,0.0,,[],False,"This land enters tapped.
When this land enters, you gain 1 life.
{T}: Add {U} or {B}.",True,911.0
evolving wilds,land,common,"Warhammer 40,000 Commander",40K,True,2022-10-07,2022,[],0,0.0,,,0.0,,[],False,"{T}, Sacrifice this land: Search your library for a basic land card, put it onto the battlefield tapped, then shuffle.",True,16.0
evolving wilds,land,common,"Warhammer 40,000 Commander",40K,True,2022-10-07,2022,[],0,0.0,,,0.0,,[],False,"{T}, Sacrifice this land: Search your library for a basic land card, put it onto the battlefield tapped, then shuffle.",True,16.0
exotic orchard,land,rare,"Warhammer 40,000 Commander",40K,True,2022-10-07,2022,[],0,0.0,,,0.0,,[],False,{T}: Add one mana of any color that a land an opponent controls could produce.,True,9.0
exotic orchard,land,rare,"Warhammer 40,000 Commander",40K,True,2022-10-07,2022,[],0,0.0,,,0.0,,[],False,{T}: Add one mana of any color that a land an opponent controls could produce.,True,9.0
foreboding ruins,land,rare,"Warhammer 40,000 Commander",40K,True,2022-10-07,2022,[],0,0.0,,,0.0,,[],False,"As this land enters, you may reveal a Swamp or Mountain card from your hand. If you don't, this land enters tapped.
{T}: Add {B} or {R}.",True,307.0
foreboding ruins,land,rare,"Warhammer 40,000 Commander",40K,True,2022-10-07,2022,[],0,0.0,,,0.0,,[],False,"As this land enters, you may reveal a Swamp or Mountain card from your hand. If you don't, this land enters tapped.
{T}: Add {B} or {R}.",True,307.0
forgotten cave,land,common,"Warhammer 40,000 Commander",40K,True,2022-10-07,2022,['Cycling'],1,0.0,,,0.0,,[],False,"This land enters tapped.
{T}: Add {R}.
Cycling {R} ({R}, Discard this card: Draw a card.)",True,740.0
forgotten cave,land,common,"Warhammer 40,000 Commander",40K,True,2022-10-07,2022,['Cycling'],1,0.0,,,0.0,,[],False,"This land enters tapped.
{T}: Add {R}.
Cycling {R} ({R}, Discard this card: Draw a card.)",True,740.0
frontier bivouac,land,uncommon,"Warhammer 40,000 Commander",40K,True,2022-10-07,2022,[],0,0.0,,,0.0,,[],False,"This land enters tapped.
{T}: Add {G}, {U}, or {R}.",True,389.0
frontier bivouac,land,uncommon,"Warhammer 40,000 Commander",40K,True,2022-10-07,2022,[],0,0.0,,,0.0,,[],False,"This land enters tapped.
{T}: Add {G}, {U}, or {R}.",True,389.0
game trail,land,rare,"Warhammer 40,000 Commander",40K,True,2022-10-07,2022,[],0,0.0,,,0.0,,[],False,"As this land enters, you may reveal a Mountain or Forest card from your hand. If you don't, this land enters tapped.
{T}: Add {R} or {G}.",True,334.0
game trail,land,rare,"Warhammer 40,000 Commander",40K,True,2022-10-07,2022,[],0,0.0,,,0.0,,[],False,"As this land enters, you may reveal a Mountain or Forest card from your hand. If you don't, this land enters tapped.
{T}: Add {R} or {G}.",True,334.0
memorial to glory,land,uncommon,"Warhammer 40,000 Commander",40K,True,2022-10-07,2022,[],0,0.0,,,0.0,,[],False,"This land enters tapped.
{T}: Add {W}.
{3}{W}, {T}, Sacrifice this land: Create two 1/1 white Soldier creature tokens.",True,6134.0
memorial to glory,land,uncommon,"Warhammer 40,000 Commander",40K,True,2022-10-07,2022,[],0,0.0,,,0.0,,[],False,"This land enters tapped.
{T}: Add {W}.
{3}{W}, {T}, Sacrifice this land: Create two 1/1 white Soldier creature tokens.",True,6134.0
molten slagheap,land,uncommon,"Warhammer 40,000 Commander",40K,True,2022-10-07,2022,[],0,0.0,,,0.0,,[],False,"{T}: Add {C}.
{1}, {T}: Put a storage counter on this land.
{1}, Remove X storage counters from this land: Add X mana in any combination of {B} and/or {R}.",True,7673.0
molten slagheap,land,uncommon,"Warhammer 40,000 Commander",40K,True,2022-10-07,2022,[],0,0.0,,,0.0,,[],False,"{T}: Add {C}.
{1}, {T}: Put a storage counter on this land.
{1}, Remove X storage counters from this land: Add X mana in any combination of {B} and/or {R}.",True,7673.0
myriad landscape,land,uncommon,"Warhammer 40,000 Commander",40K,True,2022-10-07,2022,[],0,0.0,,,0.0,,[],False,"This land enters tapped.
{T}: Add {C}.
{2}, {T}, Sacrifice this land: Search your library for up to two basic land cards that share a land type, put them onto the battlefield tapped, then shuffle.",True,22.0
myriad landscape,land,uncommon,"Warhammer 40,000 Commander",40K,True,2022-10-07,2022,[],0,0.0,,,0.0,,[],False,"This land enters tapped.
{T}: Add {C}.
{2}, {T}, Sacrifice this land: Search your library for up to two basic land cards that share a land type, put them onto the battlefield tapped, then shuffle.",True,22.0
opal palace,land,common,"Warhammer 40,000 Commander",40K,True,2022-10-07,2022,[],0,0.0,,,0.0,,[],False,"{T}: Add {C}.
{1}, {T}: Add one mana of any color in your commander's color identity. If you spend this mana to cast your commander, it enters with a number of additional +1/+1 counters on it equal to the number of times it's been cast from the command zone this game.",True,620.0
opal palace,land,common,"Warhammer 40,000 Commander",40K,True,2022-10-07,2022,[],0,0.0,,,0.0,,[],False,"{T}: Add {C}.
{1}, {T}: Add one mana of any color in your commander's color identity. If you spend this mana to cast your commander, it enters with a number of additional +1/+1 counters on it equal to the number of times it's been cast from the command zone this game.",True,620.0
path of ancestry,land,common,"Warhammer 40,000 Commander",40K,True,2022-10-07,2022,['Scry'],1,0.0,,,0.0,,[],False,"This land enters tapped.
{T}: Add one mana of any color in your commander's color identity. When that mana is spent to cast a creature spell that shares a creature type with your commander, scry 1. (Look at the top card of your library. You may put that card on the bottom.)",True,14.0
path of ancestry,land,common,"Warhammer 40,000 Commander",40K,True,2022-10-07,2022,['Scry'],1,0.0,,,0.0,,[],False,"This land enters tapped.
{T}: Add one mana of any color in your commander's color identity. When that mana is spent to cast a creature spell that shares a creature type with your commander, scry 1. (Look at the top card of your library. You may put that card on the bottom.)",True,14.0
polluted mire,land,common,"Warhammer 40,000 Commander",40K,True,2022-10-07,2022,['Cycling'],1,0.0,,,0.0,,[],False,"This land enters tapped.
{T}: Add {B}.
Cycling {2} ({2}, Discard this card: Draw a card.)",True,3686.0
polluted mire,land,common,"Warhammer 40,000 Commander",40K,True,2022-10-07,2022,['Cycling'],1,0.0,,,0.0,,[],False,"This land enters tapped.
{T}: Add {B}.
Cycling {2} ({2}, Discard this card: Draw a card.)",True,3686.0
port town,land,rare,"Warhammer 40,000 Commander",40K,True,2022-10-07,2022,[],0,0.0,,,0.0,,[],False,"As this land enters, you may reveal a Plains or Island card from your hand. If you don't, this land enters tapped.
{T}: Add {W} or {U}.",True,328.0
port town,land,rare,"Warhammer 40,000 Commander",40K,True,2022-10-07,2022,[],0,0.0,,,0.0,,[],False,"As this land enters, you may reveal a Plains or Island card from your hand. If you don't, this land enters tapped.
{T}: Add {W} or {U}.",True,328.0
prairie stream,land — plains island,rare,"Warhammer 40,000 Commander",40K,True,2022-10-07,2022,[],0,0.0,,,0.0,,[],False,"({T}: Add {W} or {U}.)
This land enters tapped unless you control two or more basic lands.",True,105.0
prairie stream,land — plains island,rare,"Warhammer 40,000 Commander",40K,True,2022-10-07,2022,[],0,0.0,,,0.0,,[],False,"({T}: Add {W} or {U}.)
This land enters tapped unless you control two or more basic lands.",True,105.0
reliquary tower,land,uncommon,"Warhammer 40,000 Commander",40K,True,2022-10-07,2022,[],0,0.0,,,0.0,,[],False,"You have no maximum hand size.
{T}: Add {C}.",True,10.0
reliquary tower,land,uncommon,"Warhammer 40,000 Commander",40K,True,2022-10-07,2022,[],0,0.0,,,0.0,,[],False,"You have no maximum hand size.
{T}: Add {C}.",True,10.0
rugged highlands,land,common,"Warhammer 40,000 Commander",40K,True,2022-10-07,2022,[],0,0.0,,,0.0,,[],False,"This land enters tapped.
When this land enters, you gain 1 life.
{T}: Add {R} or {G}.",True,1284.0
rugged highlands,land,common,"Warhammer 40,000 Commander",40K,True,2022-10-07,2022,[],0,0.0,,,0.0,,[],False,"This land enters tapped.
When this land enters, you gain 1 life.
{T}: Add {R} or {G}.",True,1284.0
scoured barrens,land,common,"Warhammer 40,000 Commander",40K,True,2022-10-07,2022,[],0,0.0,,,0.0,,[],False,"This land enters tapped.
When this land enters, you gain 1 life.
{T}: Add {W} or {B}.",True,681.0
scoured barrens,land,common,"Warhammer 40,000 Commander",40K,True,2022-10-07,2022,[],0,0.0,,,0.0,,[],False,"This land enters tapped.
When this land enters, you gain 1 life.
{T}: Add {W} or {B}.",True,681.0
skycloud expanse,land,rare,"Warhammer 40,000 Commander",40K,True,2022-10-07,2022,[],0,0.0,,,0.0,,[],False,"{1}, {T}: Add {W}{U}.",True,363.0
skycloud expanse,land,rare,"Warhammer 40,000 Commander",40K,True,2022-10-07,2022,[],0,0.0,,,0.0,,[],False,"{1}, {T}: Add {W}{U}.",True,363.0
sunken hollow,land — island swamp,rare,"Warhammer 40,000 Commander",40K,True,2022-10-07,2022,[],0,0.0,,,0.0,,[],False,"({T}: Add {U} or {B}.)
This land enters tapped unless you control two or more basic lands.",True,80.0
sunken hollow,land — island swamp,rare,"Warhammer 40,000 Commander",40K,True,2022-10-07,2022,[],0,0.0,,,0.0,,[],False,"({T}: Add {U} or {B}.)
This land enters tapped unless you control two or more basic lands.",True,80.0
swiftwater cliffs,land,common,"Warhammer 40,000 Commander",40K,True,2022-10-07,2022,[],0,0.0,,,0.0,,[],False,"This land enters tapped.
When this land enters, you gain 1 life.
{T}: Add {U} or {R}.",True,959.0
swiftwater cliffs,land,common,"Warhammer 40,000 Commander",40K,True,2022-10-07,2022,[],0,0.0,,,0.0,,[],False,"This land enters tapped.
When this land enters, you gain 1 life.
{T}: Add {U} or {R}.",True,959.0
temple of abandon,land,rare,"Warhammer 40,000 Commander",40K,True,2022-10-07,2022,['Scry'],1,0.0,,,0.0,,[],False,"This land enters tapped.
When this land enters, scry 1. (Look at the top card of your library. You may put that card on the bottom.)
{T}: Add {R} or {G}.",True,429.0
temple of abandon,land,rare,"Warhammer 40,000 Commander",40K,True,2022-10-07,2022,['Scry'],1,0.0,,,0.0,,[],False,"This land enters tapped.
When this land enters, scry 1. (Look at the top card of your library. You may put that card on the bottom.)
{T}: Add {R} or {G}.",True,429.0
temple of epiphany,land,rare,"Warhammer 40,000 Commander",40K,True,2022-10-07,2022,['Scry'],1,0.0,,,0.0,,[],False,"This land enters tapped.
When this land enters, scry 1. (Look at the top card of your library. You may put that card on the bottom.)
{T}: Add {U} or {R}.",True,258.0
temple of epiphany,land,rare,"Warhammer 40,000 Commander",40K,True,2022-10-07,2022,['Scry'],1,0.0,,,0.0,,[],False,"This land enters tapped.
When this land enters, scry 1. (Look at the top card of your library. You may put that card on the bottom.)
{T}: Add {U} or {R}.",True,258.0
temple of mystery,land,rare,"Warhammer 40,000 Commander",40K,True,2022-10-07,2022,['Scry'],1,0.0,,,0.0,,[],False,"This land enters tapped.
When this land enters, scry 1. (Look at the top card of your library. You may put that card on the bottom.)
{T}: Add {G} or {U}.",True,282.0
temple of mystery,land,rare,"Warhammer 40,000 Commander",40K,True,2022-10-07,2022,['Scry'],1,0.0,,,0.0,,[],False,"This land enters tapped.
When this land enters, scry 1. (Look at the top card of your library. You may put that card on the bottom.)
{T}: Add {G} or {U}.",True,282.0
temple of the false god,land,uncommon,"Warhammer 40,000 Commander",40K,True,2022-10-07,2022,[],0,0.0,,,0.0,,[],False,{T}: Add {C}{C}. Activate only if you control five or more lands.,True,61.0
temple of the false god,land,uncommon,"Warhammer 40,000 Commander",40K,True,2022-10-07,2022,[],0,0.0,,,0.0,,[],False,{T}: Add {C}{C}. Activate only if you control five or more lands.,True,61.0
terramorphic expanse,land,common,"Warhammer 40,000 Commander",40K,True,2022-10-07,2022,[],0,0.0,,,0.0,,[],False,"{T}, Sacrifice this land: Search your library for a basic land card, put it onto the battlefield tapped, then shuffle.",True,27.0
terramorphic expanse,land,common,"Warhammer 40,000 Commander",40K,True,2022-10-07,2022,[],0,0.0,,,0.0,,[],False,"{T}, Sacrifice this land: Search your library for a basic land card, put it onto the battlefield tapped, then shuffle.",True,27.0
thornwood falls,land,common,"Warhammer 40,000 Commander",40K,True,2022-10-07,2022,[],0,0.0,,,0.0,,[],False,"This land enters tapped.
When this land enters, you gain 1 life.
{T}: Add {G} or {U}.",True,951.0
thornwood falls,land,common,"Warhammer 40,000 Commander",40K,True,2022-10-07,2022,[],0,0.0,,,0.0,,[],False,"This land enters tapped.
When this land enters, you gain 1 life.
{T}: Add {G} or {U}.",True,951.0
tranquil cove,land,common,"Warhammer 40,000 Commander",40K,True,2022-10-07,2022,[],0,0.0,,,0.0,,[],False,"This land enters tapped.
When this land enters, you gain 1 life.
{T}: Add {W} or {U}.",True,1030.0
tranquil cove,land,common,"Warhammer 40,000 Commander",40K,True,2022-10-07,2022,[],0,0.0,,,0.0,,[],False,"This land enters tapped.
When this land enters, you gain 1 life.
{T}: Add {W} or {U}.",True,1030.0
unclaimed territory,land,uncommon,"Warhammer 40,000 Commander",40K,True,2022-10-07,2022,[],0,0.0,,,0.0,,[],False,"As this land enters, choose a creature type.
{T}: Add {C}.
{T}: Add one mana of any color. Spend this mana only to cast a creature spell of the chosen type.",True,228.0
unclaimed territory,land,uncommon,"Warhammer 40,000 Commander",40K,True,2022-10-07,2022,[],0,0.0,,,0.0,,[],False,"As this land enters, choose a creature type.
{T}: Add {C}.
{T}: Add one mana of any color. Spend this mana only to cast a creature spell of the chosen type.",True,228.0
vault of whispers,artifact land,common,"Warhammer 40,000 Commander",40K,True,2022-10-07,2022,[],0,0.0,,,0.0,,[],False,{T}: Add {B}.,True,603.0
vault of whispers,artifact land,common,"Warhammer 40,000 Commander",40K,True,2022-10-07,2022,[],0,0.0,,,0.0,,[],False,{T}: Add {B}.,True,603.0
plains,basic land — plains,common,"Warhammer 40,000 Commander",40K,True,2022-10-07,2022,[],0,0.0,,,0.0,,[],False,({T}: Add {W}.),True,
plains,basic land — plains,common,"Warhammer 40,000 Commander",40K,True,2022-10-07,2022,[],0,0.0,,,0.0,,[],False,({T}: Add {W}.),True,
island,basic land — island,common,"Warhammer 40,000 Commander",40K,True,2022-10-07,2022,[],0,0.0,,,0.0,,[],False,({T}: Add {U}.),True,
island,basic land — island,common,"Warhammer 40,000 Commander",40K,True,2022-10-07,2022,[],0,0.0,,,0.0,,[],False,({T}: Add {U}.),True,
island,basic land — island,common,"Warhammer 40,000 Commander",40K,True,2022-10-07,2022,[],0,0.0,,,0.0,,[],False,({T}: Add {U}.),True,
island,basic land — island,common,"Warhammer 40,000 Commander",40K,True,2022-10-07,2022,[],0,0.0,,,0.0,,[],False,({T}: Add {U}.),True,
island,basic land — island,common,"Warhammer 40,000 Commander",40K,True,2022-10-07,2022,[],0,0.0,,,0.0,,[],False,({T}: Add {U}.),True,
island,basic land — island,common,"Warhammer 40,000 Commander",40K,True,2022-10-07,2022,[],0,0.0,,,0.0,,[],False,({T}: Add {U}.),True,
swamp,basic land — swamp,common,"Warhammer 40,000 Commander",40K,True,2022-10-07,2022,[],0,0.0,,,0.0,,[],False,({T}: Add {B}.),True,
swamp,basic land — swamp,common,"Warhammer 40,000 Commander",40K,True,2022-10-07,2022,[],0,0.0,,,0.0,,[],False,({T}: Add {B}.),True,
swamp,basic land — swamp,common,"Warhammer 40,000 Commander",40K,True,2022-10-07,2022,[],0,0.0,,,0.0,,[],False,({T}: Add {B}.),True,
swamp,basic land — swamp,common,"Warhammer 40,000 Commander",40K,True,2022-10-07,2022,[],0,0.0,,,0.0,,[],False,({T}: Add {B}.),True,
swamp,basic land — swamp,common,"Warhammer 40,000 Commander",40K,True,2022-10-07,2022,[],0,0.0,,,0.0,,[],False,({T}: Add {B}.),True,
swamp,basic land — swamp,common,"Warhammer 40,000 Commander",40K,True,2022-10-07,2022,[],0,0.0,,,0.0,,[],False,({T}: Add {B}.),True,
swamp,basic land — swamp,common,"Warhammer 40,000 Commander",40K,True,2022-10-07,2022,[],0,0.0,,,0.0,,[],False,({T}: Add {B}.),True,
swamp,basic land — swamp,common,"Warhammer 40,000 Commander",40K,True,2022-10-07,2022,[],0,0.0,,,0.0,,[],False,({T}: Add {B}.),True,
swamp,basic land — swamp,common,"Warhammer 40,000 Commander",40K,True,2022-10-07,2022,[],0,0.0,,,0.0,,[],False,({T}: Add {B}.),True,
swamp,basic land — swamp,common,"Warhammer 40,000 Commander",40K,True,2022-10-07,2022,[],0,0.0,,,0.0,,[],False,({T}: Add {B}.),True,
mountain,basic land — mountain,common,"Warhammer 40,000 Commander",40K,True,2022-10-07,2022,[],0,0.0,,,0.0,,[],False,({T}: Add {R}.),True,
mountain,basic land — mountain,common,"Warhammer 40,000 Commander",40K,True,2022-10-07,2022,[],0,0.0,,,0.0,,[],False,({T}: Add {R}.),True,
mountain,basic land — mountain,common,"Warhammer 40,000 Commander",40K,True,2022-10-07,2022,[],0,0.0,,,0.0,,[],False,({T}: Add {R}.),True,
mountain,basic land — mountain,common,"Warhammer 40,000 Commander",40K,True,2022-10-07,2022,[],0,0.0,,,0.0,,[],False,({T}: Add {R}.),True,
forest,basic land — forest,common,"Warhammer 40,000 Commander",40K,True,2022-10-07,2022,[],0,0.0,,,0.0,,[],False,({T}: Add {G}.),True,
forest,basic land — forest,common,"Warhammer 40,000 Commander",40K,True,2022-10-07,2022,[],0,0.0,,,0.0,,[],False,({T}: Add {G}.),True,
"szarekh, the silent king",legendary artifact creature — necron,mythic,"Warhammer 40,000 Commander",40K,True,2022-10-07,2022,"['Flying', 'Mill', 'My Will Be Done']",3,4.0,3.0,4.0,11.0,,['B'],False,"Flying
My Will Be Done - Whenever Szarekh, the Silent King attacks, mill three cards. You may put an artifact creature card or Vehicle card from among the cards milled this way into your hand.",True,9296.0
abaddon the despoiler,legendary creature — astartes warrior,mythic,"Warhammer 40,000 Commander",40K,True,2022-10-07,2022,"['Mark of Chaos Ascendant', 'Trample']",2,5.0,5.0,5.0,15.0,,"['B', 'R', 'U']",True,"Trample
Mark of Chaos Ascendant - During your turn, spells you cast from your hand with mana value X or less have cascade, where X is the total amount of life your opponents have lost this turn.",True,8037.0
inquisitor greyfax,legendary creature — human inquisitor,mythic,"Warhammer 40,000 Commander",40K,True,2022-10-07,2022,"['Hunt for Heresy', 'Investigate', 'Unquestionable Wisdom', 'Vigilance']",4,4.0,3.0,3.0,10.0,,"['B', 'U', 'W']",True,"Vigilance
Unquestionable Wisdom - Other creatures you control get +1/+0 and have vigilance.
Hunt for Heresy - {1}, {T}: Tap target creature an opponent controls. Investigate. (Create a Clue token. It's an artifact with ""{2}, Sacrifice this artifact: Draw a card."")",True,8812.0
the swarmlord,legendary creature — tyranid,mythic,"Warhammer 40,000 Commander",40K,True,2022-10-07,2022,"['Rapid Regeneration', 'Xenos Cunning']",2,6.0,5.0,5.0,16.0,,"['G', 'R', 'U']",True,"Rapid Regeneration - The Swarmlord enters with two +1/+1 counters on it for each time you've cast your commander from the command zone this game.
Xenos Cunning - Whenever a creature you control with a counter on it dies, draw a card.",True,12038.0
"prowl, stoic strategist // prowl, pursuit vehicle",legendary artifact creature — robot,mythic,Transformers,BOT,True,2022-11-18,2022,"['Convert', 'More Than Meets the Eye']",2,4.0,3.0,3.0,10.0,,['W'],False,"More Than Meets the Eye {2}{W} (You may cast this card converted for {2}{W}.)
Whenever Prowl attacks, exile up to one other target tapped creature or Vehicle. For as long as that card remains exiled, its owner may play it.
Whenever a player plays a card exiled with Prowl, you draw a card and convert Prowl.",True,9763.0
"prowl, stoic strategist // prowl, pursuit vehicle",legendary artifact — vehicle,mythic,Transformers,BOT,True,2022-11-18,2022,"['Convert', 'Living metal']",2,4.0,2.0,3.0,9.0,,['W'],False,"Living metal (During your turn, this Vehicle is also a creature.)
Whenever another creature or Vehicle you control enters, put a +1/+1 counter on Prowl. If this is the second time this ability has resolved this turn, convert Prowl.",True,9763.0
"ratchet, field medic // ratchet, rescue racer",legendary artifact creature — robot,mythic,Transformers,BOT,True,2022-11-18,2022,"['Convert', 'Lifelink', 'More Than Meets the Eye']",3,3.0,2.0,4.0,9.0,,['W'],False,"More Than Meets the Eye {1}{W} (You may cast this card converted for {1}{W}.)
Lifelink
Whenever you gain life, you may convert Ratchet. When you do, return target artifact card with mana value less than or equal to the amount of life you gained this turn from your graveyard to the battlefield tapped.",True,7870.0
"ratchet, field medic // ratchet, rescue racer",legendary artifact — vehicle,mythic,Transformers,BOT,True,2022-11-18,2022,"['Convert', 'Lifelink', 'Living metal']",3,3.0,1.0,4.0,8.0,,['W'],False,"Living metal (During your turn, this Vehicle is also a creature.)
Lifelink
Whenever one or more nontoken artifacts you control are put into a graveyard from the battlefield, convert Ratchet. This ability triggers only once each turn.",True,7870.0
"jetfire, ingenious scientist // jetfire, air guardian",legendary artifact creature — robot,mythic,Transformers,BOT,True,2022-11-18,2022,"['Convert', 'Flying', 'More Than Meets the Eye']",3,5.0,3.0,4.0,12.0,,['U'],False,"More Than Meets the Eye {3}{U} (You may cast this card converted for {3}{U}.)
Flying
Remove one or more +1/+1 counters from among artifacts you control: Target player adds that much {C}. This mana can't be spent to cast nonartifact spells. Convert Jetfire.",True,10871.0
"jetfire, ingenious scientist // jetfire, air guardian",legendary artifact — vehicle,mythic,Transformers,BOT,True,2022-11-18,2022,"['Adapt', 'Convert', 'Flying', 'Living metal']",4,5.0,3.0,4.0,12.0,,['U'],False,"Living metal (During your turn, this Vehicle is also a creature.)
Flying
{U}{U}{U}: Convert Jetfire, then adapt 3. (If it has no +1/+1 counters on it, put three +1/+1 counters on it.)",True,10871.0
"blitzwing, cruel tormentor // blitzwing, adaptive assailant",legendary artifact creature — robot,mythic,Transformers,BOT,True,2022-11-18,2022,"['Convert', 'More Than Meets the Eye']",2,6.0,6.0,5.0,17.0,,['B'],False,"More Than Meets the Eye {3}{B} (You may cast this card converted for {3}{B}.)
At the beginning of your end step, target opponent loses life equal to the life that player lost this turn. If no life is lost this way, convert Blitzwing.",True,8060.0
"blitzwing, cruel tormentor // blitzwing, adaptive assailant",legendary artifact — vehicle,mythic,Transformers,BOT,True,2022-11-18,2022,"['Convert', 'Living metal']",2,6.0,3.0,5.0,14.0,,['B'],False,"Living metal (During your turn, this Vehicle is also a creature.)
At the beginning of combat on your turn, choose flying or indestructible at random. Blitzwing gains that ability until end of turn.
Whenever Blitzwing deals combat damage to a player, convert it.",True,8060.0
"starscream, power hungry // starscream, seeker leader",legendary artifact creature — robot,mythic,Transformers,BOT,True,2022-11-18,2022,"['Convert', 'Flying', 'More Than Meets the Eye']",3,4.0,2.0,3.0,9.0,,['B'],False,"More Than Meets the Eye {2}{B} (You may cast this card converted for {2}{B}.)
Flying
Whenever you draw a card, if you're the monarch, target opponent loses 2 life.
Whenever one or more creatures deal combat damage to you, convert Starscream.",True,6174.0
"starscream, power hungry // starscream, seeker leader",legendary artifact — vehicle,mythic,Transformers,BOT,True,2022-11-18,2022,"['Convert', 'Flying', 'Haste', 'Living metal', 'Menace']",5,4.0,2.0,3.0,9.0,,['B'],False,"Living metal (During your turn, this Vehicle is also a creature.)
Flying, menace, haste
Whenever Starscream deals combat damage to a player, if there is no monarch, that player becomes the monarch.
Whenever you become the monarch, convert Starscream.",True,6174.0
"slicer, hired muscle // slicer, high-speed antagonist",legendary artifact creature — robot,mythic,Transformers,BOT,True,2022-11-18,2022,"['Convert', 'Double strike', 'Goad', 'Haste', 'More Than Meets the Eye']",5,5.0,3.0,4.0,12.0,,['R'],False,"More Than Meets the Eye {2}{R} (You may cast this card converted for {2}{R}.)
Double strike, haste
At the beginning of each opponent's upkeep, you may have that player gain control of Slicer until end of turn. If you do, untap Slicer, goad it, and it can't be sacrificed this turn. If you don't, convert it.",True,3142.0
"slicer, hired muscle // slicer, high-speed antagonist",legendary artifact — vehicle,mythic,Transformers,BOT,True,2022-11-18,2022,"['Convert', 'First strike', 'Haste', 'Living metal']",4,5.0,3.0,2.0,10.0,,['R'],False,"Living metal (During your turn, this Vehicle is also a creature.)
First strike, haste
Whenever Slicer deals combat damage to a player, convert it at end of combat.",True,3142.0
"arcee, sharpshooter // arcee, acrobatic coupe",legendary artifact creature — robot,mythic,Transformers,BOT,True,2022-11-18,2022,"['Convert', 'First strike', 'More Than Meets the Eye']",3,3.0,2.0,2.0,7.0,,"['R', 'W']",True,"More Than Meets the Eye {R}{W} (You may cast this card converted for {R}{W}.)
First strike
{1}, Remove one or more +1/+1 counters from Arcee: It deals that much damage to target creature. Convert Arcee.",True,12537.0
"arcee, sharpshooter // arcee, acrobatic coupe",legendary artifact — vehicle,mythic,Transformers,BOT,True,2022-11-18,2022,"['Convert', 'Living metal']",2,3.0,2.0,2.0,7.0,,"['R', 'W']",True,"Living metal (During your turn, this Vehicle is also a creature.)
Whenever you cast a spell that targets one or more creatures or Vehicles you control, put that many +1/+1 counters on Arcee. Convert Arcee.",True,12537.0
"blaster, combat dj // blaster, morale booster",legendary artifact creature — robot,mythic,Transformers,BOT,True,2022-11-18,2022,"['Convert', 'Modular', 'More Than Meets the Eye']",3,5.0,3.0,3.0,11.0,,"['G', 'R']",True,"More Than Meets the Eye {1}{R}{G} (You may cast this card converted for {1}{R}{G}.)
Other nontoken artifact creatures and Vehicles you control have modular 1. (They enter with an additional +1/+1 counter on them. When they die, you may put their +1/+1 counters on target artifact creature.)
Whenever you put one or more +1/+1 counters on Blaster, convert it.",True,13110.0
"blaster, combat dj // blaster, morale booster",legendary artifact,mythic,Transformers,BOT,True,2022-11-18,2022,"['Convert', 'Modular']",2,5.0,,,5.0,,"['G', 'R']",True,"Modular 3
{X}, {T}: Move X +1/+1 counters from Blaster onto another target artifact. That artifact gains haste until end of turn. If Blaster has no +1/+1 counters on it, convert it. Activate only as a sorcery.",True,13110.0
"cyclonus, the saboteur // cyclonus, cybertronian fighter",legendary artifact creature — robot,mythic,Transformers,BOT,True,2022-11-18,2022,"['Connive', 'Convert', 'Flying', 'More Than Meets the Eye']",4,4.0,2.0,5.0,11.0,,"['B', 'U']",True,"More Than Meets the Eye {5}{U}{B} (You may cast this card converted for {5}{U}{B}.)
Flying
Whenever Cyclonus deals combat damage to a player, it connives. Then if Cyclonus's power is 5 or greater, convert it. (To have a creature connive, draw a card, then discard a card. If you discarded a nonland card, put a +1/+1 counter on that creature.)",True,11874.0
"cyclonus, the saboteur // cyclonus, cybertronian fighter",legendary artifact — vehicle,mythic,Transformers,BOT,True,2022-11-18,2022,"['Convert', 'Flying', 'Living metal']",3,4.0,5.0,5.0,14.0,,"['B', 'U']",True,"Living metal (During your turn, this Vehicle is also a creature.)
Flying
Whenever Cyclonus deals combat damage to a player, convert it. If you do, there is an additional beginning phase after this phase. (The beginning phase includes the untap, upkeep, and draw steps.)",True,11874.0
"flamewar, brash veteran // flamewar, streetwise operative",legendary artifact creature — robot,mythic,Transformers,BOT,True,2022-11-18,2022,"['Convert', 'More Than Meets the Eye']",2,3.0,3.0,2.0,8.0,,"['B', 'R']",True,"More Than Meets the Eye {B}{R} (You may cast this card converted for {B}{R}.)
Sacrifice another artifact: Put a +1/+1 counter on Flamewar and convert it. Activate only as a sorcery.
{1}, Discard your hand: Put all exiled cards you own with intel counters on them into your hand.",True,11864.0
"flamewar, brash veteran // flamewar, streetwise operative",legendary artifact — vehicle,mythic,Transformers,BOT,True,2022-11-18,2022,"['Convert', 'Deathtouch', 'Living metal', 'Menace']",4,3.0,2.0,1.0,6.0,,"['B', 'R']",True,"Living metal (During your turn, this Vehicle is also a creature.)
Menace, deathtouch
Whenever Flamewar deals combat damage to a player, exile that many cards from the top of your library face down. Put an intel counter on each of them. Convert Flamewar.",True,11864.0
"goldbug, humanity's ally // goldbug, scrappy scout",legendary artifact creature — robot,mythic,Transformers,BOT,True,2022-11-18,2022,"['Convert', 'More Than Meets the Eye']",2,3.0,3.0,3.0,9.0,,"['U', 'W']",True,"More Than Meets the Eye {W}{U} (You may cast this card converted for {W}{U}.)
Prevent all combat damage that would be dealt to attacking Humans you control.
Whenever you cast your second spell each turn, convert Goldbug.",True,10630.0
"goldbug, humanity's ally // goldbug, scrappy scout",legendary artifact — vehicle,mythic,Transformers,BOT,True,2022-11-18,2022,"['Convert', 'Living metal']",2,3.0,1.0,3.0,7.0,,"['U', 'W']",True,"Living metal (During your turn, this Vehicle is also a creature.)
Human spells you control can't be countered.
Whenever Goldbug and at least one Human attack, draw a card and convert Goldbug.",True,10630.0
"megatron, tyrant // megatron, destructive force",legendary artifact creature — robot,mythic,Transformers,BOT,True,2022-11-18,2022,"['Convert', 'More Than Meets the Eye']",2,6.0,7.0,5.0,18.0,,"['B', 'R', 'W']",True,"More Than Meets the Eye {1}{R}{W}{B} (You may cast this card converted for {1}{R}{W}{B}.)
Your opponents can't cast spells during combat.
At the beginning of each of your postcombat main phases, you may convert Megatron. If you do, add {C} for each 1 life your opponents have lost this turn.",True,10633.0
"megatron, tyrant // megatron, destructive force",legendary artifact — vehicle,mythic,Transformers,BOT,True,2022-11-18,2022,"['Convert', 'Living metal']",2,6.0,4.0,5.0,15.0,,"['B', 'R', 'W']",True,"Living metal (During your turn, this Vehicle is also a creature.)
Whenever Megatron attacks, you may sacrifice another artifact. When you do, Megatron deals damage equal to the sacrificed artifact's mana value to target creature. If excess damage would be dealt to that creature this way, instead that damage is dealt to that creature's controller and you convert Megatron.",True,10633.0
"optimus prime, hero // optimus prime, autobot leader",legendary artifact creature — robot,mythic,Transformers,BOT,True,2022-11-18,2022,"['Bolster', 'Convert', 'More Than Meets the Eye']",3,6.0,4.0,8.0,18.0,,"['R', 'U', 'W']",True,"More Than Meets the Eye {2}{U}{R}{W} (You may cast this card converted for {2}{U}{R}{W}.)
At the beginning of each end step, bolster 1. (Choose a creature with the least toughness among creatures you control and put a +1/+1 counter on it.)
When Optimus Prime dies, return it to the battlefield converted under its owner's control.",True,8615.0
"optimus prime, hero // optimus prime, autobot leader",legendary artifact — vehicle,mythic,Transformers,BOT,True,2022-11-18,2022,"['Bolster', 'Convert', 'Living metal', 'Trample']",4,6.0,6.0,8.0,20.0,,"['R', 'U', 'W']",True,"Living metal (During your turn, this Vehicle is also a creature.)
Trample
Whenever you attack, bolster 2. The chosen creature gains trample until end of turn. When that creature deals combat damage to a player this turn, convert Optimus Prime.",True,8615.0
"soundwave, sonic spy // soundwave, superior captain",legendary artifact creature — robot,mythic,Transformers,BOT,True,2022-11-18,2022,"['Convert', 'More Than Meets the Eye']",2,4.0,5.0,4.0,13.0,,"['B', 'U', 'W']",True,"More Than Meets the Eye {2}{W}{U}{B} (You may cast this card converted for {2}{W}{U}{B}.)
Whenever one or more creature tokens you control deal combat damage to a player, exile target instant or sorcery card with mana value equal to the damage dealt from their graveyard. Copy it. You may cast the copy without paying its mana cost. If you do, convert Soundwave.",True,13285.0
"soundwave, sonic spy // soundwave, superior captain",legendary artifact,mythic,Transformers,BOT,True,2022-11-18,2022,['Convert'],1,4.0,,,4.0,,"['B', 'U', 'W']",True,"Whenever you cast a spell with an odd mana value, convert Soundwave. If you do, create Ravage, a legendary 3/3 black Robot artifact creature token with menace and deathtouch.
Whenever you cast a spell with an even mana value, convert Soundwave. If you do, create Laserbeak, a legendary 2/2 blue Robot artifact creature token with flying and hexproof.",True,13285.0
"ultra magnus, tactician // ultra magnus, armored carrier",legendary artifact creature — robot,mythic,Transformers,BOT,True,2022-11-18,2022,"['Convert', 'More Than Meets the Eye', 'Ward']",3,7.0,7.0,7.0,21.0,,"['G', 'R', 'W']",True,"More Than Meets the Eye {2}{R}{G}{W} (You may cast this card converted for {2}{R}{G}{W}.)
Ward {2}
Whenever Ultra Magnus attacks, you may put an artifact creature card from your hand onto the battlefield tapped and attacking. If you do, convert Ultra Magnus at end of combat.",True,14631.0
"ultra magnus, tactician // ultra magnus, armored carrier",legendary artifact — vehicle,mythic,Transformers,BOT,True,2022-11-18,2022,"['Convert', 'Formidable', 'Haste', 'Living metal']",4,7.0,4.0,7.0,18.0,,"['G', 'R', 'W']",True,"Living metal (During your turn, this Vehicle is also a creature.)
Haste
Formidable - Whenever Ultra Magnus attacks, attacking creatures you control gain indestructible until end of turn. If those creatures have total power 8 or greater, convert Ultra Magnus.",True,14631.0
"prowl, stoic strategist // prowl, pursuit vehicle",legendary artifact creature — robot,mythic,Transformers,BOT,True,2022-11-18,2022,"['Convert', 'More Than Meets the Eye']",2,4.0,3.0,3.0,10.0,,['W'],False,"More Than Meets the Eye {2}{W} (You may cast this card converted for {2}{W}.)
Whenever Prowl attacks, exile up to one other target tapped creature or Vehicle. For as long as that card remains exiled, its owner may play it.
Whenever a player plays a card exiled with Prowl, you draw a card and convert Prowl.",True,9763.0
"prowl, stoic strategist // prowl, pursuit vehicle",legendary artifact — vehicle,mythic,Transformers,BOT,True,2022-11-18,2022,"['Convert', 'Living metal']",2,4.0,2.0,3.0,9.0,,['W'],False,"Living metal (During your turn, this Vehicle is also a creature.)
Whenever another creature or Vehicle you control enters, put a +1/+1 counter on Prowl. If this is the second time this ability has resolved this turn, convert Prowl.",True,9763.0
"ratchet, field medic // ratchet, rescue racer",legendary artifact creature — robot,mythic,Transformers,BOT,True,2022-11-18,2022,"['Convert', 'Lifelink', 'More Than Meets the Eye']",3,3.0,2.0,4.0,9.0,,['W'],False,"More Than Meets the Eye {1}{W} (You may cast this card converted for {1}{W}.)
Lifelink
Whenever you gain life, you may convert Ratchet. When you do, return target artifact card with mana value less than or equal to the amount of life you gained this turn from your graveyard to the battlefield tapped.",True,7870.0
"ratchet, field medic // ratchet, rescue racer",legendary artifact — vehicle,mythic,Transformers,BOT,True,2022-11-18,2022,"['Convert', 'Lifelink', 'Living metal']",3,3.0,1.0,4.0,8.0,,['W'],False,"Living metal (During your turn, this Vehicle is also a creature.)
Lifelink
Whenever one or more nontoken artifacts you control are put into a graveyard from the battlefield, convert Ratchet. This ability triggers only once each turn.",True,7870.0
"jetfire, ingenious scientist // jetfire, air guardian",legendary artifact creature — robot,mythic,Transformers,BOT,True,2022-11-18,2022,"['Convert', 'Flying', 'More Than Meets the Eye']",3,5.0,3.0,4.0,12.0,,['U'],False,"More Than Meets the Eye {3}{U} (You may cast this card converted for {3}{U}.)
Flying
Remove one or more +1/+1 counters from among artifacts you control: Target player adds that much {C}. This mana can't be spent to cast nonartifact spells. Convert Jetfire.",True,10871.0
"jetfire, ingenious scientist // jetfire, air guardian",legendary artifact — vehicle,mythic,Transformers,BOT,True,2022-11-18,2022,"['Adapt', 'Convert', 'Flying', 'Living metal']",4,5.0,3.0,4.0,12.0,,['U'],False,"Living metal (During your turn, this Vehicle is also a creature.)
Flying
{U}{U}{U}: Convert Jetfire, then adapt 3. (If it has no +1/+1 counters on it, put three +1/+1 counters on it.)",True,10871.0
"blitzwing, cruel tormentor // blitzwing, adaptive assailant",legendary artifact creature — robot,mythic,Transformers,BOT,True,2022-11-18,2022,"['Convert', 'More Than Meets the Eye']",2,6.0,6.0,5.0,17.0,,['B'],False,"More Than Meets the Eye {3}{B} (You may cast this card converted for {3}{B}.)
At the beginning of your end step, target opponent loses life equal to the life that player lost this turn. If no life is lost this way, convert Blitzwing.",True,8060.0
"blitzwing, cruel tormentor // blitzwing, adaptive assailant",legendary artifact — vehicle,mythic,Transformers,BOT,True,2022-11-18,2022,"['Convert', 'Living metal']",2,6.0,3.0,5.0,14.0,,['B'],False,"Living metal (During your turn, this Vehicle is also a creature.)
At the beginning of combat on your turn, choose flying or indestructible at random. Blitzwing gains that ability until end of turn.
Whenever Blitzwing deals combat damage to a player, convert it.",True,8060.0
"starscream, power hungry // starscream, seeker leader",legendary artifact creature — robot,mythic,Transformers,BOT,True,2022-11-18,2022,"['Convert', 'Flying', 'More Than Meets the Eye']",3,4.0,2.0,3.0,9.0,,['B'],False,"More Than Meets the Eye {2}{B} (You may cast this card converted for {2}{B}.)
Flying
Whenever you draw a card, if you're the monarch, target opponent loses 2 life.
Whenever one or more creatures deal combat damage to you, convert Starscream.",True,6174.0
"starscream, power hungry // starscream, seeker leader",legendary artifact — vehicle,mythic,Transformers,BOT,True,2022-11-18,2022,"['Convert', 'Flying', 'Haste', 'Living metal', 'Menace']",5,4.0,2.0,3.0,9.0,,['B'],False,"Living metal (During your turn, this Vehicle is also a creature.)
Flying, menace, haste
Whenever Starscream deals combat damage to a player, if there is no monarch, that player becomes the monarch.
Whenever you become the monarch, convert Starscream.",True,6174.0
"slicer, hired muscle // slicer, high-speed antagonist",legendary artifact creature — robot,mythic,Transformers,BOT,True,2022-11-18,2022,"['Convert', 'Double strike', 'Goad', 'Haste', 'More Than Meets the Eye']",5,5.0,3.0,4.0,12.0,,['R'],False,"More Than Meets the Eye {2}{R} (You may cast this card converted for {2}{R}.)
Double strike, haste
At the beginning of each opponent's upkeep, you may have that player gain control of Slicer until end of turn. If you do, untap Slicer, goad it, and it can't be sacrificed this turn. If you don't, convert it.",True,3142.0
"slicer, hired muscle // slicer, high-speed antagonist",legendary artifact — vehicle,mythic,Transformers,BOT,True,2022-11-18,2022,"['Convert', 'First strike', 'Haste', 'Living metal']",4,5.0,3.0,2.0,10.0,,['R'],False,"Living metal (During your turn, this Vehicle is also a creature.)
First strike, haste
Whenever Slicer deals combat damage to a player, convert it at end of combat.",True,3142.0
"blaster, combat dj // blaster, morale booster",legendary artifact creature — robot,mythic,Transformers,BOT,True,2022-11-18,2022,"['Convert', 'Modular', 'More Than Meets the Eye']",3,5.0,3.0,3.0,11.0,,"['G', 'R']",True,"More Than Meets the Eye {1}{R}{G} (You may cast this card converted for {1}{R}{G}.)
Other nontoken artifact creatures and Vehicles you control have modular 1. (They enter with an additional +1/+1 counter on them. When they die, you may put their +1/+1 counters on target artifact creature.)
Whenever you put one or more +1/+1 counters on Blaster, convert it.",True,13110.0
"blaster, combat dj // blaster, morale booster",legendary artifact,mythic,Transformers,BOT,True,2022-11-18,2022,"['Convert', 'Modular']",2,5.0,,,5.0,,"['G', 'R']",True,"Modular 3
{X}, {T}: Move X +1/+1 counters from Blaster onto another target artifact. That artifact gains haste until end of turn. If Blaster has no +1/+1 counters on it, convert it. Activate only as a sorcery.",True,13110.0
"cyclonus, the saboteur // cyclonus, cybertronian fighter",legendary artifact creature — robot,mythic,Transformers,BOT,True,2022-11-18,2022,"['Connive', 'Convert', 'Flying', 'More Than Meets the Eye']",4,4.0,2.0,5.0,11.0,,"['B', 'U']",True,"More Than Meets the Eye {5}{U}{B} (You may cast this card converted for {5}{U}{B}.)
Flying
Whenever Cyclonus deals combat damage to a player, it connives. Then if Cyclonus's power is 5 or greater, convert it. (To have a creature connive, draw a card, then discard a card. If you discarded a nonland card, put a +1/+1 counter on that creature.)",True,11874.0
"cyclonus, the saboteur // cyclonus, cybertronian fighter",legendary artifact — vehicle,mythic,Transformers,BOT,True,2022-11-18,2022,"['Convert', 'Flying', 'Living metal']",3,4.0,5.0,5.0,14.0,,"['B', 'U']",True,"Living metal (During your turn, this Vehicle is also a creature.)
Flying
Whenever Cyclonus deals combat damage to a player, convert it. If you do, there is an additional beginning phase after this phase. (The beginning phase includes the untap, upkeep, and draw steps.)",True,11874.0
"flamewar, brash veteran // flamewar, streetwise operative",legendary artifact creature — robot,mythic,Transformers,BOT,True,2022-11-18,2022,"['Convert', 'More Than Meets the Eye']",2,3.0,3.0,2.0,8.0,,"['B', 'R']",True,"More Than Meets the Eye {B}{R} (You may cast this card converted for {B}{R}.)
Sacrifice another artifact: Put a +1/+1 counter on Flamewar and convert it. Activate only as a sorcery.
{1}, Discard your hand: Put all exiled cards you own with intel counters on them into your hand.",True,11864.0
"flamewar, brash veteran // flamewar, streetwise operative",legendary artifact — vehicle,mythic,Transformers,BOT,True,2022-11-18,2022,"['Convert', 'Deathtouch', 'Living metal', 'Menace']",4,3.0,2.0,1.0,6.0,,"['B', 'R']",True,"Living metal (During your turn, this Vehicle is also a creature.)
Menace, deathtouch
Whenever Flamewar deals combat damage to a player, exile that many cards from the top of your library face down. Put an intel counter on each of them. Convert Flamewar.",True,11864.0
"goldbug, humanity's ally // goldbug, scrappy scout",legendary artifact creature — robot,mythic,Transformers,BOT,True,2022-11-18,2022,"['Convert', 'More Than Meets the Eye']",2,3.0,3.0,3.0,9.0,,"['U', 'W']",True,"More Than Meets the Eye {W}{U} (You may cast this card converted for {W}{U}.)
Prevent all combat damage that would be dealt to attacking Humans you control.
Whenever you cast your second spell each turn, convert Goldbug.",True,10630.0
"goldbug, humanity's ally // goldbug, scrappy scout",legendary artifact — vehicle,mythic,Transformers,BOT,True,2022-11-18,2022,"['Convert', 'Living metal']",2,3.0,1.0,3.0,7.0,,"['U', 'W']",True,"Living metal (During your turn, this Vehicle is also a creature.)
Human spells you control can't be countered.
Whenever Goldbug and at least one Human attack, draw a card and convert Goldbug.",True,10630.0
"megatron, tyrant // megatron, destructive force",legendary artifact creature — robot,mythic,Transformers,BOT,True,2022-11-18,2022,"['Convert', 'More Than Meets the Eye']",2,6.0,7.0,5.0,18.0,,"['B', 'R', 'W']",True,"More Than Meets the Eye {1}{R}{W}{B} (You may cast this card converted for {1}{R}{W}{B}.)
Your opponents can't cast spells during combat.
At the beginning of each of your postcombat main phases, you may convert Megatron. If you do, add {C} for each 1 life your opponents have lost this turn.",True,10633.0
"megatron, tyrant // megatron, destructive force",legendary artifact — vehicle,mythic,Transformers,BOT,True,2022-11-18,2022,"['Convert', 'Living metal']",2,6.0,4.0,5.0,15.0,,"['B', 'R', 'W']",True,"Living metal (During your turn, this Vehicle is also a creature.)
Whenever Megatron attacks, you may sacrifice another artifact. When you do, Megatron deals damage equal to the sacrificed artifact's mana value to target creature. If excess damage would be dealt to that creature this way, instead that damage is dealt to that creature's controller and you convert Megatron.",True,10633.0
"optimus prime, hero // optimus prime, autobot leader",legendary artifact creature — robot,mythic,Transformers,BOT,True,2022-11-18,2022,"['Bolster', 'Convert', 'More Than Meets the Eye']",3,6.0,4.0,8.0,18.0,,"['R', 'U', 'W']",True,"More Than Meets the Eye {2}{U}{R}{W} (You may cast this card converted for {2}{U}{R}{W}.)
At the beginning of each end step, bolster 1. (Choose a creature with the least toughness among creatures you control and put a +1/+1 counter on it.)
When Optimus Prime dies, return it to the battlefield converted under its owner's control.",True,8615.0
"optimus prime, hero // optimus prime, autobot leader",legendary artifact — vehicle,mythic,Transformers,BOT,True,2022-11-18,2022,"['Bolster', 'Convert', 'Living metal', 'Trample']",4,6.0,6.0,8.0,20.0,,"['R', 'U', 'W']",True,"Living metal (During your turn, this Vehicle is also a creature.)
Trample
Whenever you attack, bolster 2. The chosen creature gains trample until end of turn. When that creature deals combat damage to a player this turn, convert Optimus Prime.",True,8615.0
"soundwave, sonic spy // soundwave, superior captain",legendary artifact creature — robot,mythic,Transformers,BOT,True,2022-11-18,2022,"['Convert', 'More Than Meets the Eye']",2,4.0,5.0,4.0,13.0,,"['B', 'U', 'W']",True,"More Than Meets the Eye {2}{W}{U}{B} (You may cast this card converted for {2}{W}{U}{B}.)
Whenever one or more creature tokens you control deal combat damage to a player, exile target instant or sorcery card with mana value equal to the damage dealt from their graveyard. Copy it. You may cast the copy without paying its mana cost. If you do, convert Soundwave.",True,13285.0
"soundwave, sonic spy // soundwave, superior captain",legendary artifact,mythic,Transformers,BOT,True,2022-11-18,2022,['Convert'],1,4.0,,,4.0,,"['B', 'U', 'W']",True,"Whenever you cast a spell with an odd mana value, convert Soundwave. If you do, create Ravage, a legendary 3/3 black Robot artifact creature token with menace and deathtouch.
Whenever you cast a spell with an even mana value, convert Soundwave. If you do, create Laserbeak, a legendary 2/2 blue Robot artifact creature token with flying and hexproof.",True,13285.0
"ultra magnus, tactician // ultra magnus, armored carrier",legendary artifact creature — robot,mythic,Transformers,BOT,True,2022-11-18,2022,"['Convert', 'More Than Meets the Eye', 'Ward']",3,7.0,7.0,7.0,21.0,,"['G', 'R', 'W']",True,"More Than Meets the Eye {2}{R}{G}{W} (You may cast this card converted for {2}{R}{G}{W}.)
Ward {2}
Whenever Ultra Magnus attacks, you may put an artifact creature card from your hand onto the battlefield tapped and attacking. If you do, convert Ultra Magnus at end of combat.",True,14631.0
"ultra magnus, tactician // ultra magnus, armored carrier",legendary artifact — vehicle,mythic,Transformers,BOT,True,2022-11-18,2022,"['Convert', 'Formidable', 'Haste', 'Living metal']",4,7.0,4.0,7.0,18.0,,"['G', 'R', 'W']",True,"Living metal (During your turn, this Vehicle is also a creature.)
Haste
Formidable - Whenever Ultra Magnus attacks, attacking creatures you control gain indestructible until end of turn. If those creatures have total power 8 or greater, convert Ultra Magnus.",True,14631.0
"anti-venom, horrifying healer",legendary creature — symbiote hero,mythic,Marvel Legends Series Inserts,LMAR,True,2025-09-30,2025,[],0,5.0,5.0,5.0,15.0,,['W'],False,"When Anti-Venom enters, if he was cast, return target creature card from your graveyard to the battlefield.
If damage would be dealt to Anti-Venom, prevent that damage and put that many +1/+1 counters on him.",True,8077.0
spectacular spider-man,legendary creature — spider human hero,rare,Marvel Legends Series Inserts,LMAR,True,2025-09-30,2025,['Flash'],1,2.0,3.0,2.0,7.0,,['W'],False,"Flash
{1}: Spectacular Spider-Man gains flying until end of turn.
{1}, Sacrifice Spectacular Spider-Man: Creatures you control gain hexproof and indestructible until end of turn.",True,6067.0
huntmaster of the fells // ravager of the fells,creature — human werewolf,rare,Marvel Legends Series Inserts,LMAR,True,2025-09-30,2025,['Transform'],1,4.0,2.0,2.0,8.0,,"['G', 'R']",True,"Whenever this creature enters or transforms into Huntmaster of the Fells, create a 2/2 green Wolf creature token and you gain 2 life.
At the beginning of each upkeep, if no spells were cast last turn, transform this creature.",True,7996.0
huntmaster of the fells // ravager of the fells,creature — werewolf,rare,Marvel Legends Series Inserts,LMAR,True,2025-09-30,2025,"['Trample', 'Transform']",2,4.0,4.0,4.0,12.0,,"['G', 'R']",True,"Trample
Whenever this creature transforms into Ravager of the Fells, it deals 2 damage to target opponent or planeswalker and 2 damage to up to one target creature that player or that planeswalker's controller controls.
At the beginning of each upkeep, if a player cast two or more spells last turn, transform this creature.",True,7996.0
"iron spider, stark upgrade",legendary artifact creature — spider hero,rare,Marvel Legends Series Inserts,LMAR,True,2025-09-30,2025,['Vigilance'],1,3.0,2.0,3.0,8.0,,[],False,"Vigilance
{T}: Put a +1/+1 counter on each artifact creature and/or Vehicle you control.
{2}, Remove two +1/+1 counters from among artifacts you control: Draw a card.",True,7363.0
"caesar, legion's emperor",legendary creature — human soldier,mythic,Fallout,PIP,True,2024-03-08,2024,[],0,4.0,4.0,4.0,12.0,,"['B', 'R', 'W']",True,"Whenever you attack, you may sacrifice another creature. When you do, choose two -
• Create two 1/1 red and white Soldier creature tokens with haste that are tapped and attacking.
• You draw a card and you lose 1 life.
• Caesar deals damage equal to the number of creature tokens you control to target opponent.",True,2678.0
"dogmeat, ever loyal",legendary creature — dog,mythic,Fallout,PIP,True,2024-03-08,2024,['Mill'],1,3.0,3.0,3.0,9.0,,"['G', 'R', 'W']",True,"When Dogmeat enters, mill five cards, then return an Aura or Equipment card from your graveyard to your hand.
Whenever a creature you control that's enchanted or equipped attacks, create a Junk token. (It's an artifact with ""{T}, Sacrifice this token: Exile the top card of your library. You may play that card this turn. Activate only as a sorcery."")",True,8136.0
dr. madison li,legendary creature — human scientist,mythic,Fallout,PIP,True,2024-03-08,2024,[],0,3.0,2.0,3.0,8.0,,"['R', 'U', 'W']",True,"Whenever you cast an artifact spell, you get {E} (an energy counter).
{T}, Pay {E}: Target creature gets +1/+0 and gains trample and haste until end of turn.
{T}, Pay {E}{E}{E}: Draw a card.
{T}, Pay {E}{E}{E}{E}{E}: Return target artifact card from your graveyard to the battlefield tapped.",True,5817.0
the wise mothman,legendary creature — insect mutant,mythic,Fallout,PIP,True,2024-03-08,2024,['Flying'],1,4.0,3.0,3.0,10.0,,"['B', 'G', 'U']",True,"Flying
Whenever The Wise Mothman enters or attacks, each player gets a rad counter.
Whenever one or more nonland cards are milled, put a +1/+1 counter on each of up to X target creatures, where X is the number of nonland cards milled this way.",True,3548.0
"liberty prime, recharged",legendary artifact creature — robot,mythic,Fallout,PIP,True,2024-03-08,2024,"['Haste', 'Trample', 'Vigilance']",3,5.0,8.0,8.0,21.0,,"['R', 'U', 'W']",True,"Vigilance, trample, haste
Whenever Liberty Prime attacks or blocks, sacrifice it unless you pay {E}{E} (two energy counters).
{2}, {T}, Sacrifice an artifact: You get {E}{E} and draw a card.",True,6473.0
"the master, transcendent",legendary artifact creature — mutant,mythic,Fallout,PIP,True,2024-03-08,2024,[],0,4.0,2.0,4.0,10.0,,"['B', 'G', 'U']",True,"When The Master enters, target player gets two rad counters.
{T}: Put target creature card in a graveyard that was milled this turn onto the battlefield under your control. It's a green Mutant with base power and toughness 3/3. (It loses its other colors and creature types.)",True,4639.0
"mr. house, president and ceo",legendary artifact creature — human,mythic,Fallout,PIP,True,2024-03-08,2024,['Treasure'],1,3.0,0.0,4.0,7.0,,"['B', 'R', 'W']",True,"Whenever you roll a 4 or higher, create a 3/3 colorless Robot artifact creature token. If you rolled 6 or higher, instead create that token and a Treasure token.
{4}, {T}: Roll a six-sided die plus an additional six-sided die for each mana from Treasures spent to activate this ability.",True,5348.0
"preston garvey, minuteman",legendary creature — human soldier,mythic,Fallout,PIP,True,2024-03-08,2024,[],0,5.0,4.0,4.0,13.0,,"['G', 'R', 'W']",True,"At the beginning of combat on your turn, create a green Aura enchantment token named Settlement attached to up to one target land you control. It has enchant land and ""Enchanted land has '{T}: Add one mana of any color.'""
Whenever Preston Garvey attacks, untap each enchanted permanent you control.",True,11013.0
"aradesh, the founder",legendary creature — human soldier,rare,Fallout,PIP,True,2024-03-08,2024,['Enlist'],1,3.0,1.0,4.0,8.0,,['W'],False,"Enlist (As this creature attacks, you may tap a nonattacking creature you control without summoning sickness. When you do, add its power to this creature's until end of turn.)
Whenever a creature you control attacks, if it enlisted a creature this combat, the creature that attacked gains double strike until end of turn. If that creature's power is 4 or greater, draw a card.",True,12515.0
automated assembly line,artifact,rare,Fallout,PIP,True,2024-03-08,2024,[],0,2.0,,,2.0,,['W'],False,"Whenever one or more artifact creatures you control deal combat damage to a player, you get {E} (an energy counter).
Pay {E}{E}{E}: Create a tapped 3/3 colorless Robot artifact creature token.",True,6364.0
battle of hoover dam,enchantment,rare,Fallout,PIP,True,2024-03-08,2024,[],0,4.0,,,4.0,,['W'],False,"As this enchantment enters, choose NCR or Legion.
• NCR - At the beginning of your end step, return target creature card with mana value 3 or less from your graveyard to the battlefield with a finality counter on it.
• Legion - Whenever a creature you control dies, put two +1/+1 counters on target creature you control.",True,7989.0
brotherhood outcast,creature — human soldier,uncommon,Fallout,PIP,True,2024-03-08,2024,[],0,3.0,3.0,2.0,8.0,,['W'],False,"When this creature enters, choose one -
• Return target Aura or Equipment card with mana value 3 or less from your graveyard to the battlefield.
• Put a shield counter on target creature. (If it would be dealt damage or destroyed, remove a shield counter from it instead.)",True,8911.0
brotherhood scribe,creature — human artificer,rare,Fallout,PIP,True,2024-03-08,2024,['Metalcraft'],1,2.0,1.0,3.0,6.0,,['W'],False,"Metalcraft - {T}: You get {E} (an energy counter). Activate only if you control three or more artifacts.
Whenever you get one or more {E} during your turn, creatures you control get +1/+1 until end of turn.",True,6435.0
"codsworth, handy helper",legendary artifact creature — robot,rare,Fallout,PIP,True,2024-03-08,2024,[],0,3.0,2.0,3.0,8.0,,['W'],False,"Commanders you control have ward {2}.
{T}: Add {W}{W}. Spend this mana only to cast Aura and/or Equipment spells.
{T}: Attach target Aura or Equipment you control to target creature you control. Activate only as a sorcery.",True,1613.0
commander sofia daguerre,legendary creature — human pilot,uncommon,Fallout,PIP,True,2024-03-08,2024,"['Crash Landing', 'Flash']",2,4.0,1.0,3.0,8.0,,['W'],False,"Flash
Crash Landing - When Commander Sofia Daguerre enters, destroy up to one target legendary permanent. That permanent's controller creates a Junk token. (It's an artifact with ""{T}, Sacrifice this token: Exile the top card of your library. You may play that card this turn. Activate only as a sorcery."")",True,10611.0
gary clone,creature — human citizen,uncommon,Fallout,PIP,True,2024-03-08,2024,['Squad'],1,2.0,1.0,3.0,6.0,,['W'],False,"Squad {2} (As an additional cost to cast this spell, you may pay {2} any number of times. When this creature enters, create that many tokens that are copies of it.)
Whenever this creature attacks, each creature you control named Gary Clone gets +1/+0 until end of turn.",True,11241.0
idolized,enchantment — aura,rare,Fallout,PIP,True,2024-03-08,2024,['Enchant'],1,2.0,,,2.0,,['W'],False,"Enchant creature
Enchanted creature has ""Whenever this creature attacks alone, it gets +X/+X until end of turn, where X is the number of nonland permanents you control.""",True,3186.0
overencumbered,enchantment — aura,rare,Fallout,PIP,True,2024-03-08,2024,"['Enchant', 'Food']",2,2.0,,,2.0,,['W'],False,"Enchant opponent
When this Aura enters, enchanted opponent creates a Clue token, a Food token, and a Junk token.
At the beginning of combat on enchanted opponent's turn, that player may pay {1} for each artifact they control. If they don't, creatures can't attack this combat.",True,10684.0
overseer of vault 76,legendary creature — human advisor,rare,Fallout,PIP,True,2024-03-08,2024,['First Contact'],1,3.0,3.0,3.0,9.0,,['W'],False,"First Contact - Whenever Overseer of Vault 76 or another creature you control with power 3 or less enters, put a quest counter on Overseer of Vault 76.
At the beginning of combat on your turn, you may remove three quest counters from among permanents you control. When you do, put a +1/+1 counter on each creature you control and they gain vigilance until end of turn.",True,9539.0
"paladin danse, steel maverick",legendary artifact creature — synth knight,uncommon,Fallout,PIP,True,2024-03-08,2024,"['Lifelink', 'Vigilance']",2,3.0,3.0,3.0,9.0,,['W'],False,"Vigilance, lifelink
Exile Paladin Danse: Each creature you control that's an artifact or Human gains indestructible until end of turn.",True,6546.0
pre-war formalwear,artifact — equipment,rare,Fallout,PIP,True,2024-03-08,2024,['Equip'],1,3.0,,,3.0,,['W'],False,"When this Equipment enters, return target creature card with mana value 3 or less from your graveyard to the battlefield and attach this Equipment to it.
Equipped creature gets +2/+2 and has vigilance.
Equip {3}",True,6566.0
"the prydwen, steel flagship",legendary artifact — vehicle,rare,Fallout,PIP,True,2024-03-08,2024,"['Crew', 'Flying']",2,6.0,6.0,6.0,18.0,,['W'],False,"Flying
Whenever another nontoken artifact you control enters, create a 2/2 white Human Knight creature token with ""This token gets +2/+2 as long as an artifact entered the battlefield under your control this turn.""
Crew 2",True,6347.0
securitron squadron,artifact creature — robot,rare,Fallout,PIP,True,2024-03-08,2024,"['Squad', 'Vigilance']",2,2.0,2.0,2.0,6.0,,['W'],False,"Squad {3} (As an additional cost to cast this spell, you may pay {3} any number of times. When this creature enters, create that many tokens that are copies of it.)
Vigilance
Whenever a creature token you control enters, put a +1/+1 counter on it.",True,4142.0
sentry bot,artifact creature — robot,rare,Fallout,PIP,True,2024-03-08,2024,['Flash'],1,5.0,2.0,5.0,12.0,,['W'],False,"Flash
This spell costs {1} less to cast for each creature attacking you.
When this creature enters, you get {E} for each creature attacking you.
At the beginning of combat on your turn, you may pay {E}{E}{E}. If you do, put a +1/+1 counter on each creature you control.",True,8697.0
"sierra, nuka's biggest fan",legendary creature — human citizen,rare,Fallout,PIP,True,2024-03-08,2024,"['Food', 'The Nuka-Cola Challenge']",2,4.0,3.0,4.0,11.0,,['W'],False,"The Nuka-Cola Challenge - Whenever one or more creatures you control deal combat damage to a player, put a quest counter on Sierra and create a Food token.
Whenever you sacrifice a Food, target creature you control gets +X/+X until end of turn, where X is the number of quest counters on Sierra.",True,9268.0
vault 13: dweller's journey,enchantment — saga,rare,Fallout,PIP,True,2024-03-08,2024,['Scry'],1,4.0,,,4.0,,['W'],False,"(As this Saga enters and after your draw step, add a lore counter. Sacrifice after III.)
I - For each player, exile up to one other target enchantment or creature that player controls until this Saga leaves the battlefield.
II - You gain 2 life and scry 2.
III - Return two cards exiled with this Saga to the battlefield under their owners' control and put the rest on the bottom of their owners' libraries.",True,13310.0
vault 75: middle school,enchantment — saga,rare,Fallout,PIP,True,2024-03-08,2024,[],0,4.0,,,4.0,,['W'],False,"(As this Saga enters and after your draw step, add a lore counter. Sacrifice after III.)
I - Exile all creatures with power 4 or greater.
II, III - Put a +1/+1 counter on each creature you control.",True,8196.0
vault 101: birthday party,enchantment — saga,rare,Fallout,PIP,True,2024-03-08,2024,['Food'],1,4.0,,,4.0,,['W'],False,"(As this Saga enters and after your draw step, add a lore counter. Sacrifice after III.)
I - Create a 1/1 white Human Soldier creature token and a Food token. (A Food token is an artifact with ""{2}, {T}, Sacrifice this token: You gain 3 life."")
II, III - You may put an Aura or Equipment card from your hand or graveyard onto the battlefield. If an Equipment is put onto the battlefield this way, you may attach it to a creature you control.",True,10153.0
"yes man, personal securitron",legendary artifact creature — robot,rare,Fallout,PIP,True,2024-03-08,2024,['Wild Card'],1,3.0,2.0,2.0,7.0,,['W'],False,"{T}: Target opponent gains control of Yes Man. When they do, you draw two cards and put a quest counter on Yes Man. Activate only during your turn.
Wild Card - When Yes Man leaves the battlefield, its owner creates a tapped 1/1 white Soldier creature token for each quest counter on it.",True,3984.0
"curie, emergent intelligence",legendary artifact creature — robot,rare,Fallout,PIP,True,2024-03-08,2024,[],0,2.0,1.0,3.0,6.0,,['U'],False,"Whenever Curie deals combat damage to a player, draw cards equal to its base power.
{1}{U}, Exile another nontoken artifact creature you control: Curie becomes a copy of the exiled creature, except it has ""Whenever this creature deals combat damage to a player, draw cards equal to its base power.""",True,8542.0
"james, wandering dad // follow him",legendary creature — human scientist,rare,Fallout,PIP,True,2024-03-08,2024,[],0,3.0,2.0,4.0,9.0,,['U'],False,{T}: Add {C}{C}. Spend this mana only to activate abilities.,True,8375.0
"james, wandering dad // follow him",instant — adventure,rare,Fallout,PIP,True,2024-03-08,2024,['Investigate'],1,3.0,,,3.0,,['U'],False,Investigate X times. (Then exile this card. You may cast the creature later from exile.),True,8375.0
"jason bright, glowing prophet",legendary creature — zombie mutant advisor,rare,Fallout,PIP,True,2024-03-08,2024,['Come Fly With Me'],1,3.0,2.0,3.0,8.0,,['U'],False,"Whenever a Zombie or Mutant you control dies, if its power was different from its base power, draw a card.
Come Fly With Me - {2}, Sacrifice a creature: Put a +1/+1 counter on target creature you control. It gains flying until end of turn.",True,8083.0
mirelurk queen,creature — crab mutant,rare,Fallout,PIP,True,2024-03-08,2024,['Vigilance'],1,5.0,4.0,4.0,13.0,,['U'],False,"Vigilance
When this creature enters, target player gets two rad counters.
Whenever one or more nonland cards are milled, draw a card, then put a +1/+1 counter on this creature. This ability triggers only once each turn.",True,4034.0
nerd rage,enchantment — aura,uncommon,Fallout,PIP,True,2024-03-08,2024,['Enchant'],1,3.0,,,3.0,,['U'],False,"Enchant creature
When this Aura enters, draw two cards.
Enchanted creature has ""You have no maximum hand size"" and ""Whenever this creature attacks, if you have ten or more cards in hand, it gets +10/+10 until end of turn.""",True,4577.0
"nick valentine, private eye",legendary artifact creature — synth detective,rare,Fallout,PIP,True,2024-03-08,2024,['Investigate'],1,3.0,2.0,2.0,7.0,,['U'],False,"Nick Valentine can't be blocked except by artifact creatures.
Whenever Nick Valentine or another artifact creature you control dies, you may investigate. (To investigate, create a Clue token. It's an artifact with ""{2}, Sacrifice this token: Draw a card."")",True,9923.0
"piper wright, publick reporter",legendary creature — human detective,rare,Fallout,PIP,True,2024-03-08,2024,['Investigate'],1,2.0,1.0,2.0,5.0,,['U'],False,"Whenever Piper Wright deals combat damage to a player, investigate that many times. (To investigate, create a Clue token. It's an artifact with ""{2}, Sacrifice this token: Draw a card."")
Whenever you sacrifice a Clue, put a +1/+1 counter on target creature you control.",True,5938.0
radstorm,instant,rare,Fallout,PIP,True,2024-03-08,2024,"['Proliferate', 'Storm']",2,4.0,,,4.0,,['U'],False,"Storm (When you cast this spell, copy it for each spell cast before it this turn.)
Proliferate. (Choose any number of permanents and/or players, then give each another counter of each kind already there.)",True,2581.0
robobrain war mind,artifact creature — robot,uncommon,Fallout,PIP,True,2024-03-08,2024,[],0,4.0,,5.0,9.0,,['U'],False,"Robobrain War Mind's power is equal to the number of cards in your hand.
When this creature enters, you get an amount of {E} (energy counters) equal to the number of artifact creatures you control.
Whenever this creature attacks, you may pay {E}{E}{E}. If you do, draw a card.",True,9287.0
struggle for project purity,enchantment,rare,Fallout,PIP,True,2024-03-08,2024,[],0,4.0,,,4.0,,['U'],False,"As this enchantment enters, choose Brotherhood or Enclave.
• Brotherhood - At the beginning of your upkeep, each opponent draws a card. You draw a card for each card drawn this way.
• Enclave - Whenever a player attacks you with one or more creatures, that player gets twice that many rad counters.",True,2450.0
synth infiltrator,artifact creature — synth,rare,Fallout,PIP,True,2024-03-08,2024,['Improvise'],1,5.0,0.0,0.0,5.0,,['U'],False,"Improvise (Your artifacts can help cast this spell. Each artifact you tap after you're done activating mana abilities pays for {1}.)
You may have this creature enter as a copy of any creature on the battlefield, except it's a Synth artifact creature in addition to its other types.",True,8276.0
vexing radgull,creature — bird mutant,uncommon,Fallout,PIP,True,2024-03-08,2024,"['Flying', 'Proliferate']",2,2.0,1.0,2.0,5.0,,['U'],False,"Flying
Whenever this creature deals combat damage to a player, that player gets two rad counters if they don't have any rad counters. Otherwise, proliferate. (Choose any number of permanents and/or players, then give each another counter of each kind already there.)",True,4405.0
bloatfly swarm,creature — insect mutant,uncommon,Fallout,PIP,True,2024-03-08,2024,['Flying'],1,4.0,0.0,0.0,4.0,,['B'],False,"Flying
This creature enters with five +1/+1 counters on it.
If damage would be dealt to this creature while it has a +1/+1 counter on it, prevent that damage, remove that many +1/+1 counters from it, then give each player a rad counter for each +1/+1 counter removed this way.",True,5013.0
"butch deloria, tunnel snake",legendary creature — human rogue,uncommon,Fallout,PIP,True,2024-03-08,2024,"['Menace', 'Tunnel Snakes Rule!']",2,2.0,2.0,2.0,6.0,,['B'],False,"Menace (This creature can't be blocked except by two or more creatures.)
Tunnel Snakes Rule! - Whenever Butch DeLoria attacks, it gets +1/+1 until end of turn for each other Rogue and/or Snake you control.
{1}{B}: Put a menace counter on another target creature. It becomes a Rogue in addition to its other types.",True,10416.0
feral ghoul,creature — zombie mutant,rare,Fallout,PIP,True,2024-03-08,2024,['Menace'],1,3.0,2.0,2.0,7.0,,['B'],False,"Menace
Whenever another creature you control dies, put a +1/+1 counter on this creature.
When this creature dies, each opponent gets a number of rad counters equal to its power.",True,3679.0
"hancock, ghoulish mayor",legendary creature — zombie mutant advisor,rare,Fallout,PIP,True,2024-03-08,2024,['Undying'],1,3.0,2.0,1.0,6.0,,['B'],False,"Each other creature you control that's a Zombie or Mutant gets +X/+X, where X is the number of counters on Hancock.
Undying (When this creature dies, if it had no +1/+1 counters on it, return it to the battlefield under its owner's control with a +1/+1 counter on it.)",True,6906.0
infesting radroach,creature — insect mutant,uncommon,Fallout,PIP,True,2024-03-08,2024,"['Flying', 'Mill']",2,3.0,2.0,2.0,7.0,,['B'],False,"Flying
This creature can't block.
Whenever this creature deals combat damage to a player, they get that many rad counters.
Whenever an opponent mills a nonland card, if this creature is in your graveyard, you may return it to your hand.",True,4715.0
nuclear fallout,sorcery,rare,Fallout,PIP,True,2024-03-08,2024,[],0,2.0,,,2.0,,['B'],False,Each creature gets twice -X/-X until end of turn. Each player gets X rad counters.,True,2717.0
ruthless radrat,creature — rat mutant,uncommon,Fallout,PIP,True,2024-03-08,2024,"['Menace', 'Squad']",2,3.0,2.0,2.0,7.0,,['B'],False,"Squad-Exile four cards from your graveyard. (As an additional cost to cast this spell, you may pay its squad cost any number of times. When this creature enters, create that many tokens that are copies of it.)
Menace (This creature can't be blocked except by two or more creatures.)",True,11775.0
screeching scorchbeast,creature — bat mutant,rare,Fallout,PIP,True,2024-03-08,2024,"['Flying', 'Menace']",2,6.0,5.0,5.0,16.0,,['B'],False,"Flying, menace
Whenever this creature attacks, each player gets two rad counters.
Whenever one or more nonland cards are milled, you may create that many 2/2 black Zombie Mutant creature tokens. Do this only once each turn.",True,3856.0
v.a.t.s.,instant,rare,Fallout,PIP,True,2024-03-08,2024,['Split second'],1,4.0,,,4.0,,['B'],False,"Split second (As long as this spell is on the stack, players can't cast spells or activate abilities that aren't mana abilities.)
Choose any number of target creatures with equal toughness. Destroy the chosen creatures.",True,3952.0
vault 12: the necropolis,enchantment — saga,rare,Fallout,PIP,True,2024-03-08,2024,[],0,6.0,,,6.0,,['B'],False,"(As this Saga enters and after your draw step, add a lore counter. Sacrifice after III.)
I - Each player gets three rad counters.
II - Create X 2/2 black Zombie Mutant creature tokens, where X is the total number of rad counters among players.
III - Put two +1/+1 counters on each creature you control that's a Zombie or Mutant.",True,6179.0
wasteland raider,creature — human mercenary,rare,Fallout,PIP,True,2024-03-08,2024,['Squad'],1,4.0,4.0,3.0,11.0,,['B'],False,"Squad {2} (As an additional cost to cast this spell, you may pay {2} any number of times. When this creature enters, create that many tokens that are copies of it.)
When this creature enters, each player sacrifices a creature of their choice.",True,7572.0
acquired mutation,enchantment — aura,uncommon,Fallout,PIP,True,2024-03-08,2024,"['Enchant', 'Goad']",2,3.0,,,3.0,,['R'],False,"Enchant creature
Enchanted creature gets +2/+2 and is goaded. (It attacks each combat if able and attacks a player other than you if able.)
Whenever enchanted creature attacks, defending player gets two rad counters.",True,9473.0
assaultron dominator,artifact creature — robot,rare,Fallout,PIP,True,2024-03-08,2024,[],0,2.0,2.0,2.0,6.0,,['R'],False,"When this creature enters, you get {E}{E} (two energy counters).
Whenever an artifact creature you control attacks, you may pay {E}. If you do, put your choice of a +1/+1, first strike, or trample counter on that creature.",True,6183.0
bottle-cap blast,instant,uncommon,Fallout,PIP,True,2024-03-08,2024,"['Improvise', 'Treasure']",2,5.0,,,5.0,,['R'],False,"Improvise (Your artifacts can help cast this spell. Each artifact you tap after you're done activating mana abilities pays for {1}.)
Bottle-Cap Blast deals 5 damage to any target. If excess damage was dealt to a permanent this way, create that many tapped Treasure tokens. (They're artifacts with ""{T}, Sacrifice this token: Add one mana of any color."")",True,4187.0
crimson caravaneer,creature — human scout,uncommon,Fallout,PIP,True,2024-03-08,2024,"['Double strike', 'Trample']",2,3.0,1.0,2.0,6.0,,['R'],False,"Double strike, trample
Whenever this creature deals combat damage to a player, create a Junk token. (It's an artifact with ""{T}, Sacrifice this token: Exile the top card of your library. You may play that card this turn. Activate only as a sorcery."")",True,9667.0
"duchess, wayward tavernkeep",legendary creature — human citizen,rare,Fallout,PIP,True,2024-03-08,2024,['Hunters for Hire'],1,4.0,4.0,3.0,11.0,,['R'],False,"Hunters for Hire - Whenever a creature you control deals combat damage to a player, put a quest counter on it.
{1}, Remove a quest counter from a permanent you control: Create a Junk token. (It's an artifact with ""{T}, Sacrifice this token: Exile the top card of your library. You may play that card this turn. Activate only as a sorcery."")",True,13354.0
grim reaper's sprint,enchantment — aura,rare,Fallout,PIP,True,2024-03-08,2024,"['Enchant', 'Morbid']",2,5.0,,,5.0,,['R'],False,"Morbid - This spell costs {3} less to cast if a creature died this turn.
Enchant creature
When this Aura enters, untap each creature you control. If it's your main phase, there is an additional combat phase after this phase.
Enchanted creature gets +2/+2 and has haste.",True,4235.0
ian the reckless,legendary creature — human warrior,uncommon,Fallout,PIP,True,2024-03-08,2024,[],0,2.0,2.0,1.0,5.0,,['R'],False,"Whenever Ian the Reckless attacks, if it's modified, you may have it deal damage equal to its power to you and any target. (Equipment, Auras you control, and counters are modifications.)",True,14635.0
junk jet,artifact — equipment,rare,Fallout,PIP,True,2024-03-08,2024,['Equip'],1,2.0,,,2.0,,['R'],False,"When this Equipment enters, create a Junk token. (It's an artifact with ""{T}, Sacrifice this token: Exile the top card of your library. You may play that card this turn. Activate only as a sorcery."")
{3}, Sacrifice another artifact: Double equipped creature's power until end of turn.
Equip {1}",True,8899.0
megaton's fate,sorcery,rare,Fallout,PIP,True,2024-03-08,2024,"['Detonate', 'Disarm', 'Treasure']",3,6.0,,,6.0,,['R'],False,"Choose one -
• Disarm - Destroy target artifact. Create four Treasure tokens.
• Detonate - Megaton's Fate deals 8 damage to each creature. Each player gets four rad counters.",True,8753.0
"the motherlode, excavator",legendary artifact creature — robot,rare,Fallout,PIP,True,2024-03-08,2024,[],0,5.0,5.0,5.0,15.0,,['R'],False,"When The Motherlode enters, choose target opponent. You get an amount of {E} (energy counters) equal to the number of nonbasic lands that player controls.
Whenever The Motherlode attacks, you may pay {E}{E}{E}{E}. When you do, destroy target nonbasic land defending player controls, and creatures that player controls without flying can't block this turn.",True,7102.0
mysterious stranger,creature — human rogue,rare,Fallout,PIP,True,2024-03-08,2024,['Flash'],1,4.0,3.0,2.0,9.0,,['R'],False,"Flash
When this creature enters, for each graveyard with an instant or sorcery card in it, exile target instant or sorcery card from that graveyard. If two or more cards are exiled this way, choose one of them at random and copy it. You may cast the copy without paying its mana cost.",True,9279.0
plasma caster,artifact — equipment,rare,Fallout,PIP,True,2024-03-08,2024,['Equip'],1,2.0,,,2.0,,['R'],False,"Equipped creature gets +1/+1.
Whenever equipped creature attacks, you get {E}{E} (two energy counters).
Pay {E}{E}: Choose target creature that's blocking equipped creature. Flip a coin. If you win the flip, exile the chosen creature. Otherwise, this Equipment deals 1 damage to it.
Equip {2}",True,7307.0
powder ganger,creature — human rogue,rare,Fallout,PIP,True,2024-03-08,2024,['Squad'],1,3.0,2.0,2.0,7.0,,['R'],False,"Squad {2} (As an additional cost to cast this spell, you may pay {2} any number of times. When this creature enters, create that many tokens that are copies of it.)
When this creature enters, destroy up to one target artifact.",True,9028.0
"rose, cutthroat raider",legendary artifact creature — robot,rare,Fallout,PIP,True,2024-03-08,2024,"['First strike', 'Raid']",2,4.0,3.0,2.0,9.0,,['R'],False,"First strike
Raid - At end of combat on your turn, if you attacked this turn, create a Junk token for each opponent you attacked. (It's an artifact with ""{T}, Sacrifice this token: Exile the top card of your library. You may play that card this turn. Activate only as a sorcery."")
Whenever you sacrifice a Junk, add {R}.",True,4249.0
synth eradicator,artifact creature — synth soldier,rare,Fallout,PIP,True,2024-03-08,2024,['Haste'],1,3.0,3.0,3.0,9.0,,['R'],False,"Haste
Whenever this creature attacks, exile the top card of your library. You may get {E}{E} (two energy counters). If you don't, you may play that card this turn.
{T}, Pay {E}{E}{E}: This creature deals 3 damage to any target.",True,7519.0
thrill-kill disciple,creature — human mercenary,rare,Fallout,PIP,True,2024-03-08,2024,['Squad'],1,3.0,3.0,2.0,8.0,,['R'],False,"Squad-{1}, Discard a card. (As an additional cost to cast this spell, you may pay its squad cost any number of times. When this creature enters, create that many tokens that are copies of it.)
When this creature dies, create a Junk token.",True,14157.0
vault 21: house gambit,enchantment — saga,rare,Fallout,PIP,True,2024-03-08,2024,['Treasure'],1,2.0,,,2.0,,['R'],False,"(As this Saga enters and after your draw step, add a lore counter. Sacrifice after III.)
I, II - Discard a card, then draw a card.
III - Reveal up to five nonland cards from your hand. For each of those cards that has the same mana value as another card revealed this way, create a Treasure token.",True,11105.0
"veronica, dissident scribe",legendary creature — human artificer rogue,rare,Fallout,PIP,True,2024-03-08,2024,['Menace'],1,3.0,3.0,3.0,9.0,,['R'],False,"Menace
Whenever Veronica attacks, you may discard a card. If you do, draw a card.
Whenever you discard one or more nonland cards for the first time each turn, create a Junk token. (It's an artifact with ""{T}, Sacrifice this token: Exile the top card of your library. You may play that card this turn. Activate only as a sorcery."")",True,8308.0
wild wasteland,enchantment,rare,Fallout,PIP,True,2024-03-08,2024,[],0,3.0,,,3.0,,['R'],False,"Skip your draw step.
At the beginning of your upkeep, exile the top two cards of your library. You may play those cards this turn.",True,4208.0
animal friend,enchantment — aura,rare,Fallout,PIP,True,2024-03-08,2024,['Enchant'],1,2.0,,,2.0,,['G'],False,"Enchant creature
Enchanted creature has ""Whenever this creature attacks, create a 1/1 green Squirrel creature token. Put a +1/+1 counter on that token for each Aura and Equipment attached to this creature other than Animal Friend.""",True,9226.0
bighorner rancher,creature — human ranger,uncommon,Fallout,PIP,True,2024-03-08,2024,['Vigilance'],1,5.0,2.0,5.0,12.0,,['G'],False,"Vigilance
{T}: Add an amount of {G} equal to the greatest power among creatures you control.
Sacrifice this creature: You gain life equal to the greatest toughness among other creatures you control.",True,6017.0
break down,instant,uncommon,Fallout,PIP,True,2024-03-08,2024,[],0,3.0,,,3.0,,['G'],False,"Destroy target artifact or enchantment. Create a Junk token. (It's an artifact with ""{T}, Sacrifice this token: Exile the top card of your library. You may play that card this turn. Activate only as a sorcery."")",True,10494.0
cathedral acolyte,creature — human cleric,uncommon,Fallout,PIP,True,2024-03-08,2024,[],0,2.0,1.0,2.0,5.0,,['G'],False,"Each creature you control with a counter on it has ward {1}. (Whenever it becomes the target of a spell or ability an opponent controls, counter it unless that player pays {1}.)
{T}: Put a +1/+1 counter on target creature that entered this turn.",True,5751.0
glowing one,creature — zombie mutant,uncommon,Fallout,PIP,True,2024-03-08,2024,"['Deathtouch', 'Mill']",2,3.0,2.0,2.0,7.0,,['G'],False,"Deathtouch
Whenever this creature deals combat damage to a player, they get four rad counters.
Whenever a player mills a nonland card, you gain 1 life.",True,4192.0
gunner conscript,creature — human mercenary,uncommon,Fallout,PIP,True,2024-03-08,2024,['Trample'],1,2.0,2.0,2.0,6.0,,['G'],False,"Trample
This creature gets +1/+1 for each Aura and Equipment attached to it.
When this creature dies, if it was enchanted, create a Junk token.
When this creature dies, if it was equipped, create a Junk token.",True,12438.0
"harold and bob, first numens",legendary creature — treefolk mutant,rare,Fallout,PIP,True,2024-03-08,2024,"['Reach', 'Vigilance']",2,3.0,3.0,3.0,9.0,,['G'],False,"Vigilance, reach
When Harold and Bob dies, if it was a creature, return it to the battlefield. It's an Aura enchantment with enchant Forest you control and ""Enchanted Forest has '{T}: Add three mana of any one color. You get two rad counters.'"" Harold and Bob loses all other abilities.",True,8269.0
"lily bowen, raging grandma",legendary creature — mutant warrior,rare,Fallout,PIP,True,2024-03-08,2024,['Vigilance'],1,4.0,0.0,0.0,4.0,,['G'],False,"Vigilance
Lily Bowen enters with two +1/+1 counters on it.
At the beginning of your upkeep, double the number of +1/+1 counters on Lily Bowen if its power is 16 or less. Otherwise, remove all but one +1/+1 counter from it, then you gain 1 life for each +1/+1 counter removed this way.",True,6816.0
lumbering megasloth,creature — sloth mutant,uncommon,Fallout,PIP,True,2024-03-08,2024,['Trample'],1,12.0,8.0,8.0,28.0,,['G'],False,"This spell costs {1} less to cast for each counter among players and permanents.
Trample
This creature enters tapped.",True,11156.0
power fist,artifact — equipment,rare,Fallout,PIP,True,2024-03-08,2024,['Equip'],1,2.0,,,2.0,,['G'],False,"Equipped creature has trample and ""Whenever this creature deals combat damage to a player, put that many +1/+1 counters on it.""
Equip {2}",True,1790.0
rampaging yao guai,creature — bear mutant,rare,Fallout,PIP,True,2024-03-08,2024,"['Trample', 'Vigilance']",2,3.0,2.0,2.0,7.0,,['G'],False,"Vigilance, trample
This creature enters with X +1/+1 counters on it.
When this creature enters, destroy any number of target artifacts and/or enchantments with total mana value X or less.",True,3075.0
strong back,enchantment — aura,rare,Fallout,PIP,True,2024-03-08,2024,['Enchant'],1,3.0,,,3.0,,['G'],False,"Enchant creature
Equip abilities you activate that target enchanted creature cost {3} less to activate.
Aura spells you cast that target enchanted creature cost {3} less to cast.
Enchanted creature gets +2/+2 for each Aura and Equipment attached to it.",True,3019.0
"strong, the brutish thespian",legendary creature — mutant berserker,rare,Fallout,PIP,True,2024-03-08,2024,"['Enrage', 'Ward']",2,6.0,7.0,7.0,20.0,,['G'],False,"Ward {2}
Enrage - Whenever Strong is dealt damage, you get three rad counters and put three +1/+1 counters on Strong.
You gain life rather than lose life from radiation.",True,5577.0
super mutant scavenger,creature — mutant warrior,uncommon,Fallout,PIP,True,2024-03-08,2024,['Trample'],1,5.0,5.0,5.0,15.0,,['G'],False,"Trample
When this creature enters or dies, return up to one target Aura or Equipment card from your graveyard to your hand.",True,13615.0
tato farmer,creature — zombie mutant peasant,rare,Fallout,PIP,True,2024-03-08,2024,['Landfall'],1,3.0,1.0,4.0,8.0,,['G'],False,"Landfall - Whenever a land you control enters, you may get two rad counters.
{T}: Put target land card in a graveyard that was milled this turn onto the battlefield under your control tapped.",True,3842.0
watchful radstag,creature — elk mutant,rare,Fallout,PIP,True,2024-03-08,2024,['Evolve'],1,3.0,2.0,2.0,7.0,,['G'],False,"Evolve (Whenever a creature you control enters, if that creature has greater power or toughness than this creature, put a +1/+1 counter on this creature.)
Whenever this creature evolves, create a token that's a copy of it.",True,5795.0
well rested,enchantment — aura,uncommon,Fallout,PIP,True,2024-03-08,2024,['Enchant'],1,2.0,,,2.0,,['G'],False,"Enchant creature
Enchanted creature has ""Whenever this creature becomes untapped, put two +1/+1 counters on it, then you gain 2 life and draw a card. This ability triggers only once each turn.""",True,3614.0
agent frank horrigan,legendary creature — mutant warrior,rare,Fallout,PIP,True,2024-03-08,2024,"['Proliferate', 'Trample']",2,7.0,8.0,6.0,21.0,,"['B', 'G']",True,"Trample
Agent Frank Horrigan has indestructible as long as it attacked this turn.
Whenever Agent Frank Horrigan enters or attacks, proliferate twice. (To proliferate, choose any number of permanents and/or players, then give each another counter of each kind already there.)",True,3484.0
almost perfect,enchantment — aura,rare,Fallout,PIP,True,2024-03-08,2024,['Enchant'],1,6.0,,,6.0,,"['G', 'W']",True,"Enchant creature
Enchanted creature has base power and toughness 9/10 and has indestructible.",True,7981.0
alpha deathclaw,creature — lizard mutant,rare,Fallout,PIP,True,2024-03-08,2024,"['Menace', 'Monstrosity', 'Trample']",3,6.0,6.0,6.0,18.0,,"['B', 'G']",True,"Menace, trample
When this creature enters or becomes monstrous, destroy target permanent.
{5}{B}{G}: Monstrosity 4. (If this creature isn't monstrous, put four +1/+1 counters on it and it becomes monstrous.)",True,4562.0
arcade gannon,legendary creature — human doctor,rare,Fallout,PIP,True,2024-03-08,2024,['For Auld Lang Syne'],1,4.0,2.0,3.0,9.0,,"['U', 'W']",True,"{T}: Draw a card, then discard a card. Put a quest counter on Arcade Gannon.
For Auld Lang Syne - Once during each of your turns, you may cast an artifact or Human spell from your graveyard with mana value less than or equal to the number of quest counters on Arcade Gannon.",True,10366.0
armory paladin,creature — human knight,rare,Fallout,PIP,True,2024-03-08,2024,['Trample'],1,3.0,3.0,3.0,9.0,,"['R', 'W']",True,"Trample
Whenever you cast an Aura or Equipment spell, exile the top card of your library. You may play that card until the end of your next turn.",True,7180.0
atomize,instant,rare,Fallout,PIP,True,2024-03-08,2024,['Proliferate'],1,4.0,,,4.0,,"['B', 'G']",True,"Destroy target nonland permanent. Proliferate. (Choose any number of permanents and/or players, then give each another counter of each kind already there.)",True,2206.0
boomer scrapper,creature — human soldier,rare,Fallout,PIP,True,2024-03-08,2024,[],0,3.0,1.0,1.0,5.0,,"['B', 'R']",True,"Whenever this creature enters or attacks, you lose 1 life and create a Junk token. (It's an artifact with ""{T}, Sacrifice this token: Exile the top card of your library. You may play that card this turn. Activate only as a sorcery."")
Whenever a token you control leaves the battlefield, put a +1/+1 counter on this creature.",True,10506.0
"cait, cage brawler",legendary creature — human warrior,rare,Fallout,PIP,True,2024-03-08,2024,[],0,2.0,1.0,1.0,4.0,,"['G', 'R']",True,"During your turn, Cait has indestructible.
Whenever Cait attacks, you and defending player each draw a card, then discard a card. Put two +1/+1 counters on Cait if you discarded the card with the greatest mana value among those cards or tied for greatest.",True,11396.0
"cass, hand of vengeance",legendary creature — human ranger,rare,Fallout,PIP,True,2024-03-08,2024,['Vigilance'],1,4.0,4.0,3.0,11.0,,"['R', 'W']",True,"Vigilance
Whenever Cass or another creature you control dies, if it was enchanted or equipped, return any number of Aura cards that were attached to it from your graveyard to the battlefield attached to target creature, then attach any number of Equipment that were attached to it to that creature.",True,9730.0
colonel autumn,legendary creature — human soldier,rare,Fallout,PIP,True,2024-03-08,2024,"['Exploit', 'Lifelink']",2,3.0,2.0,3.0,8.0,,"['B', 'W']",True,"Lifelink
Exploit (When this creature enters, you may sacrifice a creature.)
Other legendary creatures you control have exploit.
Whenever a creature you control exploits a creature, put a +1/+1 counter on each creature you control.",True,7368.0
contaminated drink,instant,uncommon,Fallout,PIP,True,2024-03-08,2024,[],0,2.0,,,2.0,,"['B', 'U']",True,"Draw X cards, then you get half X rad counters, rounded up.",True,7467.0
"craig boone, novac guard",legendary creature — human soldier,uncommon,Fallout,PIP,True,2024-03-08,2024,"['Lifelink', 'One for My Baby', 'Reach']",3,3.0,3.0,3.0,9.0,,"['R', 'W']",True,"Reach, lifelink
One for My Baby - Whenever you attack with two or more creatures, put two quest counters on Craig Boone. When you do, Craig Boone deals damage equal to the number of quest counters on it to up to one target creature unless that creature's controller has Craig Boone deal that much damage to them.",True,7268.0
"desdemona, freedom's edge",legendary creature — human rogue,rare,Fallout,PIP,True,2024-03-08,2024,['Vigilance'],1,4.0,3.0,4.0,11.0,,"['R', 'W']",True,"Vigilance
Whenever Desdemona attacks, target creature card in your graveyard that's an artifact or that has mana value 3 or less gains escape until end of turn. The escape cost is equal to its mana cost plus exile two other cards from your graveyard. (You may cast it from your graveyard for its escape cost this turn.)",True,14804.0
elder arthur maxson,legendary creature — human knight,rare,Fallout,PIP,True,2024-03-08,2024,['Blind Betrayal'],1,3.0,4.0,2.0,9.0,,"['B', 'W']",True,"Creature tokens you control have training. (Whenever a creature token you control attacks with another creature with greater power, put a +1/+1 counter on that token.)
Blind Betrayal - Sacrifice another creature: Elder Arthur Maxson gains indestructible until end of turn.",True,7781.0
elder owyn lyons,legendary creature — human knight,uncommon,Fallout,PIP,True,2024-03-08,2024,[],0,4.0,3.0,3.0,10.0,,"['U', 'W']",True,"Artifacts you control have ward {1}. (Whenever an artifact you control becomes the target of a spell or ability an opponent controls, counter it unless that player pays {1}.)
When Elder Owyn Lyons enters or dies, return target artifact card from your graveyard to your hand.",True,10264.0
electrosiphon,instant,rare,Fallout,PIP,True,2024-03-08,2024,[],0,3.0,,,3.0,,"['R', 'U']",True,Counter target spell. You get an amount of {E} (energy counters) equal to its mana value.,True,4915.0
inventory management,instant,rare,Fallout,PIP,True,2024-03-08,2024,['Split second'],1,2.0,,,2.0,,"['R', 'W']",True,"Split second (As long as this spell is on the stack, players can't cast spells or activate abilities that aren't mana abilities.)
For each Aura and Equipment you control, you may attach it to a creature you control.",True,3264.0
"kellogg, dangerous mind",legendary creature — human mercenary,rare,Fallout,PIP,True,2024-03-08,2024,"['First strike', 'Haste', 'Treasure']",3,3.0,3.0,2.0,8.0,,"['B', 'R']",True,"First strike, haste
Whenever Kellogg attacks, create a Treasure token.
Sacrifice five Treasures: Gain control of target creature for as long as you control Kellogg. Activate only as a sorcery.",True,2490.0
"legate lanius, caesar's ace",legendary creature — human soldier,uncommon,Fallout,PIP,True,2024-03-08,2024,['Decimate'],1,4.0,2.0,2.0,8.0,,"['B', 'R']",True,"Decimate - When Legate Lanius enters, each opponent sacrifices a tenth of the creatures they control of their choice, rounded up.
Whenever an opponent sacrifices a creature, put a +1/+1 counter on Legate Lanius.",True,9859.0
"maccready, lamplight mayor",legendary creature — human advisor,rare,Fallout,PIP,True,2024-03-08,2024,[],0,2.0,1.0,3.0,6.0,,"['B', 'W']",True,"Whenever a creature you control with power 2 or less attacks, it gains skulk until end of turn. (It can't be blocked by creatures with greater power.)
Whenever a creature with power 4 or greater attacks you, its controller loses 2 life and you gain 2 life.",True,3796.0
"marcus, mutant mayor",legendary creature — mutant advisor,rare,Fallout,PIP,True,2024-03-08,2024,"['Trample', 'Vigilance']",2,5.0,4.0,4.0,13.0,,"['G', 'U']",True,"Vigilance, trample
Whenever a creature you control deals combat damage to a player, draw a card if that creature has a +1/+1 counter on it. If it doesn't, put a +1/+1 counter on it.",True,6112.0
"moira brown, guide author",legendary creature — human citizen,rare,Fallout,PIP,True,2024-03-08,2024,[],0,3.0,2.0,3.0,8.0,,"['R', 'W']",True,"When Moira Brown enters, create a colorless Equipment artifact token named Wasteland Survival Guide with ""Equipped creature gets +1/+1 for each quest counter among permanents you control"" and equip {1}.
Whenever you attack, put a quest counter on target nonland permanent you control.",True,13954.0
mutational advantage,instant,rare,Fallout,PIP,True,2024-03-08,2024,['Proliferate'],1,3.0,,,3.0,,"['G', 'U']",True,"Permanents you control with counters on them gain hexproof and indestructible until end of turn. Prevent all damage that would be dealt to those permanents this turn. Proliferate. (Choose any number of permanents and/or players, then give each another counter of each kind already there.)",True,2123.0
nightkin ambusher,creature — mutant warrior,uncommon,Fallout,PIP,True,2024-03-08,2024,['Ward'],1,4.0,4.0,4.0,12.0,,"['B', 'U']",True,"Ward {2} (Whenever this creature becomes the target of a spell or ability an opponent controls, counter it unless that player pays {2}.)
When this creature enters, target player gets four rad counters.
This creature can't be blocked as long as defending player has a rad counter.",True,6529.0
the nipton lottery,sorcery,rare,Fallout,PIP,True,2024-03-08,2024,[],0,4.0,,,4.0,,"['B', 'R']",True,Choose a creature at random. You gain control of that creature until end of turn. Untap it. It gains haste until end of turn. Then destroy all other creatures.,True,10239.0
paladin elizabeth taggerdy,legendary creature — human knight,rare,Fallout,PIP,True,2024-03-08,2024,['Battalion'],1,3.0,3.0,2.0,8.0,,"['R', 'W']",True,"Battalion - Whenever Paladin Elizabeth Taggerdy and at least two other creatures attack, draw a card, then you may put a creature card with mana value X or less from your hand onto the battlefield tapped and attacking, where X is Paladin Elizabeth Taggerdy's power.",True,6351.0
"raul, trouble shooter",legendary creature — zombie mutant rogue,uncommon,Fallout,PIP,True,2024-03-08,2024,['Mill'],1,3.0,1.0,4.0,8.0,,"['B', 'U']",True,"Once during each of your turns, you may cast a spell from among cards in your graveyard that were milled this turn.
{T}: Each player mills a card. (They each put the top card of their library into their graveyard.)",True,4917.0
"red death, shipwrecker",legendary creature — crab mutant,rare,Fallout,PIP,True,2024-03-08,2024,"['Alluring Eyes', 'Goad']",2,2.0,1.0,3.0,6.0,,"['R', 'U']",True,"Alluring Eyes - {T}: Goad target creature an opponent controls. That player draws a card. You add {R}. (Until your next turn, that creature attacks each combat if able and attacks a player other than you if able.)",True,6224.0
"rex, cyber-hound",legendary artifact creature — robot dog,rare,Fallout,PIP,True,2024-03-08,2024,['Mill'],1,3.0,2.0,2.0,7.0,,"['U', 'W']",True,"Whenever Rex deals combat damage to a player, they mill two cards and you get {E}{E} (two energy counters).
Pay {E}{E}: Choose target creature card in a graveyard. Exile it with a brain counter on it. Activate only as a sorcery.
Rex has all activated abilities of all cards in exile with brain counters on them.",True,8191.0
sentinel sarah lyons,legendary creature — human knight,rare,Fallout,PIP,True,2024-03-08,2024,"['Battalion', 'Haste']",2,5.0,4.0,4.0,13.0,,"['R', 'W']",True,"Haste
As long as an artifact entered the battlefield under your control this turn, creatures you control get +2/+2.
Battalion - Whenever Sentinel Sarah Lyons and at least two other creatures attack, Sentinel Sarah Lyons deals damage equal to the number of artifacts you control to target player.",True,7191.0
"shaun, father of synths",legendary creature — human scientist,rare,Fallout,PIP,True,2024-03-08,2024,[],0,5.0,3.0,4.0,12.0,,"['R', 'U']",True,"Whenever you attack, you may create a tapped and attacking token that's a copy of target attacking legendary creature you control other than Shaun, except it's not legendary and it's a Synth artifact creature in addition to its other types.
When Shaun leaves the battlefield, exile all Synth tokens you control.",True,6065.0
"three dog, galaxy news dj",legendary creature — human bard,rare,Fallout,PIP,True,2024-03-08,2024,[],0,3.0,1.0,5.0,9.0,,"['R', 'W']",True,"Whenever you attack, you may pay {2} and sacrifice an Aura attached to Three Dog. When you sacrifice an Aura this way, for each other attacking creature you control, create a token that's a copy of that Aura attached to that creature.",True,9855.0
vault 11: voter's dilemma,enchantment — saga,rare,Fallout,PIP,True,2024-03-08,2024,[],0,4.0,,,4.0,,"['B', 'W']",True,"(As this Saga enters and after your draw step, add a lore counter. Sacrifice after III.)
I - For each opponent, you create a 1/1 white Human Soldier creature token.
II, III - Each player secretly votes for up to one creature, then those votes are revealed. If no creature got votes, each player draws a card. Otherwise, destroy each creature with the most votes or tied for most votes.",True,11217.0
vault 87: forced evolution,enchantment — saga,rare,Fallout,PIP,True,2024-03-08,2024,[],0,5.0,,,5.0,,"['G', 'U']",True,"(As this Saga enters and after your draw step, add a lore counter. Sacrifice after III.)
I - Gain control of target non-Mutant creature for as long as you control this Saga.
II - Put a +1/+1 counter on target creature you control. It becomes a Mutant in addition to its other types.
III - Draw cards equal to the greatest power among Mutants you control.",True,10156.0
vault 112: sadistic simulation,enchantment — saga,rare,Fallout,PIP,True,2024-03-08,2024,[],0,4.0,,,4.0,,"['R', 'U']",True,"(As this Saga enters and after your draw step, add a lore counter. Sacrifice after III.)
I, II - Tap up to one target creature and put a stun counter on it. You get {E}{E} (two energy counters).
III - Pay any amount of {E}. If you paid one or more {E} this way, shuffle your library, then exile that many cards from the top. You may play one of those cards without paying its mana cost.",True,9737.0
white glove gourmand,creature — human noble,uncommon,Fallout,PIP,True,2024-03-08,2024,['Food'],1,4.0,2.0,2.0,8.0,,"['B', 'W']",True,"When this creature enters, create two 1/1 white Human Soldier creature tokens.
At the beginning of your end step, if another Human died under your control this turn, create a Food token.",True,12521.0
young deathclaws,creature — lizard mutant,uncommon,Fallout,PIP,True,2024-03-08,2024,['Menace'],1,4.0,4.0,2.0,10.0,,"['B', 'G']",True,"Menace (This creature can't be blocked except by two or more creatures.)
Each creature card in your graveyard has scavenge. The scavenge cost is equal to its mana cost. (Exile a creature card from your graveyard and pay its mana cost: Put a number of +1/+1 counters equal to that card's power on target creature. Scavenge only as a sorcery.)",True,10914.0
agility bobblehead,artifact — bobblehead,uncommon,Fallout,PIP,True,2024-03-08,2024,[],0,3.0,,,3.0,,[],False,"{T}: Add one mana of any color.
{3}, {T}: Up to X target creatures you control each gain haste until end of turn and can't be blocked this turn except by creatures with haste, where X is the number of Bobbleheads you control as you activate this ability.",True,4901.0
behemoth of vault 0,artifact creature — robot,uncommon,Fallout,PIP,True,2024-03-08,2024,['Trample'],1,6.0,6.0,6.0,18.0,,[],False,"Trample
When this creature enters, you get {E}{E}{E}{E} (four energy counters).
When this creature dies, you may pay an amount of {E} equal to target nonland permanent's mana value. When you do, destroy that permanent.",True,6512.0
brotherhood vertibird,artifact — vehicle,rare,Fallout,PIP,True,2024-03-08,2024,"['Crew', 'Flying']",2,3.0,,4.0,7.0,,[],False,"Flying
Brotherhood Vertibird's power is equal to the number of artifacts you control.
Crew 2 (Tap any number of creatures you control with total power 2 or greater: This Vehicle becomes an artifact creature until end of turn.)",True,4819.0
c.a.m.p.,artifact — fortification,uncommon,Fallout,PIP,True,2024-03-08,2024,['Fortify'],1,3.0,,,3.0,,[],False,"Whenever fortified land is tapped for mana, put a +1/+1 counter on target creature you control. If that creature shares a color with the mana that land produced, create a Junk token. (It's an artifact with ""{T}, Sacrifice this token: Exile the top card of your library. You may play that card this turn. Activate only as a sorcery."")
Fortify {3} ({3}: Attach to target land you control. Fortify only as a sorcery.)",True,13040.0
charisma bobblehead,artifact — bobblehead,uncommon,Fallout,PIP,True,2024-03-08,2024,[],0,3.0,,,3.0,,[],False,"{T}: Add one mana of any color.
{4}, {T}: Create X 1/1 white Soldier creature tokens, where X is the number of Bobbleheads you control. Activate only as a sorcery.",True,5746.0
"ed-e, lonesome eyebot",legendary artifact creature — robot,rare,Fallout,PIP,True,2024-03-08,2024,"['ED-E My Love', 'Flying']",2,3.0,2.0,1.0,6.0,,[],False,"Flying
ED-E My Love - Whenever you attack, if the number of attacking creatures is greater than the number of quest counters on ED-E, put a quest counter on it.
{2}, Sacrifice ED-E: Draw a card, then draw an additional card for each quest counter on ED-E.",True,8693.0
endurance bobblehead,artifact — bobblehead,uncommon,Fallout,PIP,True,2024-03-08,2024,[],0,3.0,,,3.0,,[],False,"{T}: Add one mana of any color.
{3}, {T}: Up to X target creatures you control get +1/+0 and gain indestructible until end of turn, where X is the number of Bobbleheads you control as you activate this ability. Activate only as a sorcery.",True,5681.0
expert-level safe,artifact,uncommon,Fallout,PIP,True,2024-03-08,2024,[],0,2.0,,,2.0,,[],False,"When this artifact enters, exile the top two cards of your library face down.
{1}, {T}: You and target opponent each secretly choose 1, 2, or 3. Then those choices are revealed. If they match, sacrifice this artifact and put all cards exiled with it into their owners' hands. Otherwise, exile the top card of your library face down.",True,16861.0
intelligence bobblehead,artifact — bobblehead,uncommon,Fallout,PIP,True,2024-03-08,2024,[],0,3.0,,,3.0,,[],False,"{T}: Add one mana of any color.
{5}, {T}: Draw X cards, where X is the number of Bobbleheads you control.",True,5740.0
luck bobblehead,artifact — bobblehead,uncommon,Fallout,PIP,True,2024-03-08,2024,['Treasure'],1,3.0,,,3.0,,[],False,"{T}: Add one mana of any color.
{1}, {T}: Roll X six-sided dice, where X is the number of Bobbleheads you control. Create a tapped Treasure token for each even result. If you rolled 6 exactly seven times, you win the game.",True,4341.0
mister gutsy,artifact creature — robot soldier,rare,Fallout,PIP,True,2024-03-08,2024,[],0,2.0,1.0,1.0,4.0,,[],False,"Whenever you cast an Aura or Equipment spell, put a +1/+1 counter on this creature.
When this creature dies, create X Junk tokens, where X is the number of +1/+1 counters on it. (They're artifacts with ""{T}, Sacrifice this token: Exile the top card of your library. You may play that card this turn. Activate only as a sorcery."")",True,8756.0
nuka-cola vending machine,artifact,uncommon,Fallout,PIP,True,2024-03-08,2024,"['Food', 'Treasure']",2,3.0,,,3.0,,[],False,"{1}, {T}: Create a Food token. (It's an artifact with ""{2}, {T}, Sacrifice this token: You gain 3 life."")
Whenever you sacrifice a Food, create a tapped Treasure token. (It's an artifact with ""{T}, Sacrifice this token: Add one mana of any color."")",True,1400.0
nuka-nuke launcher,artifact — equipment,rare,Fallout,PIP,True,2024-03-08,2024,['Equip'],1,2.0,,,2.0,,[],False,"Equipped creature gets +3/+0 and has intimidate. (It can't be blocked except by artifact creatures and/or creatures that share a color with it.)
Whenever equipped creature attacks, until the end of defending player's next turn, that player gets two rad counters whenever they cast a spell.
Equip {3}",True,6819.0
perception bobblehead,artifact — bobblehead,uncommon,Fallout,PIP,True,2024-03-08,2024,[],0,3.0,,,3.0,,[],False,"{T}: Add one mana of any color.
{3}, {T}: Look at the top X cards of your library, where X is the number of Bobbleheads you control. You may cast a spell with mana value 3 or less from among them without paying its mana cost. Put the rest on the bottom of your library in a random order.",True,5759.0
pip-boy 3000,artifact — equipment,rare,Fallout,PIP,True,2024-03-08,2024,"['Check Map', 'Equip', 'Pick a Perk', 'Sort Inventory']",4,1.0,,,1.0,,[],False,"Whenever equipped creature attacks, choose one -
• Sort Inventory - Draw a card, then discard a card.
• Pick a Perk - Put a +1/+1 counter on that creature.
• Check Map - Untap up to two target lands.
Equip {2}",True,2637.0
recon craft theta,artifact — vehicle,rare,Fallout,PIP,True,2024-03-08,2024,"['Crew', 'Flying', 'Proliferate']",3,4.0,4.0,4.0,12.0,,[],False,"Flying
When this Vehicle enters, create a 0/0 blue Alien creature token. Put a +1/+1 counter on it.
Whenever this Vehicle attacks, proliferate. (Choose any number of permanents and/or players, then give each another counter of each kind already there.)
Crew 2",True,5995.0
silver shroud costume,artifact — equipment,uncommon,Fallout,PIP,True,2024-03-08,2024,"['Equip', 'Flash']",2,2.0,,,2.0,,[],False,"Flash
When this Equipment enters, attach it to target creature you control. That creature gains shroud until end of turn. (It can't be the target of spells or abilities.)
Equipped creature can't be blocked.
Equip {3}",True,1989.0
strength bobblehead,artifact — bobblehead,uncommon,Fallout,PIP,True,2024-03-08,2024,[],0,3.0,,,3.0,,[],False,"{T}: Add one mana of any color.
{3}, {T}: Put X +1/+1 counters on target creature, where X is the number of Bobbleheads you control. Activate only as a sorcery.",True,5815.0
survivor's med kit,artifact,uncommon,Fallout,PIP,True,2024-03-08,2024,"['Fancy Lads Snack Cakes', 'Food', 'RadAway', 'Stimpak']",4,1.0,,,1.0,,[],False,"{1}, {T}: Choose one that hasn't been chosen -
• Stimpak - Draw a card.
• Fancy Lads Snack Cakes - Create a Food token. (It's an artifact with ""{2}, {T}, Sacrifice this token: You gain 3 life."")
• RadAway - Target player loses all rad counters. Sacrifice this artifact.",True,12988.0
t-45 power armor,artifact — equipment,rare,Fallout,PIP,True,2024-03-08,2024,['Equip'],1,2.0,,,2.0,,[],False,"When this Equipment enters, you get {E}{E} (two energy counters).
Equipped creature gets +3/+3 and doesn't untap during its controller's untap step.
At the beginning of your upkeep, you may pay {E}. If you do, untap equipped creature, then put your choice of a menace, trample, or lifelink counter on it.
Equip {3}",True,8033.0
desolate mire,land,rare,Fallout,PIP,True,2024-03-08,2024,[],0,0.0,,,0.0,,[],False,"{1}, {T}: Add {W}{B}.",True,1213.0
diamond city,land,rare,Fallout,PIP,True,2024-03-08,2024,[],0,0.0,,,0.0,,[],False,"This land enters with a shield counter on it. (If it would be dealt damage or destroyed, remove a shield counter from it instead.)
{T}: Add {C}.
{T}: Move a shield counter from this land onto target creature. Activate only if two or more creatures entered the battlefield under your control this turn.",True,2911.0
ferrous lake,land,rare,Fallout,PIP,True,2024-03-08,2024,[],0,0.0,,,0.0,,[],False,"{1}, {T}: Add {U}{R}.",True,925.0
helios one,land,rare,Fallout,PIP,True,2024-03-08,2024,[],0,0.0,,,0.0,,[],False,"{T}: Add {C}.
{1}, {T}: You get {E} (an energy counter).
{3}, {T}, Pay X {E}, Sacrifice this land: Destroy target nonland permanent with mana value X. Activate only as a sorcery.",True,4612.0
junktown,land,rare,Fallout,PIP,True,2024-03-08,2024,[],0,0.0,,,0.0,,[],False,"{T}: Add {C}.
{4}{R}, {T}, Sacrifice this land: Create three Junk tokens. (They're artifacts with ""{T}, Sacrifice this token: Exile the top card of your library. You may play that card this turn. Activate only as a sorcery."")",True,8934.0
mariposa military base,land,rare,Fallout,PIP,True,2024-03-08,2024,[],0,0.0,,,0.0,,[],False,"You may have this land enter tapped. If you do, you get two rad counters.
{T}: Add {C}.
{5}, {T}: Draw a card. This ability costs {1} less to activate for each rad counter you have.",True,5101.0
overflowing basin,land,rare,Fallout,PIP,True,2024-03-08,2024,[],0,0.0,,,0.0,,[],False,"{1}, {T}: Add {G}{U}.",True,843.0
sunscorched divide,land,rare,Fallout,PIP,True,2024-03-08,2024,[],0,0.0,,,0.0,,[],False,"{1}, {T}: Add {R}{W}.",True,1070.0
viridescent bog,land,rare,Fallout,PIP,True,2024-03-08,2024,[],0,0.0,,,0.0,,[],False,"{1}, {T}: Add {B}{G}.",True,906.0
all that glitters,enchantment — aura,common,Fallout,PIP,True,2024-03-08,2024,['Enchant'],1,2.0,,,2.0,,['W'],False,"Enchant creature
Enchanted creature gets +1/+1 for each artifact and/or enchantment you control.",True,582.0
austere command,sorcery,rare,Fallout,PIP,True,2024-03-08,2024,[],0,6.0,,,6.0,,['W'],False,"Choose two -
• Destroy all artifacts.
• Destroy all enchantments.
• Destroy all creatures with mana value 3 or less.
• Destroy all creatures with mana value 4 or greater.",True,154.0
captain of the watch,creature — human soldier,rare,Fallout,PIP,True,2024-03-08,2024,['Vigilance'],1,6.0,3.0,3.0,12.0,,['W'],False,"Vigilance (Attacking doesn't cause this creature to tap.)
Other Soldier creatures you control get +1/+1 and have vigilance.
When this creature enters, create three 1/1 white Soldier creature tokens.",True,3567.0
crush contraband,instant,uncommon,Fallout,PIP,True,2024-03-08,2024,[],0,4.0,,,4.0,,['W'],False,"Choose one or both -
• Exile target artifact.
• Exile target enchantment.",True,3363.0
dispatch,instant,uncommon,Fallout,PIP,True,2024-03-08,2024,['Metalcraft'],1,1.0,,,1.0,,['W'],False,"Tap target creature.
Metalcraft - If you control three or more artifacts, exile that creature.",True,513.0
entrapment maneuver,instant,rare,Fallout,PIP,True,2024-03-08,2024,[],0,4.0,,,4.0,,['W'],False,"Target player sacrifices an attacking creature of their choice. You create X 1/1 white Soldier creature tokens, where X is that creature's toughness.",True,4374.0
hour of reckoning,sorcery,rare,Fallout,PIP,True,2024-03-08,2024,['Convoke'],1,7.0,,,7.0,,['W'],False,"Convoke (Your creatures can help cast this spell. Each creature you tap while casting this spell pays for {1} or one mana of that creature's color.)
Destroy all nontoken creatures.",True,917.0
impassioned orator,creature — human cleric,common,Fallout,PIP,True,2024-03-08,2024,[],0,2.0,2.0,2.0,6.0,,['W'],False,"Whenever another creature you control enters, you gain 1 life.",True,4344.0
intangible virtue,enchantment,uncommon,Fallout,PIP,True,2024-03-08,2024,[],0,2.0,,,2.0,,['W'],False,Creature tokens you control get +1/+1 and have vigilance.,True,615.0
keeper of the accord,creature — human soldier,rare,Fallout,PIP,True,2024-03-08,2024,[],0,4.0,3.0,4.0,11.0,,['W'],False,"At the beginning of each opponent's end step, if that player controls more creatures than you, create a 1/1 white Soldier creature token.
At the beginning of each opponent's end step, if that player controls more lands than you, you may search your library for a basic Plains card, put it onto the battlefield tapped, then shuffle.",True,1080.0
mantle of the ancients,enchantment — aura,rare,Fallout,PIP,True,2024-03-08,2024,['Enchant'],1,5.0,,,5.0,,['W'],False,"Enchant creature you control
When this Aura enters, return any number of target Aura and/or Equipment cards from your graveyard to the battlefield attached to enchanted creature.
Enchanted creature gets +1/+1 for each Aura and Equipment attached to it.",True,1260.0
marshal's anthem,enchantment,rare,Fallout,PIP,True,2024-03-08,2024,['Multikicker'],1,4.0,,,4.0,,['W'],False,"Multikicker {1}{W} (You may pay an additional {1}{W} any number of times as you cast this spell.)
Creatures you control get +1/+1.
When this enchantment enters, return up to X target creature cards from your graveyard to the battlefield, where X is the number of times this enchantment was kicked.",True,3983.0
martial coup,sorcery,rare,Fallout,PIP,True,2024-03-08,2024,[],0,2.0,,,2.0,,['W'],False,"Create X 1/1 white Soldier creature tokens. If X is 5 or more, destroy all other creatures.",True,1226.0
open the vaults,sorcery,rare,Fallout,PIP,True,2024-03-08,2024,[],0,6.0,,,6.0,,['W'],False,Return all artifact and enchantment cards from all graveyards to the battlefield under their owners' control. (Auras with nothing to enchant remain in graveyards.),True,3513.0
path to exile,instant,uncommon,Fallout,PIP,True,2024-03-08,2024,[],0,1.0,,,1.0,,['W'],False,"Exile target creature. Its controller may search their library for a basic land card, put that card onto the battlefield tapped, then shuffle.",True,15.0
puresteel paladin,creature — human knight,rare,Fallout,PIP,True,2024-03-08,2024,['Metalcraft'],1,2.0,2.0,2.0,6.0,,['W'],False,"Whenever an Equipment you control enters, you may draw a card.
Metalcraft - Equipment you control have equip {0} as long as you control three or more artifacts.",True,666.0
secure the wastes,instant,rare,Fallout,PIP,True,2024-03-08,2024,[],0,1.0,,,1.0,,['W'],False,Create X 1/1 white Warrior creature tokens.,True,1263.0
single combat,sorcery,rare,Fallout,PIP,True,2024-03-08,2024,[],0,5.0,,,5.0,,['W'],False,"Each player chooses a creature or planeswalker they control, then sacrifices the rest. Players can't cast creature or planeswalker spells until the end of your next turn.",True,1890.0
swords to plowshares,instant,uncommon,Fallout,PIP,True,2024-03-08,2024,[],0,1.0,,,1.0,,['W'],False,Exile target creature. Its controller gains life equal to its power.,True,11.0
valorous stance,instant,uncommon,Fallout,PIP,True,2024-03-08,2024,[],0,2.0,,,2.0,,['W'],False,"Choose one -
• Target creature gains indestructible until end of turn. (Damage and effects that say ""destroy"" don't destroy it.)
• Destroy target creature with toughness 4 or greater.",True,2558.0
fraying sanity,enchantment — aura curse,rare,Fallout,PIP,True,2024-03-08,2024,"['Enchant', 'Mill']",2,3.0,,,3.0,,['U'],False,"Enchant player
At the beginning of each end step, enchanted player mills X cards, where X is the number of cards put into their graveyard from anywhere this turn.",True,2830.0
glimmer of genius,instant,uncommon,Fallout,PIP,True,2024-03-08,2024,['Scry'],1,4.0,,,4.0,,['U'],False,"Scry 2, then draw two cards. You get {E}{E} (two energy counters).",True,5162.0
inexorable tide,enchantment,rare,Fallout,PIP,True,2024-03-08,2024,['Proliferate'],1,5.0,,,5.0,,['U'],False,"Whenever you cast a spell, proliferate. (Choose any number of permanents and/or players, then give each another counter of each kind already there.)",True,1084.0
mechanized production,enchantment — aura,mythic,Fallout,PIP,True,2024-03-08,2024,['Enchant'],1,4.0,,,4.0,,['U'],False,"Enchant artifact you control
At the beginning of your upkeep, create a token that's a copy of enchanted artifact. Then if you control eight or more artifacts with the same name as one another, you win the game.",True,960.0
one with the machine,sorcery,rare,Fallout,PIP,True,2024-03-08,2024,[],0,4.0,,,4.0,,['U'],False,Draw cards equal to the greatest mana value among artifacts you control.,True,2762.0
thirst for knowledge,instant,uncommon,Fallout,PIP,True,2024-03-08,2024,[],0,3.0,,,3.0,,['U'],False,Draw three cards. Then discard two cards unless you discard an artifact card.,True,2045.0
whirler rogue,creature — human rogue artificer,uncommon,Fallout,PIP,True,2024-03-08,2024,[],0,4.0,2.0,2.0,8.0,,['U'],False,"When this creature enters, create two 1/1 colorless Thopter artifact creature tokens with flying.
Tap two untapped artifacts you control: Target creature can't be blocked this turn.",True,1919.0
bastion of remembrance,enchantment,uncommon,Fallout,PIP,True,2024-03-08,2024,[],0,3.0,,,3.0,,['B'],False,"When this enchantment enters, create a 1/1 white Human Soldier creature token.
Whenever a creature you control dies, each opponent loses 1 life and you gain 1 life.",True,358.0
black market,enchantment,rare,Fallout,PIP,True,2024-03-08,2024,[],0,5.0,,,5.0,,['B'],False,"Whenever a creature dies, put a charge counter on this enchantment.
At the beginning of your first main phase, add {B} for each charge counter on this enchantment.",True,627.0
deadly dispute,instant,common,Fallout,PIP,True,2024-03-08,2024,['Treasure'],1,2.0,,,2.0,,['B'],False,"As an additional cost to cast this spell, sacrifice an artifact or creature.
Draw two cards and create a Treasure token. (It's an artifact with ""{T}, Sacrifice this token: Add one mana of any color."")",True,134.0
lethal scheme,instant,rare,Fallout,PIP,True,2024-03-08,2024,"['Connive', 'Convoke']",2,4.0,,,4.0,,['B'],False,"Convoke (Your creatures can help cast this spell. Each creature you tap while casting this spell pays for {1} or one mana of that creature's color.)
Destroy target creature or planeswalker. Each creature that convoked this spell connives. (Draw a card, then discard a card. If you discarded a nonland card, put a +1/+1 counter on that creature.)",True,1615.0
morbid opportunist,creature — human rogue,uncommon,Fallout,PIP,True,2024-03-08,2024,[],0,3.0,1.0,3.0,7.0,,['B'],False,"Whenever one or more other creatures die, draw a card. This ability triggers only once each turn.",True,302.0
pitiless plunderer,creature — human pirate,uncommon,Fallout,PIP,True,2024-03-08,2024,['Treasure'],1,4.0,1.0,4.0,9.0,,['B'],False,"Whenever another creature you control dies, create a Treasure token. (It's an artifact with ""{T}, Sacrifice this token: Add one mana of any color."")",True,246.0
blasphemous act,sorcery,rare,Fallout,PIP,True,2024-03-08,2024,[],0,9.0,,,9.0,,['R'],False,"This spell costs {1} less to cast for each creature on the battlefield.
Blasphemous Act deals 13 damage to each creature.",True,23.0
chaos warp,instant,rare,Fallout,PIP,True,2024-03-08,2024,[],0,3.0,,,3.0,,['R'],False,"The owner of target permanent shuffles it into their library, then reveals the top card of their library. If it's a permanent card, they put it onto the battlefield.",True,29.0
loyal apprentice,creature — human artificer,uncommon,Fallout,PIP,True,2024-03-08,2024,"['Haste', 'Lieutenant']",2,2.0,2.0,1.0,5.0,,['R'],False,"Haste
Lieutenant - At the beginning of combat on your turn, if you control your commander, create a 1/1 colorless Thopter artifact creature token with flying. That token gains haste until end of turn.",True,713.0
sticky fingers,enchantment — aura,common,Fallout,PIP,True,2024-03-08,2024,"['Enchant', 'Treasure']",2,1.0,,,1.0,,['R'],False,"Enchant creature
Enchanted creature has menace and ""Whenever this creature deals combat damage to a player, create a Treasure token."" (It can't be blocked except by two or more creatures. The token is an artifact with ""{T}, Sacrifice this token: Add one mana of any color."")
When enchanted creature dies, draw a card.",True,1644.0
stolen strategy,enchantment,rare,Fallout,PIP,True,2024-03-08,2024,[],0,5.0,,,5.0,,['R'],False,"At the beginning of your upkeep, exile the top card of each opponent's library. Until end of turn, you may cast spells from among those exiled cards, and you may spend mana as though it were mana of any color to cast those spells.",True,3709.0
unexpected windfall,instant,common,Fallout,PIP,True,2024-03-08,2024,['Treasure'],1,4.0,,,4.0,,['R'],False,"As an additional cost to cast this spell, discard a card.
Draw two cards and create two Treasure tokens. (They're artifacts with ""{T}, Sacrifice this token: Add one mana of any color."")",True,319.0
abundant growth,enchantment — aura,common,Fallout,PIP,True,2024-03-08,2024,['Enchant'],1,1.0,,,1.0,,['G'],False,"Enchant land
When this Aura enters, draw a card.
Enchanted land has ""{T}: Add one mana of any color.""",True,2556.0
branching evolution,enchantment,rare,Fallout,PIP,True,2024-03-08,2024,[],0,3.0,,,3.0,,['G'],False,"If one or more +1/+1 counters would be put on a creature you control, twice that many +1/+1 counters are put on that creature instead.",True,407.0
cultivate,sorcery,uncommon,Fallout,PIP,True,2024-03-08,2024,[],0,3.0,,,3.0,,['G'],False,"Search your library for up to two basic land cards, reveal those cards, put one onto the battlefield tapped and the other into your hand, then shuffle.",True,20.0
farseek,sorcery,common,Fallout,PIP,True,2024-03-08,2024,[],0,2.0,,,2.0,,['G'],False,"Search your library for a Plains, Island, Swamp, or Mountain card, put it onto the battlefield tapped, then shuffle.",True,24.0
fertile ground,enchantment — aura,common,Fallout,PIP,True,2024-03-08,2024,['Enchant'],1,2.0,,,2.0,,['G'],False,"Enchant land
Whenever enchanted land is tapped for mana, its controller adds an additional one mana of any color.",True,953.0
guardian project,enchantment,rare,Fallout,PIP,True,2024-03-08,2024,[],0,4.0,,,4.0,,['G'],False,"Whenever a nontoken creature you control enters, if it doesn't have the same name as another creature you control or a creature card in your graveyard, draw a card.",True,288.0
hardened scales,enchantment,rare,Fallout,PIP,True,2024-03-08,2024,[],0,1.0,,,1.0,,['G'],False,"If one or more +1/+1 counters would be put on a creature you control, that many plus one +1/+1 counters are put on it instead.",True,209.0
harmonize,sorcery,uncommon,Fallout,PIP,True,2024-03-08,2024,[],0,4.0,,,4.0,,['G'],False,Draw three cards.,True,300.0
heroic intervention,instant,rare,Fallout,PIP,True,2024-03-08,2024,[],0,2.0,,,2.0,,['G'],False,Permanents you control gain hexproof and indestructible until end of turn.,True,32.0
inspiring call,instant,uncommon,Fallout,PIP,True,2024-03-08,2024,[],0,3.0,,,3.0,,['G'],False,"Draw a card for each creature you control with a +1/+1 counter on it. Those creatures gain indestructible until end of turn. (Damage and effects that say ""destroy"" don't destroy them.)",True,281.0
rampant growth,sorcery,common,Fallout,PIP,True,2024-03-08,2024,[],0,2.0,,,2.0,,['G'],False,"Search your library for a basic land card, put that card onto the battlefield tapped, then shuffle.",True,26.0
rancor,enchantment — aura,uncommon,Fallout,PIP,True,2024-03-08,2024,['Enchant'],1,1.0,,,1.0,,['G'],False,"Enchant creature
Enchanted creature gets +2/+0 and has trample.
When this Aura is put into a graveyard from the battlefield, return it to its owner's hand.",True,700.0
squirrel nest,enchantment — aura,uncommon,Fallout,PIP,True,2024-03-08,2024,['Enchant'],1,3.0,,,3.0,,['G'],False,"Enchant land
Enchanted land has ""{T}: Create a 1/1 green Squirrel creature token.""",True,3529.0
tireless tracker,creature — human scout,rare,Fallout,PIP,True,2024-03-08,2024,"['Investigate', 'Landfall']",2,3.0,3.0,2.0,8.0,,['G'],False,"Landfall - Whenever a land you control enters, investigate. (Create a Clue token. It's an artifact with ""{2}, Sacrifice this token: Draw a card."")
Whenever you sacrifice a Clue, put a +1/+1 counter on this creature.",True,588.0
wild growth,enchantment — aura,common,Fallout,PIP,True,2024-03-08,2024,['Enchant'],1,1.0,,,1.0,,['G'],False,"Enchant land
Whenever enchanted land is tapped for mana, its controller adds an additional {G}.",True,195.0
anguished unmaking,instant,rare,Fallout,PIP,True,2024-03-08,2024,[],0,3.0,,,3.0,,"['B', 'W']",True,Exile target nonland permanent. You lose 3 life.,True,164.0
assemble the legion,enchantment,rare,Fallout,PIP,True,2024-03-08,2024,[],0,5.0,,,5.0,,"['R', 'W']",True,"At the beginning of your upkeep, put a muster counter on this enchantment. Then create a 1/1 red and white Soldier creature token with haste for each muster counter on this enchantment.",True,1882.0
behemoth sledge,artifact — equipment,uncommon,Fallout,PIP,True,2024-03-08,2024,['Equip'],1,3.0,,,3.0,,"['G', 'W']",True,"Equipped creature gets +2/+2 and has trample and lifelink.
Equip {3}",True,3925.0
biomass mutation,instant,rare,Fallout,PIP,True,2024-03-08,2024,[],0,2.0,,,2.0,,"['G', 'U']",True,Creatures you control have base power and toughness X/X until end of turn.,True,5100.0
casualties of war,sorcery,rare,Fallout,PIP,True,2024-03-08,2024,[],0,6.0,,,6.0,,"['B', 'G']",True,"Choose one or more -
• Destroy target artifact.
• Destroy target creature.
• Destroy target enchantment.
• Destroy target land.
• Destroy target planeswalker.",True,1719.0
corpsejack menace,creature — fungus,uncommon,Fallout,PIP,True,2024-03-08,2024,[],0,4.0,4.0,4.0,12.0,,"['B', 'G']",True,"If one or more +1/+1 counters would be put on a creature you control, twice that many +1/+1 counters are put on it instead.",True,1575.0
fervent charge,enchantment,rare,Fallout,PIP,True,2024-03-08,2024,[],0,4.0,,,4.0,,"['B', 'R', 'W']",True,"Whenever a creature you control attacks, it gets +2/+2 until end of turn.",True,4810.0
find // finality,sorcery,rare,Fallout,PIP,True,2024-03-08,2024,[],0,8.0,,,8.0,,"['B', 'G']",True,Return up to two target creature cards from your graveyard to your hand.,True,4856.0
find // finality,sorcery,rare,Fallout,PIP,True,2024-03-08,2024,[],0,8.0,,,8.0,,"['B', 'G']",True,You may put two +1/+1 counters on a creature you control. Then all creatures get -4/-4 until end of turn.,True,4856.0
general's enforcer,creature — human soldier,uncommon,Fallout,PIP,True,2024-03-08,2024,[],0,2.0,2.0,3.0,7.0,,"['B', 'W']",True,"Legendary Humans you control have indestructible.
{2}{W}{B}: Exile target card from a graveyard. If it was a creature card, create a 1/1 white Human Soldier creature token.",True,3025.0
heroic reinforcements,sorcery,uncommon,Fallout,PIP,True,2024-03-08,2024,[],0,4.0,,,4.0,,"['R', 'W']",True,"Create two 1/1 white Soldier creature tokens. Until end of turn, creatures you control get +1/+1 and gain haste. (They can attack and {T} this turn.)",True,7741.0
putrefy,instant,uncommon,Fallout,PIP,True,2024-03-08,2024,[],0,3.0,,,3.0,,"['B', 'G']",True,Destroy target artifact or creature. It can't be regenerated.,True,357.0
ruinous ultimatum,sorcery,rare,Fallout,PIP,True,2024-03-08,2024,[],0,7.0,,,7.0,,"['B', 'R', 'W']",True,Destroy all nonland permanents your opponents control.,True,634.0
wake the past,sorcery,rare,Fallout,PIP,True,2024-03-08,2024,[],0,7.0,,,7.0,,"['R', 'W']",True,Return all artifact cards from your graveyard to the battlefield. They gain haste until end of turn.,True,2149.0
wear // tear,instant,uncommon,Fallout,PIP,True,2024-03-08,2024,['Fuse'],1,3.0,,,3.0,,['R'],False,"Destroy target artifact.
Fuse (You may cast one or both halves of this card from your hand.)",True,920.0
wear // tear,instant,uncommon,Fallout,PIP,True,2024-03-08,2024,['Fuse'],1,3.0,,,3.0,,['W'],False,"Destroy target enchantment.
Fuse (You may cast one or both halves of this card from your hand.)",True,920.0
winding constrictor,creature — snake,uncommon,Fallout,PIP,True,2024-03-08,2024,[],0,2.0,2.0,3.0,7.0,,"['B', 'G']",True,"If one or more counters would be put on an artifact or creature you control, that many plus one of each of those kinds of counters are put on that permanent instead.
If you would get one or more counters, you get that many plus one of each of those kinds of counters instead.",True,2067.0
arcane signet,artifact,uncommon,Fallout,PIP,True,2024-03-08,2024,[],0,2.0,,,2.0,,[],False,{T}: Add one mana of any color in your commander's color identity.,True,3.0
basilisk collar,artifact — equipment,rare,Fallout,PIP,True,2024-03-08,2024,['Equip'],1,1.0,,,1.0,,[],False,"Equipped creature has deathtouch and lifelink. (Any amount of damage it deals to a creature is enough to destroy it. Damage dealt by this creature also causes you to gain that much life.)
Equip {2} ({2}: Attach to target creature you control. Equip only as a sorcery.)",True,265.0
bloodforged battle-axe,artifact — equipment,rare,Fallout,PIP,True,2024-03-08,2024,['Equip'],1,1.0,,,1.0,,[],False,"Equipped creature gets +2/+0.
Whenever equipped creature deals combat damage to a player, create a token that's a copy of this Equipment.
Equip {2}",True,1606.0
brass knuckles,artifact — equipment,uncommon,Fallout,PIP,True,2024-03-08,2024,['Equip'],1,4.0,,,4.0,,[],False,"When you cast this spell, copy it. (The copy becomes a token.)
Equipped creature has double strike as long as two or more Equipment are attached to it.
Equip {1} ({1}: Attach to target creature you control. Equip only as a sorcery.)",True,4526.0
champion's helm,artifact — equipment,rare,Fallout,PIP,True,2024-03-08,2024,['Equip'],1,3.0,,,3.0,,[],False,"Equipped creature gets +2/+2.
As long as equipped creature is legendary, it has hexproof. (It can't be the target of spells or abilities your opponents control.)
Equip {1}",True,915.0
contagion clasp,artifact,uncommon,Fallout,PIP,True,2024-03-08,2024,['Proliferate'],1,2.0,,,2.0,,[],False,"When this artifact enters, put a -1/-1 counter on target creature.
{4}, {T}: Proliferate. (Choose any number of permanents and/or players, then give each another counter of each kind already there.)",True,1544.0
everflowing chalice,artifact,uncommon,Fallout,PIP,True,2024-03-08,2024,['Multikicker'],1,0.0,,,0.0,,[],False,"Multikicker {2} (You may pay an additional {2} any number of times as you cast this spell.)
This artifact enters with a charge counter on it for each time it was kicked.
{T}: Add {C} for each charge counter on this artifact.",True,245.0
explorer's scope,artifact — equipment,common,Fallout,PIP,True,2024-03-08,2024,['Equip'],1,1.0,,,1.0,,[],False,"Whenever equipped creature attacks, look at the top card of your library. If it's a land card, you may put it onto the battlefield tapped.
Equip {1} ({1}: Attach to target creature you control. Equip only as a sorcery.)",True,2194.0
fireshrieker,artifact — equipment,uncommon,Fallout,PIP,True,2024-03-08,2024,['Equip'],1,3.0,,,3.0,,[],False,"Equipped creature has double strike. (It deals both first-strike and regular combat damage.)
Equip {2} ({2}: Attach to target creature you control. Equip only as a sorcery.)",True,969.0
lightning greaves,artifact — equipment,uncommon,Fallout,PIP,True,2024-03-08,2024,['Equip'],1,2.0,,,2.0,,[],False,"Equipped creature has haste and shroud. (It can't be the target of spells or abilities.)
Equip {0}",True,13.0
masterwork of ingenuity,artifact — equipment,rare,Fallout,PIP,True,2024-03-08,2024,[],0,1.0,,,1.0,,[],False,You may have this Equipment enter as a copy of any Equipment on the battlefield.,True,1617.0
mind stone,artifact,uncommon,Fallout,PIP,True,2024-03-08,2024,[],0,2.0,,,2.0,,[],False,"{T}: Add {C}.
{1}, {T}, Sacrifice this artifact: Draw a card.",True,28.0
mystic forge,artifact,rare,Fallout,PIP,True,2024-03-08,2024,[],0,4.0,,,4.0,,[],False,"You may look at the top card of your library any time.
You may cast artifact spells and colorless spells from the top of your library.
{T}, Pay 1 life: Exile the top card of your library.",True,419.0
panharmonicon,artifact,rare,Fallout,PIP,True,2024-03-08,2024,[],0,4.0,,,4.0,,[],False,"If an artifact or creature entering causes a triggered ability of a permanent you control to trigger, that ability triggers an additional time.",True,267.0
skullclamp,artifact — equipment,uncommon,Fallout,PIP,True,2024-03-08,2024,['Equip'],1,1.0,,,1.0,,[],False,"Equipped creature gets +1/-1.
Whenever equipped creature dies, draw two cards.
Equip {1}",True,45.0
sol ring,artifact,uncommon,Fallout,PIP,True,2024-03-08,2024,[],0,1.0,,,1.0,,[],False,{T}: Add {C}{C}.,True,1.0
solemn simulacrum,artifact creature — golem,rare,Fallout,PIP,True,2024-03-08,2024,[],0,4.0,2.0,2.0,8.0,,[],False,"When this creature enters, you may search your library for a basic land card, put that card onto the battlefield tapped, then shuffle.
When this creature dies, you may draw a card.",True,33.0
steel overseer,artifact creature — construct,rare,Fallout,PIP,True,2024-03-08,2024,[],0,2.0,1.0,1.0,4.0,,[],False,{T}: Put a +1/+1 counter on each artifact creature you control.,True,853.0
swiftfoot boots,artifact — equipment,uncommon,Fallout,PIP,True,2024-03-08,2024,['Equip'],1,2.0,,,2.0,,[],False,"Equipped creature has hexproof and haste. (It can't be the target of spells or abilities your opponents control. It can attack and {T} no matter when it came under your control.)
Equip {1} ({1}: Attach to target creature you control. Equip only as a sorcery.)",True,12.0
talisman of conviction,artifact,uncommon,Fallout,PIP,True,2024-03-08,2024,[],0,2.0,,,2.0,,[],False,"{T}: Add {C}.
{T}: Add {R} or {W}. This artifact deals 1 damage to you.",True,157.0
talisman of creativity,artifact,uncommon,Fallout,PIP,True,2024-03-08,2024,[],0,2.0,,,2.0,,[],False,"{T}: Add {C}.
{T}: Add {U} or {R}. This artifact deals 1 damage to you.",True,123.0
talisman of curiosity,artifact,uncommon,Fallout,PIP,True,2024-03-08,2024,[],0,2.0,,,2.0,,[],False,"{T}: Add {C}.
{T}: Add {G} or {U}. This artifact deals 1 damage to you.",True,432.0
talisman of dominance,artifact,uncommon,Fallout,PIP,True,2024-03-08,2024,[],0,2.0,,,2.0,,[],False,"{T}: Add {C}.
{T}: Add {U} or {B}. This artifact deals 1 damage to you.",True,87.0
talisman of hierarchy,artifact,uncommon,Fallout,PIP,True,2024-03-08,2024,[],0,2.0,,,2.0,,[],False,"{T}: Add {C}.
{T}: Add {W} or {B}. This artifact deals 1 damage to you.",True,147.0
talisman of indulgence,artifact,uncommon,Fallout,PIP,True,2024-03-08,2024,[],0,2.0,,,2.0,,[],False,"{T}: Add {C}.
{T}: Add {B} or {R}. This artifact deals 1 damage to you.",True,128.0
talisman of progress,artifact,uncommon,Fallout,PIP,True,2024-03-08,2024,[],0,2.0,,,2.0,,[],False,"{T}: Add {C}.
{T}: Add {W} or {U}. This artifact deals 1 damage to you.",True,152.0
talisman of resilience,artifact,uncommon,Fallout,PIP,True,2024-03-08,2024,[],0,2.0,,,2.0,,[],False,"{T}: Add {C}.
{T}: Add {B} or {G}. This artifact deals 1 damage to you.",True,497.0
thought vessel,artifact,common,Fallout,PIP,True,2024-03-08,2024,[],0,2.0,,,2.0,,[],False,"You have no maximum hand size.
{T}: Add {C}.",True,21.0
wayfarer's bauble,artifact,common,Fallout,PIP,True,2024-03-08,2024,[],0,1.0,,,1.0,,[],False,"{2}, {T}, Sacrifice this artifact: Search your library for a basic land card, put that card onto the battlefield tapped, then shuffle.",True,94.0
ash barrens,land,common,Fallout,PIP,True,2024-03-08,2024,"['Basic landcycling', 'Cycling', 'Landcycling']",3,0.0,,,0.0,,[],False,"{T}: Add {C}.
Basic landcycling {1} ({1}, Discard this card: Search your library for a basic land card, reveal it, put it into your hand, then shuffle.)",True,184.0
buried ruin,land,uncommon,Fallout,PIP,True,2024-03-08,2024,[],0,0.0,,,0.0,,[],False,"{T}: Add {C}.
{2}, {T}, Sacrifice this land: Return target artifact card from your graveyard to your hand.",True,192.0
canopy vista,land — forest plains,rare,Fallout,PIP,True,2024-03-08,2024,[],0,0.0,,,0.0,,[],False,"({T}: Add {G} or {W}.)
This land enters tapped unless you control two or more basic lands.",True,103.0
canyon slough,land — swamp mountain,rare,Fallout,PIP,True,2024-03-08,2024,['Cycling'],1,0.0,,,0.0,,[],False,"({T}: Add {B} or {R}.)
This land enters tapped.
Cycling {2} ({2}, Discard this card: Draw a card.)",True,789.0
cinder glade,land — mountain forest,rare,Fallout,PIP,True,2024-03-08,2024,[],0,0.0,,,0.0,,[],False,"({T}: Add {R} or {G}.)
This land enters tapped unless you control two or more basic lands.",True,84.0
clifftop retreat,land,rare,Fallout,PIP,True,2024-03-08,2024,[],0,0.0,,,0.0,,[],False,"This land enters tapped unless you control a Mountain or a Plains.
{T}: Add {R} or {W}.",True,93.0
command tower,land,common,Fallout,PIP,True,2024-03-08,2024,[],0,0.0,,,0.0,,[],False,{T}: Add one mana of any color in your commander's color identity.,True,2.0
darkwater catacombs,land,rare,Fallout,PIP,True,2024-03-08,2024,[],0,0.0,,,0.0,,[],False,"{1}, {T}: Add {U}{B}.",True,294.0
dragonskull summit,land,rare,Fallout,PIP,True,2024-03-08,2024,[],0,0.0,,,0.0,,[],False,"This land enters tapped unless you control a Swamp or a Mountain.
{T}: Add {B} or {R}.",True,99.0
drowned catacomb,land,rare,Fallout,PIP,True,2024-03-08,2024,[],0,0.0,,,0.0,,[],False,"This land enters tapped unless you control an Island or a Swamp.
{T}: Add {U} or {B}.",True,114.0
evolving wilds,land,common,Fallout,PIP,True,2024-03-08,2024,[],0,0.0,,,0.0,,[],False,"{T}, Sacrifice this land: Search your library for a basic land card, put it onto the battlefield tapped, then shuffle.",True,16.0
exotic orchard,land,rare,Fallout,PIP,True,2024-03-08,2024,[],0,0.0,,,0.0,,[],False,{T}: Add one mana of any color that a land an opponent controls could produce.,True,9.0
fetid pools,land — island swamp,rare,Fallout,PIP,True,2024-03-08,2024,['Cycling'],1,0.0,,,0.0,,[],False,"({T}: Add {U} or {B}.)
This land enters tapped.
Cycling {2} ({2}, Discard this card: Draw a card.)",True,827.0
glacial fortress,land,rare,Fallout,PIP,True,2024-03-08,2024,[],0,0.0,,,0.0,,[],False,"This land enters tapped unless you control a Plains or an Island.
{T}: Add {W} or {U}.",True,111.0
hinterland harbor,land,rare,Fallout,PIP,True,2024-03-08,2024,[],0,0.0,,,0.0,,[],False,"This land enters tapped unless you control a Forest or an Island.
{T}: Add {G} or {U}.",True,112.0
irrigated farmland,land — plains island,rare,Fallout,PIP,True,2024-03-08,2024,['Cycling'],1,0.0,,,0.0,,[],False,"({T}: Add {W} or {U}.)
This land enters tapped.
Cycling {2} ({2}, Discard this card: Draw a card.)",True,770.0
isolated chapel,land,rare,Fallout,PIP,True,2024-03-08,2024,[],0,0.0,,,0.0,,[],False,"This land enters tapped unless you control a Plains or a Swamp.
{T}: Add {W} or {B}.",True,108.0
jungle shrine,land,uncommon,Fallout,PIP,True,2024-03-08,2024,[],0,0.0,,,0.0,,[],False,"This land enters tapped.
{T}: Add {R}, {G}, or {W}.",True,291.0
memorial to glory,land,uncommon,Fallout,PIP,True,2024-03-08,2024,[],0,0.0,,,0.0,,[],False,"This land enters tapped.
{T}: Add {W}.
{3}{W}, {T}, Sacrifice this land: Create two 1/1 white Soldier creature tokens.",True,6130.0
mortuary mire,land,common,Fallout,PIP,True,2024-03-08,2024,[],0,0.0,,,0.0,,[],False,"This land enters tapped.
When this land enters, you may put target creature card from your graveyard on top of your library.
{T}: Add {B}.",True,611.0
mossfire valley,land,rare,Fallout,PIP,True,2024-03-08,2024,[],0,0.0,,,0.0,,[],False,"{1}, {T}: Add {R}{G}.",True,521.0
myriad landscape,land,uncommon,Fallout,PIP,True,2024-03-08,2024,[],0,0.0,,,0.0,,[],False,"This land enters tapped.
{T}: Add {C}.
{2}, {T}, Sacrifice this land: Search your library for up to two basic land cards that share a land type, put them onto the battlefield tapped, then shuffle.",True,22.0
mystic monastery,land,uncommon,Fallout,PIP,True,2024-03-08,2024,[],0,0.0,,,0.0,,[],False,"This land enters tapped.
{T}: Add {U}, {R}, or {W}.",True,369.0
nesting grounds,land,rare,Fallout,PIP,True,2024-03-08,2024,[],0,0.0,,,0.0,,[],False,"{T}: Add {C}.
{1}, {T}: Move a counter from target permanent you control onto another target permanent. Activate only as a sorcery.",True,677.0
nomad outpost,land,uncommon,Fallout,PIP,True,2024-03-08,2024,[],0,0.0,,,0.0,,[],False,"This land enters tapped.
{T}: Add {R}, {W}, or {B}.",True,350.0
opulent palace,land,uncommon,Fallout,PIP,True,2024-03-08,2024,[],0,0.0,,,0.0,,[],False,"This land enters tapped.
{T}: Add {B}, {G}, or {U}.",True,385.0
path of ancestry,land,common,Fallout,PIP,True,2024-03-08,2024,['Scry'],1,0.0,,,0.0,,[],False,"This land enters tapped.
{T}: Add one mana of any color in your commander's color identity. When that mana is spent to cast a creature spell that shares a creature type with your commander, scry 1. (Look at the top card of your library. You may put that card on the bottom.)",True,14.0
prairie stream,land — plains island,rare,Fallout,PIP,True,2024-03-08,2024,[],0,0.0,,,0.0,,[],False,"({T}: Add {W} or {U}.)
This land enters tapped unless you control two or more basic lands.",True,105.0
razortide bridge,artifact land,common,Fallout,PIP,True,2024-03-08,2024,['Indestructible'],1,0.0,,,0.0,,[],False,"This land enters tapped.
Indestructible
{T}: Add {W} or {U}.",True,983.0
roadside reliquary,land,uncommon,Fallout,PIP,True,2024-03-08,2024,[],0,0.0,,,0.0,,[],False,"{T}: Add {C}.
{2}, {T}, Sacrifice this land: Draw a card if you control an artifact. Draw a card if you control an enchantment.",True,3145.0
rogue's passage,land,uncommon,Fallout,PIP,True,2024-03-08,2024,[],0,0.0,,,0.0,,[],False,"{T}: Add {C}.
{4}, {T}: Target creature can't be blocked this turn.",True,19.0
rootbound crag,land,rare,Fallout,PIP,True,2024-03-08,2024,[],0,0.0,,,0.0,,[],False,"This land enters tapped unless you control a Mountain or a Forest.
{T}: Add {R} or {G}.",True,144.0
rustvale bridge,artifact land,common,Fallout,PIP,True,2024-03-08,2024,['Indestructible'],1,0.0,,,0.0,,[],False,"This land enters tapped.
Indestructible
{T}: Add {R} or {W}.",True,1227.0
scattered groves,land — forest plains,rare,Fallout,PIP,True,2024-03-08,2024,['Cycling'],1,0.0,,,0.0,,[],False,"({T}: Add {G} or {W}.)
This land enters tapped.
Cycling {2} ({2}, Discard this card: Draw a card.)",True,835.0
scavenger grounds,land — desert,rare,Fallout,PIP,True,2024-03-08,2024,[],0,0.0,,,0.0,,[],False,"{T}: Add {C}.
{2}, {T}, Sacrifice a Desert: Exile all graveyards.",True,316.0
shadowblood ridge,land,rare,Fallout,PIP,True,2024-03-08,2024,[],0,0.0,,,0.0,,[],False,"{1}, {T}: Add {B}{R}.",True,418.0
sheltered thicket,land — mountain forest,rare,Fallout,PIP,True,2024-03-08,2024,['Cycling'],1,0.0,,,0.0,,[],False,"({T}: Add {R} or {G}.)
This land enters tapped.
Cycling {2} ({2}, Discard this card: Draw a card.)",True,671.0
silverbluff bridge,artifact land,common,Fallout,PIP,True,2024-03-08,2024,['Indestructible'],1,0.0,,,0.0,,[],False,"This land enters tapped.
Indestructible
{T}: Add {U} or {R}.",True,1127.0
skycloud expanse,land,rare,Fallout,PIP,True,2024-03-08,2024,[],0,0.0,,,0.0,,[],False,"{1}, {T}: Add {W}{U}.",True,363.0
smoldering marsh,land — swamp mountain,rare,Fallout,PIP,True,2024-03-08,2024,[],0,0.0,,,0.0,,[],False,"({T}: Add {B} or {R}.)
This land enters tapped unless you control two or more basic lands.",True,104.0
spire of industry,land,rare,Fallout,PIP,True,2024-03-08,2024,[],0,0.0,,,0.0,,[],False,"{T}: Add {C}.
{T}, Pay 1 life: Add one mana of any color. Activate only if you control an artifact.",True,380.0
sulfur falls,land,rare,Fallout,PIP,True,2024-03-08,2024,[],0,0.0,,,0.0,,[],False,"This land enters tapped unless you control an Island or a Mountain.
{T}: Add {U} or {R}.",True,91.0
sungrass prairie,land,rare,Fallout,PIP,True,2024-03-08,2024,[],0,0.0,,,0.0,,[],False,"{1}, {T}: Add {G}{W}.",True,437.0
sunken hollow,land — island swamp,rare,Fallout,PIP,True,2024-03-08,2024,[],0,0.0,,,0.0,,[],False,"({T}: Add {U} or {B}.)
This land enters tapped unless you control two or more basic lands.",True,80.0
sunpetal grove,land,rare,Fallout,PIP,True,2024-03-08,2024,[],0,0.0,,,0.0,,[],False,"This land enters tapped unless you control a Forest or a Plains.
{T}: Add {G} or {W}.",True,150.0
tainted field,land,uncommon,Fallout,PIP,True,2024-03-08,2024,[],0,0.0,,,0.0,,[],False,"{T}: Add {C}.
{T}: Add {W} or {B}. Activate only if you control a Swamp.",True,416.0
tainted isle,land,uncommon,Fallout,PIP,True,2024-03-08,2024,[],0,0.0,,,0.0,,[],False,"{T}: Add {C}.
{T}: Add {U} or {B}. Activate only if you control a Swamp.",True,467.0
tainted peak,land,uncommon,Fallout,PIP,True,2024-03-08,2024,[],0,0.0,,,0.0,,[],False,"{T}: Add {C}.
{T}: Add {B} or {R}. Activate only if you control a Swamp.",True,511.0
tainted wood,land,uncommon,Fallout,PIP,True,2024-03-08,2024,[],0,0.0,,,0.0,,[],False,"{T}: Add {C}.
{T}: Add {B} or {G}. Activate only if you control a Swamp.",True,448.0
temple of abandon,land,rare,Fallout,PIP,True,2024-03-08,2024,['Scry'],1,0.0,,,0.0,,[],False,"This land enters tapped.
When this land enters, scry 1. (Look at the top card of your library. You may put that card on the bottom.)
{T}: Add {R} or {G}.",True,429.0
temple of deceit,land,rare,Fallout,PIP,True,2024-03-08,2024,['Scry'],1,0.0,,,0.0,,[],False,"This land enters tapped.
When this land enters, scry 1. (Look at the top card of your library. You may put that card on the bottom.)
{T}: Add {U} or {B}.",True,289.0
temple of enlightenment,land,rare,Fallout,PIP,True,2024-03-08,2024,['Scry'],1,0.0,,,0.0,,[],False,"This land enters tapped.
When this land enters, scry 1. (Look at the top card of your library. You may put that card on the bottom.)
{T}: Add {W} or {U}.",True,292.0
temple of epiphany,land,rare,Fallout,PIP,True,2024-03-08,2024,['Scry'],1,0.0,,,0.0,,[],False,"This land enters tapped.
When this land enters, scry 1. (Look at the top card of your library. You may put that card on the bottom.)
{T}: Add {U} or {R}.",True,258.0
temple of malady,land,rare,Fallout,PIP,True,2024-03-08,2024,['Scry'],1,0.0,,,0.0,,[],False,"This land enters tapped.
When this land enters, scry 1. (Look at the top card of your library. You may put that card on the bottom.)
{T}: Add {B} or {G}.",True,340.0
temple of malice,land,rare,Fallout,PIP,True,2024-03-08,2024,['Scry'],1,0.0,,,0.0,,[],False,"This land enters tapped.
When this land enters, scry 1. (Look at the top card of your library. You may put that card on the bottom.)
{T}: Add {B} or {R}.",True,378.0
temple of mystery,land,rare,Fallout,PIP,True,2024-03-08,2024,['Scry'],1,0.0,,,0.0,,[],False,"This land enters tapped.
When this land enters, scry 1. (Look at the top card of your library. You may put that card on the bottom.)
{T}: Add {G} or {U}.",True,282.0
temple of plenty,land,rare,Fallout,PIP,True,2024-03-08,2024,['Scry'],1,0.0,,,0.0,,[],False,"This land enters tapped.
When this land enters, scry 1. (Look at the top card of your library. You may put that card on the bottom.)
{T}: Add {G} or {W}.",True,444.0
temple of silence,land,rare,Fallout,PIP,True,2024-03-08,2024,['Scry'],1,0.0,,,0.0,,[],False,"This land enters tapped.
When this land enters, scry 1. (Look at the top card of your library. You may put that card on the bottom.)
{T}: Add {W} or {B}.",True,262.0
temple of the false god,land,uncommon,Fallout,PIP,True,2024-03-08,2024,[],0,0.0,,,0.0,,[],False,{T}: Add {C}{C}. Activate only if you control five or more lands.,True,61.0
temple of triumph,land,rare,Fallout,PIP,True,2024-03-08,2024,['Scry'],1,0.0,,,0.0,,[],False,"This land enters tapped.
When this land enters, scry 1. (Look at the top card of your library. You may put that card on the bottom.)
{T}: Add {R} or {W}.",True,277.0
terramorphic expanse,land,common,Fallout,PIP,True,2024-03-08,2024,[],0,0.0,,,0.0,,[],False,"{T}, Sacrifice this land: Search your library for a basic land card, put it onto the battlefield tapped, then shuffle.",True,27.0
treasure vault,artifact land,rare,Fallout,PIP,True,2024-03-08,2024,['Treasure'],1,0.0,,,0.0,,[],False,"{T}: Add {C}.
{X}{X}, {T}, Sacrifice this land: Create X Treasure tokens.",True,500.0
windbrisk heights,land,rare,Fallout,PIP,True,2024-03-08,2024,['Hideaway'],1,0.0,,,0.0,,[],False,"Hideaway 4 (When this land enters, look at the top four cards of your library, exile one face down, then put the rest on the bottom in a random order.)
This land enters tapped.
{T}: Add {W}.
{W}, {T}: You may play the exiled card without paying its mana cost if you attacked with three or more creatures this turn.",True,635.0
woodland cemetery,land,rare,Fallout,PIP,True,2024-03-08,2024,[],0,0.0,,,0.0,,[],False,"This land enters tapped unless you control a Swamp or a Forest.
{T}: Add {B} or {G}.",True,127.0
plains,basic land — plains,common,Fallout,PIP,True,2024-03-08,2024,[],0,0.0,,,0.0,,[],False,({T}: Add {W}.),True,
plains,basic land — plains,common,Fallout,PIP,True,2024-03-08,2024,[],0,0.0,,,0.0,,[],False,({T}: Add {W}.),True,
island,basic land — island,common,Fallout,PIP,True,2024-03-08,2024,[],0,0.0,,,0.0,,[],False,({T}: Add {U}.),True,
island,basic land — island,common,Fallout,PIP,True,2024-03-08,2024,[],0,0.0,,,0.0,,[],False,({T}: Add {U}.),True,
swamp,basic land — swamp,common,Fallout,PIP,True,2024-03-08,2024,[],0,0.0,,,0.0,,[],False,({T}: Add {B}.),True,
swamp,basic land — swamp,common,Fallout,PIP,True,2024-03-08,2024,[],0,0.0,,,0.0,,[],False,({T}: Add {B}.),True,
mountain,basic land — mountain,common,Fallout,PIP,True,2024-03-08,2024,[],0,0.0,,,0.0,,[],False,({T}: Add {R}.),True,
mountain,basic land — mountain,common,Fallout,PIP,True,2024-03-08,2024,[],0,0.0,,,0.0,,[],False,({T}: Add {R}.),True,
forest,basic land — forest,common,Fallout,PIP,True,2024-03-08,2024,[],0,0.0,,,0.0,,[],False,({T}: Add {G}.),True,
forest,basic land — forest,common,Fallout,PIP,True,2024-03-08,2024,[],0,0.0,,,0.0,,[],False,({T}: Add {G}.),True,
idolized,enchantment — aura,rare,Fallout,PIP,True,2024-03-08,2024,['Enchant'],1,2.0,,,2.0,,['W'],False,"Enchant creature
Enchanted creature has ""Whenever this creature attacks alone, it gets +X/+X until end of turn, where X is the number of nonland permanents you control.""",True,3186.0
securitron squadron,artifact creature — robot,rare,Fallout,PIP,True,2024-03-08,2024,"['Squad', 'Vigilance']",2,2.0,2.0,2.0,6.0,,['W'],False,"Squad {3} (As an additional cost to cast this spell, you may pay {3} any number of times. When this creature enters, create that many tokens that are copies of it.)
Vigilance
Whenever a creature token you control enters, put a +1/+1 counter on it.",True,4142.0
radstorm,instant,rare,Fallout,PIP,True,2024-03-08,2024,"['Proliferate', 'Storm']",2,4.0,,,4.0,,['U'],False,"Storm (When you cast this spell, copy it for each spell cast before it this turn.)
Proliferate. (Choose any number of permanents and/or players, then give each another counter of each kind already there.)",True,2581.0
synth infiltrator,artifact creature — synth,rare,Fallout,PIP,True,2024-03-08,2024,['Improvise'],1,5.0,0.0,0.0,5.0,,['U'],False,"Improvise (Your artifacts can help cast this spell. Each artifact you tap after you're done activating mana abilities pays for {1}.)
You may have this creature enter as a copy of any creature on the battlefield, except it's a Synth artifact creature in addition to its other types.",True,8276.0
nuclear fallout,sorcery,rare,Fallout,PIP,True,2024-03-08,2024,[],0,2.0,,,2.0,,['B'],False,Each creature gets twice -X/-X until end of turn. Each player gets X rad counters.,True,2717.0
screeching scorchbeast,creature — bat mutant,rare,Fallout,PIP,True,2024-03-08,2024,"['Flying', 'Menace']",2,6.0,5.0,5.0,16.0,,['B'],False,"Flying, menace
Whenever this creature attacks, each player gets two rad counters.
Whenever one or more nonland cards are milled, you may create that many 2/2 black Zombie Mutant creature tokens. Do this only once each turn.",True,3856.0
v.a.t.s.,instant,rare,Fallout,PIP,True,2024-03-08,2024,['Split second'],1,4.0,,,4.0,,['B'],False,"Split second (As long as this spell is on the stack, players can't cast spells or activate abilities that aren't mana abilities.)
Choose any number of target creatures with equal toughness. Destroy the chosen creatures.",True,3952.0
mysterious stranger,creature — human rogue,rare,Fallout,PIP,True,2024-03-08,2024,['Flash'],1,4.0,3.0,2.0,9.0,,['R'],False,"Flash
When this creature enters, for each graveyard with an instant or sorcery card in it, exile target instant or sorcery card from that graveyard. If two or more cards are exiled this way, choose one of them at random and copy it. You may cast the copy without paying its mana cost.",True,9279.0
watchful radstag,creature — elk mutant,rare,Fallout,PIP,True,2024-03-08,2024,['Evolve'],1,3.0,2.0,2.0,7.0,,['G'],False,"Evolve (Whenever a creature you control enters, if that creature has greater power or toughness than this creature, put a +1/+1 counter on this creature.)
Whenever this creature evolves, create a token that's a copy of it.",True,5795.0
alpha deathclaw,creature — lizard mutant,rare,Fallout,PIP,True,2024-03-08,2024,"['Menace', 'Monstrosity', 'Trample']",3,6.0,6.0,6.0,18.0,,"['B', 'G']",True,"Menace, trample
When this creature enters or becomes monstrous, destroy target permanent.
{5}{B}{G}: Monstrosity 4. (If this creature isn't monstrous, put four +1/+1 counters on it and it becomes monstrous.)",True,4562.0
armory paladin,creature — human knight,rare,Fallout,PIP,True,2024-03-08,2024,['Trample'],1,3.0,3.0,3.0,9.0,,"['R', 'W']",True,"Trample
Whenever you cast an Aura or Equipment spell, exile the top card of your library. You may play that card until the end of your next turn.",True,7180.0
atomize,instant,rare,Fallout,PIP,True,2024-03-08,2024,['Proliferate'],1,4.0,,,4.0,,"['B', 'G']",True,"Destroy target nonland permanent. Proliferate. (Choose any number of permanents and/or players, then give each another counter of each kind already there.)",True,2206.0
"caesar, legion's emperor",legendary creature — human soldier,mythic,Fallout,PIP,True,2024-03-08,2024,[],0,4.0,4.0,4.0,12.0,,"['B', 'R', 'W']",True,"Whenever you attack, you may sacrifice another creature. When you do, choose two -
• Create two 1/1 red and white Soldier creature tokens with haste that are tapped and attacking.
• You draw a card and you lose 1 life.
• Caesar deals damage equal to the number of creature tokens you control to target opponent.",True,2678.0
"dogmeat, ever loyal",legendary creature — dog,mythic,Fallout,PIP,True,2024-03-08,2024,['Mill'],1,3.0,3.0,3.0,9.0,,"['G', 'R', 'W']",True,"When Dogmeat enters, mill five cards, then return an Aura or Equipment card from your graveyard to your hand.
Whenever a creature you control that's enchanted or equipped attacks, create a Junk token. (It's an artifact with ""{T}, Sacrifice this token: Exile the top card of your library. You may play that card this turn. Activate only as a sorcery."")",True,8136.0
dr. madison li,legendary creature — human scientist,mythic,Fallout,PIP,True,2024-03-08,2024,[],0,3.0,2.0,3.0,8.0,,"['R', 'U', 'W']",True,"Whenever you cast an artifact spell, you get {E} (an energy counter).
{T}, Pay {E}: Target creature gets +1/+0 and gains trample and haste until end of turn.
{T}, Pay {E}{E}{E}: Draw a card.
{T}, Pay {E}{E}{E}{E}{E}: Return target artifact card from your graveyard to the battlefield tapped.",True,5817.0
inventory management,instant,rare,Fallout,PIP,True,2024-03-08,2024,['Split second'],1,2.0,,,2.0,,"['R', 'W']",True,"Split second (As long as this spell is on the stack, players can't cast spells or activate abilities that aren't mana abilities.)
For each Aura and Equipment you control, you may attach it to a creature you control.",True,3264.0
the wise mothman,legendary creature — insect mutant,mythic,Fallout,PIP,True,2024-03-08,2024,['Flying'],1,4.0,3.0,3.0,10.0,,"['B', 'G', 'U']",True,"Flying
Whenever The Wise Mothman enters or attacks, each player gets a rad counter.
Whenever one or more nonland cards are milled, put a +1/+1 counter on each of up to X target creatures, where X is the number of nonland cards milled this way.",True,3548.0
hullbreaker horror,creature — kraken horror,rare,Fallout,PIP,True,2024-03-08,2024,['Flash'],1,7.0,7.0,8.0,22.0,,['U'],False,"Flash
This spell can't be countered.
Whenever you cast a spell, choose up to one -
• Return target spell you don't control to its owner's hand.
• Return target nonland permanent to its owner's hand.",True,275.0
lord of the undead,creature — zombie,rare,Fallout,PIP,True,2024-03-08,2024,[],0,3.0,2.0,2.0,7.0,,['B'],False,"Other Zombie creatures get +1/+1.
{1}{B}, {T}: Return target Zombie card from your graveyard to your hand.",True,3298.0
grave titan,creature — giant,mythic,Fallout,PIP,True,2024-03-08,2024,['Deathtouch'],1,6.0,6.0,6.0,18.0,,['B'],False,"Deathtouch
Whenever this creature enters or attacks, create two 2/2 black Zombie creature tokens.",True,1351.0
vigor,creature — elemental incarnation,rare,Fallout,PIP,True,2024-03-08,2024,['Trample'],1,6.0,6.0,6.0,18.0,,['G'],False,"Trample
If damage would be dealt to another creature you control, prevent that damage. Put a +1/+1 counter on that creature for each 1 damage prevented this way.
When Vigor is put into a graveyard from anywhere, shuffle it into its owner's library.",True,1434.0
"ayula, queen among bears",legendary creature — bear,rare,Fallout,PIP,True,2024-03-08,2024,['Fight'],1,2.0,2.0,2.0,6.0,,['G'],False,"Whenever another Bear you control enters, choose one -
• Put two +1/+1 counters on target Bear.
• Target Bear you control fights target creature you don't control.",True,5942.0
tarmogoyf,creature — lhurgoyf,mythic,Fallout,PIP,True,2024-03-08,2024,[],0,2.0,,,2.0,,['G'],False,Tarmogoyf's power is equal to the number of card types among cards in all graveyards and its toughness is equal to that number plus 1.,True,8440.0
hornet queen,creature — insect,rare,Fallout,PIP,True,2024-03-08,2024,"['Deathtouch', 'Flying']",2,7.0,2.0,2.0,11.0,,['G'],False,"Flying, deathtouch
When this creature enters, create four 1/1 green Insect creature tokens with flying and deathtouch.",True,1530.0
gemrazer,creature — beast,rare,Fallout,PIP,True,2024-03-08,2024,"['Mutate', 'Reach', 'Trample']",3,4.0,4.0,4.0,12.0,,['G'],False,"Mutate {1}{G}{G} (If you cast this spell for its mutate cost, put it over or under target non-Human creature you own. They mutate into the creature on top plus all abilities from under it.)
Reach, trample
Whenever this creature mutates, destroy target artifact or enchantment an opponent controls.",True,3428.0
walking ballista,artifact creature — construct,rare,Fallout,PIP,True,2024-03-08,2024,[],0,0.0,0.0,0.0,0.0,,[],False,"This creature enters with X +1/+1 counters on it.
{4}: Put a +1/+1 counter on this creature.
Remove a +1/+1 counter from this creature: It deals 1 damage to any target.",True,493.0
farewell,sorcery,rare,Fallout,PIP,True,2024-03-08,2024,[],0,6.0,,,6.0,,['W'],False,"Choose one or more -
• Exile all artifacts.
• Exile all creatures.
• Exile all enchantments.
• Exile all graveyards.",True,140.0
ravages of war,sorcery,mythic,Fallout,PIP,True,2024-03-08,2024,[],0,4.0,,,4.0,,['W'],False,Destroy all lands.,True,10623.0
vandalblast,sorcery,uncommon,Fallout,PIP,True,2024-03-08,2024,['Overload'],1,1.0,,,1.0,,['R'],False,"Destroy target artifact you don't control.
Overload {4}{R} (You may cast this spell for its overload cost. If you do, change ""target"" in its text to ""each."")",True,97.0
arcane signet,artifact,uncommon,Fallout,PIP,True,2024-03-08,2024,[],0,2.0,,,2.0,,[],False,{T}: Add one mana of any color in your commander's color identity.,True,3.0
crucible of worlds,artifact,mythic,Fallout,PIP,True,2024-03-08,2024,[],0,3.0,,,3.0,,[],False,You may play lands from your graveyard.,True,549.0
nuka-cola vending machine,artifact,uncommon,Fallout,PIP,True,2024-03-08,2024,"['Food', 'Treasure']",2,3.0,,,3.0,,[],False,"{1}, {T}: Create a Food token. (It's an artifact with ""{2}, {T}, Sacrifice this token: You gain 3 life."")
Whenever you sacrifice a Food, create a tapped Treasure token. (It's an artifact with ""{T}, Sacrifice this token: Add one mana of any color."")",True,1400.0
sol ring,artifact,mythic,Fallout,PIP,True,2024-03-08,2024,[],0,1.0,,,1.0,,[],False,{T}: Add {C}{C}.,True,1.0
command tower,land,uncommon,Fallout,PIP,True,2024-03-08,2024,[],0,0.0,,,0.0,,[],False,{T}: Add one mana of any color in your commander's color identity.,True,2.0
wasteland,land,rare,Fallout,PIP,True,2024-03-08,2024,[],0,0.0,,,0.0,,[],False,"{T}: Add {C}.
{T}, Sacrifice this land: Destroy target nonbasic land.",True,1144.0
"aradesh, the founder",legendary creature — human soldier,rare,Fallout,PIP,True,2024-03-08,2024,['Enlist'],1,3.0,1.0,4.0,8.0,,['W'],False,"Enlist (As this creature attacks, you may tap a nonattacking creature you control without summoning sickness. When you do, add its power to this creature's until end of turn.)
Whenever a creature you control attacks, if it enlisted a creature this combat, the creature that attacked gains double strike until end of turn. If that creature's power is 4 or greater, draw a card.",True,12515.0
automated assembly line,artifact,rare,Fallout,PIP,True,2024-03-08,2024,[],0,2.0,,,2.0,,['W'],False,"Whenever one or more artifact creatures you control deal combat damage to a player, you get {E} (an energy counter).
Pay {E}{E}{E}: Create a tapped 3/3 colorless Robot artifact creature token.",True,6364.0
battle of hoover dam,enchantment,rare,Fallout,PIP,True,2024-03-08,2024,[],0,4.0,,,4.0,,['W'],False,"As this enchantment enters, choose NCR or Legion.
• NCR - At the beginning of your end step, return target creature card with mana value 3 or less from your graveyard to the battlefield with a finality counter on it.
• Legion - Whenever a creature you control dies, put two +1/+1 counters on target creature you control.",True,7989.0
brotherhood scribe,creature — human artificer,rare,Fallout,PIP,True,2024-03-08,2024,['Metalcraft'],1,2.0,1.0,3.0,6.0,,['W'],False,"Metalcraft - {T}: You get {E} (an energy counter). Activate only if you control three or more artifacts.
Whenever you get one or more {E} during your turn, creatures you control get +1/+1 until end of turn.",True,6435.0
"codsworth, handy helper",legendary artifact creature — robot,rare,Fallout,PIP,True,2024-03-08,2024,[],0,3.0,2.0,3.0,8.0,,['W'],False,"Commanders you control have ward {2}.
{T}: Add {W}{W}. Spend this mana only to cast Aura and/or Equipment spells.
{T}: Attach target Aura or Equipment you control to target creature you control. Activate only as a sorcery.",True,1613.0
overencumbered,enchantment — aura,rare,Fallout,PIP,True,2024-03-08,2024,"['Enchant', 'Food']",2,2.0,,,2.0,,['W'],False,"Enchant opponent
When this Aura enters, enchanted opponent creates a Clue token, a Food token, and a Junk token.
At the beginning of combat on enchanted opponent's turn, that player may pay {1} for each artifact they control. If they don't, creatures can't attack this combat.",True,10684.0
overseer of vault 76,legendary creature — human advisor,rare,Fallout,PIP,True,2024-03-08,2024,['First Contact'],1,3.0,3.0,3.0,9.0,,['W'],False,"First Contact - Whenever Overseer of Vault 76 or another creature you control with power 3 or less enters, put a quest counter on Overseer of Vault 76.
At the beginning of combat on your turn, you may remove three quest counters from among permanents you control. When you do, put a +1/+1 counter on each creature you control and they gain vigilance until end of turn.",True,9539.0
pre-war formalwear,artifact — equipment,rare,Fallout,PIP,True,2024-03-08,2024,['Equip'],1,3.0,,,3.0,,['W'],False,"When this Equipment enters, return target creature card with mana value 3 or less from your graveyard to the battlefield and attach this Equipment to it.
Equipped creature gets +2/+2 and has vigilance.
Equip {3}",True,6566.0
"the prydwen, steel flagship",legendary artifact — vehicle,rare,Fallout,PIP,True,2024-03-08,2024,"['Crew', 'Flying']",2,6.0,6.0,6.0,18.0,,['W'],False,"Flying
Whenever another nontoken artifact you control enters, create a 2/2 white Human Knight creature token with ""This token gets +2/+2 as long as an artifact entered the battlefield under your control this turn.""
Crew 2",True,6347.0
sentry bot,artifact creature — robot,rare,Fallout,PIP,True,2024-03-08,2024,['Flash'],1,5.0,2.0,5.0,12.0,,['W'],False,"Flash
This spell costs {1} less to cast for each creature attacking you.
When this creature enters, you get {E} for each creature attacking you.
At the beginning of combat on your turn, you may pay {E}{E}{E}. If you do, put a +1/+1 counter on each creature you control.",True,8697.0
"sierra, nuka's biggest fan",legendary creature — human citizen,rare,Fallout,PIP,True,2024-03-08,2024,"['Food', 'The Nuka-Cola Challenge']",2,4.0,3.0,4.0,11.0,,['W'],False,"The Nuka-Cola Challenge - Whenever one or more creatures you control deal combat damage to a player, put a quest counter on Sierra and create a Food token.
Whenever you sacrifice a Food, target creature you control gets +X/+X until end of turn, where X is the number of quest counters on Sierra.",True,9268.0
"yes man, personal securitron",legendary artifact creature — robot,rare,Fallout,PIP,True,2024-03-08,2024,['Wild Card'],1,3.0,2.0,2.0,7.0,,['W'],False,"{T}: Target opponent gains control of Yes Man. When they do, you draw two cards and put a quest counter on Yes Man. Activate only during your turn.
Wild Card - When Yes Man leaves the battlefield, its owner creates a tapped 1/1 white Soldier creature token for each quest counter on it.",True,3984.0
"curie, emergent intelligence",legendary artifact creature — robot,rare,Fallout,PIP,True,2024-03-08,2024,[],0,2.0,1.0,3.0,6.0,,['U'],False,"Whenever Curie deals combat damage to a player, draw cards equal to its base power.
{1}{U}, Exile another nontoken artifact creature you control: Curie becomes a copy of the exiled creature, except it has ""Whenever this creature deals combat damage to a player, draw cards equal to its base power.""",True,8542.0
"james, wandering dad // follow him",legendary creature — human scientist,rare,Fallout,PIP,True,2024-03-08,2024,[],0,3.0,2.0,4.0,9.0,,['U'],False,{T}: Add {C}{C}. Spend this mana only to activate abilities.,True,8375.0
"james, wandering dad // follow him",instant — adventure,rare,Fallout,PIP,True,2024-03-08,2024,['Investigate'],1,3.0,,,3.0,,['U'],False,Investigate X times. (Then exile this card. You may cast the creature later from exile.),True,8375.0
"jason bright, glowing prophet",legendary creature — zombie mutant advisor,rare,Fallout,PIP,True,2024-03-08,2024,['Come Fly With Me'],1,3.0,2.0,3.0,8.0,,['U'],False,"Whenever a Zombie or Mutant you control dies, if its power was different from its base power, draw a card.
Come Fly With Me - {2}, Sacrifice a creature: Put a +1/+1 counter on target creature you control. It gains flying until end of turn.",True,8083.0
mirelurk queen,creature — crab mutant,rare,Fallout,PIP,True,2024-03-08,2024,['Vigilance'],1,5.0,4.0,4.0,13.0,,['U'],False,"Vigilance
When this creature enters, target player gets two rad counters.
Whenever one or more nonland cards are milled, draw a card, then put a +1/+1 counter on this creature. This ability triggers only once each turn.",True,4034.0
"nick valentine, private eye",legendary artifact creature — synth detective,rare,Fallout,PIP,True,2024-03-08,2024,['Investigate'],1,3.0,2.0,2.0,7.0,,['U'],False,"Nick Valentine can't be blocked except by artifact creatures.
Whenever Nick Valentine or another artifact creature you control dies, you may investigate. (To investigate, create a Clue token. It's an artifact with ""{2}, Sacrifice this token: Draw a card."")",True,9923.0
"piper wright, publick reporter",legendary creature — human detective,rare,Fallout,PIP,True,2024-03-08,2024,['Investigate'],1,2.0,1.0,2.0,5.0,,['U'],False,"Whenever Piper Wright deals combat damage to a player, investigate that many times. (To investigate, create a Clue token. It's an artifact with ""{2}, Sacrifice this token: Draw a card."")
Whenever you sacrifice a Clue, put a +1/+1 counter on target creature you control.",True,5938.0
struggle for project purity,enchantment,rare,Fallout,PIP,True,2024-03-08,2024,[],0,4.0,,,4.0,,['U'],False,"As this enchantment enters, choose Brotherhood or Enclave.
• Brotherhood - At the beginning of your upkeep, each opponent draws a card. You draw a card for each card drawn this way.
• Enclave - Whenever a player attacks you with one or more creatures, that player gets twice that many rad counters.",True,2450.0
feral ghoul,creature — zombie mutant,rare,Fallout,PIP,True,2024-03-08,2024,['Menace'],1,3.0,2.0,2.0,7.0,,['B'],False,"Menace
Whenever another creature you control dies, put a +1/+1 counter on this creature.
When this creature dies, each opponent gets a number of rad counters equal to its power.",True,3679.0
"hancock, ghoulish mayor",legendary creature — zombie mutant advisor,rare,Fallout,PIP,True,2024-03-08,2024,['Undying'],1,3.0,2.0,1.0,6.0,,['B'],False,"Each other creature you control that's a Zombie or Mutant gets +X/+X, where X is the number of counters on Hancock.
Undying (When this creature dies, if it had no +1/+1 counters on it, return it to the battlefield under its owner's control with a +1/+1 counter on it.)",True,6906.0
wasteland raider,creature — human mercenary,rare,Fallout,PIP,True,2024-03-08,2024,['Squad'],1,4.0,4.0,3.0,11.0,,['B'],False,"Squad {2} (As an additional cost to cast this spell, you may pay {2} any number of times. When this creature enters, create that many tokens that are copies of it.)
When this creature enters, each player sacrifices a creature of their choice.",True,7572.0
assaultron dominator,artifact creature — robot,rare,Fallout,PIP,True,2024-03-08,2024,[],0,2.0,2.0,2.0,6.0,,['R'],False,"When this creature enters, you get {E}{E} (two energy counters).
Whenever an artifact creature you control attacks, you may pay {E}. If you do, put your choice of a +1/+1, first strike, or trample counter on that creature.",True,6183.0
"duchess, wayward tavernkeep",legendary creature — human citizen,rare,Fallout,PIP,True,2024-03-08,2024,['Hunters for Hire'],1,4.0,4.0,3.0,11.0,,['R'],False,"Hunters for Hire - Whenever a creature you control deals combat damage to a player, put a quest counter on it.
{1}, Remove a quest counter from a permanent you control: Create a Junk token. (It's an artifact with ""{T}, Sacrifice this token: Exile the top card of your library. You may play that card this turn. Activate only as a sorcery."")",True,13354.0
grim reaper's sprint,enchantment — aura,rare,Fallout,PIP,True,2024-03-08,2024,"['Enchant', 'Morbid']",2,5.0,,,5.0,,['R'],False,"Morbid - This spell costs {3} less to cast if a creature died this turn.
Enchant creature
When this Aura enters, untap each creature you control. If it's your main phase, there is an additional combat phase after this phase.
Enchanted creature gets +2/+2 and has haste.",True,4235.0
junk jet,artifact — equipment,rare,Fallout,PIP,True,2024-03-08,2024,['Equip'],1,2.0,,,2.0,,['R'],False,"When this Equipment enters, create a Junk token. (It's an artifact with ""{T}, Sacrifice this token: Exile the top card of your library. You may play that card this turn. Activate only as a sorcery."")
{3}, Sacrifice another artifact: Double equipped creature's power until end of turn.
Equip {1}",True,8899.0
megaton's fate,sorcery,rare,Fallout,PIP,True,2024-03-08,2024,"['Detonate', 'Disarm', 'Treasure']",3,6.0,,,6.0,,['R'],False,"Choose one -
• Disarm - Destroy target artifact. Create four Treasure tokens.
• Detonate - Megaton's Fate deals 8 damage to each creature. Each player gets four rad counters.",True,8753.0
"the motherlode, excavator",legendary artifact creature — robot,rare,Fallout,PIP,True,2024-03-08,2024,[],0,5.0,5.0,5.0,15.0,,['R'],False,"When The Motherlode enters, choose target opponent. You get an amount of {E} (energy counters) equal to the number of nonbasic lands that player controls.
Whenever The Motherlode attacks, you may pay {E}{E}{E}{E}. When you do, destroy target nonbasic land defending player controls, and creatures that player controls without flying can't block this turn.",True,7102.0
plasma caster,artifact — equipment,rare,Fallout,PIP,True,2024-03-08,2024,['Equip'],1,2.0,,,2.0,,['R'],False,"Equipped creature gets +1/+1.
Whenever equipped creature attacks, you get {E}{E} (two energy counters).
Pay {E}{E}: Choose target creature that's blocking equipped creature. Flip a coin. If you win the flip, exile the chosen creature. Otherwise, this Equipment deals 1 damage to it.
Equip {2}",True,7307.0
powder ganger,creature — human rogue,rare,Fallout,PIP,True,2024-03-08,2024,['Squad'],1,3.0,2.0,2.0,7.0,,['R'],False,"Squad {2} (As an additional cost to cast this spell, you may pay {2} any number of times. When this creature enters, create that many tokens that are copies of it.)
When this creature enters, destroy up to one target artifact.",True,9028.0
"rose, cutthroat raider",legendary artifact creature — robot,rare,Fallout,PIP,True,2024-03-08,2024,"['First strike', 'Raid']",2,4.0,3.0,2.0,9.0,,['R'],False,"First strike
Raid - At end of combat on your turn, if you attacked this turn, create a Junk token for each opponent you attacked. (It's an artifact with ""{T}, Sacrifice this token: Exile the top card of your library. You may play that card this turn. Activate only as a sorcery."")
Whenever you sacrifice a Junk, add {R}.",True,4249.0
synth eradicator,artifact creature — synth soldier,rare,Fallout,PIP,True,2024-03-08,2024,['Haste'],1,3.0,3.0,3.0,9.0,,['R'],False,"Haste
Whenever this creature attacks, exile the top card of your library. You may get {E}{E} (two energy counters). If you don't, you may play that card this turn.
{T}, Pay {E}{E}{E}: This creature deals 3 damage to any target.",True,7519.0
thrill-kill disciple,creature — human mercenary,rare,Fallout,PIP,True,2024-03-08,2024,['Squad'],1,3.0,3.0,2.0,8.0,,['R'],False,"Squad-{1}, Discard a card. (As an additional cost to cast this spell, you may pay its squad cost any number of times. When this creature enters, create that many tokens that are copies of it.)
When this creature dies, create a Junk token.",True,14157.0
"veronica, dissident scribe",legendary creature — human artificer rogue,rare,Fallout,PIP,True,2024-03-08,2024,['Menace'],1,3.0,3.0,3.0,9.0,,['R'],False,"Menace
Whenever Veronica attacks, you may discard a card. If you do, draw a card.
Whenever you discard one or more nonland cards for the first time each turn, create a Junk token. (It's an artifact with ""{T}, Sacrifice this token: Exile the top card of your library. You may play that card this turn. Activate only as a sorcery."")",True,8308.0
wild wasteland,enchantment,rare,Fallout,PIP,True,2024-03-08,2024,[],0,3.0,,,3.0,,['R'],False,"Skip your draw step.
At the beginning of your upkeep, exile the top two cards of your library. You may play those cards this turn.",True,4208.0
animal friend,enchantment — aura,rare,Fallout,PIP,True,2024-03-08,2024,['Enchant'],1,2.0,,,2.0,,['G'],False,"Enchant creature
Enchanted creature has ""Whenever this creature attacks, create a 1/1 green Squirrel creature token. Put a +1/+1 counter on that token for each Aura and Equipment attached to this creature other than Animal Friend.""",True,9226.0
"harold and bob, first numens",legendary creature — treefolk mutant,rare,Fallout,PIP,True,2024-03-08,2024,"['Reach', 'Vigilance']",2,3.0,3.0,3.0,9.0,,['G'],False,"Vigilance, reach
When Harold and Bob dies, if it was a creature, return it to the battlefield. It's an Aura enchantment with enchant Forest you control and ""Enchanted Forest has '{T}: Add three mana of any one color. You get two rad counters.'"" Harold and Bob loses all other abilities.",True,8269.0
"lily bowen, raging grandma",legendary creature — mutant warrior,rare,Fallout,PIP,True,2024-03-08,2024,['Vigilance'],1,4.0,0.0,0.0,4.0,,['G'],False,"Vigilance
Lily Bowen enters with two +1/+1 counters on it.
At the beginning of your upkeep, double the number of +1/+1 counters on Lily Bowen if its power is 16 or less. Otherwise, remove all but one +1/+1 counter from it, then you gain 1 life for each +1/+1 counter removed this way.",True,6816.0
power fist,artifact — equipment,rare,Fallout,PIP,True,2024-03-08,2024,['Equip'],1,2.0,,,2.0,,['G'],False,"Equipped creature has trample and ""Whenever this creature deals combat damage to a player, put that many +1/+1 counters on it.""
Equip {2}",True,1790.0
rampaging yao guai,creature — bear mutant,rare,Fallout,PIP,True,2024-03-08,2024,"['Trample', 'Vigilance']",2,3.0,2.0,2.0,7.0,,['G'],False,"Vigilance, trample
This creature enters with X +1/+1 counters on it.
When this creature enters, destroy any number of target artifacts and/or enchantments with total mana value X or less.",True,3075.0
strong back,enchantment — aura,rare,Fallout,PIP,True,2024-03-08,2024,['Enchant'],1,3.0,,,3.0,,['G'],False,"Enchant creature
Equip abilities you activate that target enchanted creature cost {3} less to activate.
Aura spells you cast that target enchanted creature cost {3} less to cast.
Enchanted creature gets +2/+2 for each Aura and Equipment attached to it.",True,3019.0
"strong, the brutish thespian",legendary creature — mutant berserker,rare,Fallout,PIP,True,2024-03-08,2024,"['Enrage', 'Ward']",2,6.0,7.0,7.0,20.0,,['G'],False,"Ward {2}
Enrage - Whenever Strong is dealt damage, you get three rad counters and put three +1/+1 counters on Strong.
You gain life rather than lose life from radiation.",True,5577.0
tato farmer,creature — zombie mutant peasant,rare,Fallout,PIP,True,2024-03-08,2024,['Landfall'],1,3.0,1.0,4.0,8.0,,['G'],False,"Landfall - Whenever a land you control enters, you may get two rad counters.
{T}: Put target land card in a graveyard that was milled this turn onto the battlefield under your control tapped.",True,3842.0
agent frank horrigan,legendary creature — mutant warrior,rare,Fallout,PIP,True,2024-03-08,2024,"['Proliferate', 'Trample']",2,7.0,8.0,6.0,21.0,,"['B', 'G']",True,"Trample
Agent Frank Horrigan has indestructible as long as it attacked this turn.
Whenever Agent Frank Horrigan enters or attacks, proliferate twice. (To proliferate, choose any number of permanents and/or players, then give each another counter of each kind already there.)",True,3484.0
almost perfect,enchantment — aura,rare,Fallout,PIP,True,2024-03-08,2024,['Enchant'],1,6.0,,,6.0,,"['G', 'W']",True,"Enchant creature
Enchanted creature has base power and toughness 9/10 and has indestructible.",True,7981.0
arcade gannon,legendary creature — human doctor,rare,Fallout,PIP,True,2024-03-08,2024,['For Auld Lang Syne'],1,4.0,2.0,3.0,9.0,,"['U', 'W']",True,"{T}: Draw a card, then discard a card. Put a quest counter on Arcade Gannon.
For Auld Lang Syne - Once during each of your turns, you may cast an artifact or Human spell from your graveyard with mana value less than or equal to the number of quest counters on Arcade Gannon.",True,10366.0
boomer scrapper,creature — human soldier,rare,Fallout,PIP,True,2024-03-08,2024,[],0,3.0,1.0,1.0,5.0,,"['B', 'R']",True,"Whenever this creature enters or attacks, you lose 1 life and create a Junk token. (It's an artifact with ""{T}, Sacrifice this token: Exile the top card of your library. You may play that card this turn. Activate only as a sorcery."")
Whenever a token you control leaves the battlefield, put a +1/+1 counter on this creature.",True,10506.0
"cait, cage brawler",legendary creature — human warrior,rare,Fallout,PIP,True,2024-03-08,2024,[],0,2.0,1.0,1.0,4.0,,"['G', 'R']",True,"During your turn, Cait has indestructible.
Whenever Cait attacks, you and defending player each draw a card, then discard a card. Put two +1/+1 counters on Cait if you discarded the card with the greatest mana value among those cards or tied for greatest.",True,11396.0
"cass, hand of vengeance",legendary creature — human ranger,rare,Fallout,PIP,True,2024-03-08,2024,['Vigilance'],1,4.0,4.0,3.0,11.0,,"['R', 'W']",True,"Vigilance
Whenever Cass or another creature you control dies, if it was enchanted or equipped, return any number of Aura cards that were attached to it from your graveyard to the battlefield attached to target creature, then attach any number of Equipment that were attached to it to that creature.",True,9730.0
colonel autumn,legendary creature — human soldier,rare,Fallout,PIP,True,2024-03-08,2024,"['Exploit', 'Lifelink']",2,3.0,2.0,3.0,8.0,,"['B', 'W']",True,"Lifelink
Exploit (When this creature enters, you may sacrifice a creature.)
Other legendary creatures you control have exploit.
Whenever a creature you control exploits a creature, put a +1/+1 counter on each creature you control.",True,7368.0
"desdemona, freedom's edge",legendary creature — human rogue,rare,Fallout,PIP,True,2024-03-08,2024,['Vigilance'],1,4.0,3.0,4.0,11.0,,"['R', 'W']",True,"Vigilance
Whenever Desdemona attacks, target creature card in your graveyard that's an artifact or that has mana value 3 or less gains escape until end of turn. The escape cost is equal to its mana cost plus exile two other cards from your graveyard. (You may cast it from your graveyard for its escape cost this turn.)",True,14804.0
elder arthur maxson,legendary creature — human knight,rare,Fallout,PIP,True,2024-03-08,2024,['Blind Betrayal'],1,3.0,4.0,2.0,9.0,,"['B', 'W']",True,"Creature tokens you control have training. (Whenever a creature token you control attacks with another creature with greater power, put a +1/+1 counter on that token.)
Blind Betrayal - Sacrifice another creature: Elder Arthur Maxson gains indestructible until end of turn.",True,7781.0
electrosiphon,instant,rare,Fallout,PIP,True,2024-03-08,2024,[],0,3.0,,,3.0,,"['R', 'U']",True,Counter target spell. You get an amount of {E} (energy counters) equal to its mana value.,True,4915.0
"kellogg, dangerous mind",legendary creature — human mercenary,rare,Fallout,PIP,True,2024-03-08,2024,"['First strike', 'Haste', 'Treasure']",3,3.0,3.0,2.0,8.0,,"['B', 'R']",True,"First strike, haste
Whenever Kellogg attacks, create a Treasure token.
Sacrifice five Treasures: Gain control of target creature for as long as you control Kellogg. Activate only as a sorcery.",True,2490.0
"liberty prime, recharged",legendary artifact creature — robot,mythic,Fallout,PIP,True,2024-03-08,2024,"['Haste', 'Trample', 'Vigilance']",3,5.0,8.0,8.0,21.0,,"['R', 'U', 'W']",True,"Vigilance, trample, haste
Whenever Liberty Prime attacks or blocks, sacrifice it unless you pay {E}{E} (two energy counters).
{2}, {T}, Sacrifice an artifact: You get {E}{E} and draw a card.",True,6473.0
"maccready, lamplight mayor",legendary creature — human advisor,rare,Fallout,PIP,True,2024-03-08,2024,[],0,2.0,1.0,3.0,6.0,,"['B', 'W']",True,"Whenever a creature you control with power 2 or less attacks, it gains skulk until end of turn. (It can't be blocked by creatures with greater power.)
Whenever a creature with power 4 or greater attacks you, its controller loses 2 life and you gain 2 life.",True,3796.0
"marcus, mutant mayor",legendary creature — mutant advisor,rare,Fallout,PIP,True,2024-03-08,2024,"['Trample', 'Vigilance']",2,5.0,4.0,4.0,13.0,,"['G', 'U']",True,"Vigilance, trample
Whenever a creature you control deals combat damage to a player, draw a card if that creature has a +1/+1 counter on it. If it doesn't, put a +1/+1 counter on it.",True,6112.0
"the master, transcendent",legendary artifact creature — mutant,mythic,Fallout,PIP,True,2024-03-08,2024,[],0,4.0,2.0,4.0,10.0,,"['B', 'G', 'U']",True,"When The Master enters, target player gets two rad counters.
{T}: Put target creature card in a graveyard that was milled this turn onto the battlefield under your control. It's a green Mutant with base power and toughness 3/3. (It loses its other colors and creature types.)",True,4639.0
"moira brown, guide author",legendary creature — human citizen,rare,Fallout,PIP,True,2024-03-08,2024,[],0,3.0,2.0,3.0,8.0,,"['R', 'W']",True,"When Moira Brown enters, create a colorless Equipment artifact token named Wasteland Survival Guide with ""Equipped creature gets +1/+1 for each quest counter among permanents you control"" and equip {1}.
Whenever you attack, put a quest counter on target nonland permanent you control.",True,13954.0
"mr. house, president and ceo",legendary artifact creature — human,mythic,Fallout,PIP,True,2024-03-08,2024,['Treasure'],1,3.0,0.0,4.0,7.0,,"['B', 'R', 'W']",True,"Whenever you roll a 4 or higher, create a 3/3 colorless Robot artifact creature token. If you rolled 6 or higher, instead create that token and a Treasure token.
{4}, {T}: Roll a six-sided die plus an additional six-sided die for each mana from Treasures spent to activate this ability.",True,5348.0
mutational advantage,instant,rare,Fallout,PIP,True,2024-03-08,2024,['Proliferate'],1,3.0,,,3.0,,"['G', 'U']",True,"Permanents you control with counters on them gain hexproof and indestructible until end of turn. Prevent all damage that would be dealt to those permanents this turn. Proliferate. (Choose any number of permanents and/or players, then give each another counter of each kind already there.)",True,2123.0
the nipton lottery,sorcery,rare,Fallout,PIP,True,2024-03-08,2024,[],0,4.0,,,4.0,,"['B', 'R']",True,Choose a creature at random. You gain control of that creature until end of turn. Untap it. It gains haste until end of turn. Then destroy all other creatures.,True,10239.0
paladin elizabeth taggerdy,legendary creature — human knight,rare,Fallout,PIP,True,2024-03-08,2024,['Battalion'],1,3.0,3.0,2.0,8.0,,"['R', 'W']",True,"Battalion - Whenever Paladin Elizabeth Taggerdy and at least two other creatures attack, draw a card, then you may put a creature card with mana value X or less from your hand onto the battlefield tapped and attacking, where X is Paladin Elizabeth Taggerdy's power.",True,6351.0
"preston garvey, minuteman",legendary creature — human soldier,mythic,Fallout,PIP,True,2024-03-08,2024,[],0,5.0,4.0,4.0,13.0,,"['G', 'R', 'W']",True,"At the beginning of combat on your turn, create a green Aura enchantment token named Settlement attached to up to one target land you control. It has enchant land and ""Enchanted land has '{T}: Add one mana of any color.'""
Whenever Preston Garvey attacks, untap each enchanted permanent you control.",True,11013.0
"red death, shipwrecker",legendary creature — crab mutant,rare,Fallout,PIP,True,2024-03-08,2024,"['Alluring Eyes', 'Goad']",2,2.0,1.0,3.0,6.0,,"['R', 'U']",True,"Alluring Eyes - {T}: Goad target creature an opponent controls. That player draws a card. You add {R}. (Until your next turn, that creature attacks each combat if able and attacks a player other than you if able.)",True,6224.0
"rex, cyber-hound",legendary artifact creature — robot dog,rare,Fallout,PIP,True,2024-03-08,2024,['Mill'],1,3.0,2.0,2.0,7.0,,"['U', 'W']",True,"Whenever Rex deals combat damage to a player, they mill two cards and you get {E}{E} (two energy counters).
Pay {E}{E}: Choose target creature card in a graveyard. Exile it with a brain counter on it. Activate only as a sorcery.
Rex has all activated abilities of all cards in exile with brain counters on them.",True,8191.0
sentinel sarah lyons,legendary creature — human knight,rare,Fallout,PIP,True,2024-03-08,2024,"['Battalion', 'Haste']",2,5.0,4.0,4.0,13.0,,"['R', 'W']",True,"Haste
As long as an artifact entered the battlefield under your control this turn, creatures you control get +2/+2.
Battalion - Whenever Sentinel Sarah Lyons and at least two other creatures attack, Sentinel Sarah Lyons deals damage equal to the number of artifacts you control to target player.",True,7191.0
"shaun, father of synths",legendary creature — human scientist,rare,Fallout,PIP,True,2024-03-08,2024,[],0,5.0,3.0,4.0,12.0,,"['R', 'U']",True,"Whenever you attack, you may create a tapped and attacking token that's a copy of target attacking legendary creature you control other than Shaun, except it's not legendary and it's a Synth artifact creature in addition to its other types.
When Shaun leaves the battlefield, exile all Synth tokens you control.",True,6065.0
"three dog, galaxy news dj",legendary creature — human bard,rare,Fallout,PIP,True,2024-03-08,2024,[],0,3.0,1.0,5.0,9.0,,"['R', 'W']",True,"Whenever you attack, you may pay {2} and sacrifice an Aura attached to Three Dog. When you sacrifice an Aura this way, for each other attacking creature you control, create a token that's a copy of that Aura attached to that creature.",True,9855.0
brotherhood vertibird,artifact — vehicle,rare,Fallout,PIP,True,2024-03-08,2024,"['Crew', 'Flying']",2,3.0,,4.0,7.0,,[],False,"Flying
Brotherhood Vertibird's power is equal to the number of artifacts you control.
Crew 2 (Tap any number of creatures you control with total power 2 or greater: This Vehicle becomes an artifact creature until end of turn.)",True,4819.0
"ed-e, lonesome eyebot",legendary artifact creature — robot,rare,Fallout,PIP,True,2024-03-08,2024,"['ED-E My Love', 'Flying']",2,3.0,2.0,1.0,6.0,,[],False,"Flying
ED-E My Love - Whenever you attack, if the number of attacking creatures is greater than the number of quest counters on ED-E, put a quest counter on it.
{2}, Sacrifice ED-E: Draw a card, then draw an additional card for each quest counter on ED-E.",True,8693.0
mister gutsy,artifact creature — robot soldier,rare,Fallout,PIP,True,2024-03-08,2024,[],0,2.0,1.0,1.0,4.0,,[],False,"Whenever you cast an Aura or Equipment spell, put a +1/+1 counter on this creature.
When this creature dies, create X Junk tokens, where X is the number of +1/+1 counters on it. (They're artifacts with ""{T}, Sacrifice this token: Exile the top card of your library. You may play that card this turn. Activate only as a sorcery."")",True,8756.0
nuka-nuke launcher,artifact — equipment,rare,Fallout,PIP,True,2024-03-08,2024,['Equip'],1,2.0,,,2.0,,[],False,"Equipped creature gets +3/+0 and has intimidate. (It can't be blocked except by artifact creatures and/or creatures that share a color with it.)
Whenever equipped creature attacks, until the end of defending player's next turn, that player gets two rad counters whenever they cast a spell.
Equip {3}",True,6819.0
pip-boy 3000,artifact — equipment,rare,Fallout,PIP,True,2024-03-08,2024,"['Check Map', 'Equip', 'Pick a Perk', 'Sort Inventory']",4,1.0,,,1.0,,[],False,"Whenever equipped creature attacks, choose one -
• Sort Inventory - Draw a card, then discard a card.
• Pick a Perk - Put a +1/+1 counter on that creature.
• Check Map - Untap up to two target lands.
Equip {2}",True,2637.0
recon craft theta,artifact — vehicle,rare,Fallout,PIP,True,2024-03-08,2024,"['Crew', 'Flying', 'Proliferate']",3,4.0,4.0,4.0,12.0,,[],False,"Flying
When this Vehicle enters, create a 0/0 blue Alien creature token. Put a +1/+1 counter on it.
Whenever this Vehicle attacks, proliferate. (Choose any number of permanents and/or players, then give each another counter of each kind already there.)
Crew 2",True,5995.0
t-45 power armor,artifact — equipment,rare,Fallout,PIP,True,2024-03-08,2024,['Equip'],1,2.0,,,2.0,,[],False,"When this Equipment enters, you get {E}{E} (two energy counters).
Equipped creature gets +3/+3 and doesn't untap during its controller's untap step.
At the beginning of your upkeep, you may pay {E}. If you do, untap equipped creature, then put your choice of a menace, trample, or lifelink counter on it.
Equip {3}",True,8033.0
desolate mire,land,rare,Fallout,PIP,True,2024-03-08,2024,[],0,0.0,,,0.0,,[],False,"{1}, {T}: Add {W}{B}.",True,1213.0
diamond city,land,rare,Fallout,PIP,True,2024-03-08,2024,[],0,0.0,,,0.0,,[],False,"This land enters with a shield counter on it. (If it would be dealt damage or destroyed, remove a shield counter from it instead.)
{T}: Add {C}.
{T}: Move a shield counter from this land onto target creature. Activate only if two or more creatures entered the battlefield under your control this turn.",True,2911.0
ferrous lake,land,rare,Fallout,PIP,True,2024-03-08,2024,[],0,0.0,,,0.0,,[],False,"{1}, {T}: Add {U}{R}.",True,925.0
helios one,land,rare,Fallout,PIP,True,2024-03-08,2024,[],0,0.0,,,0.0,,[],False,"{T}: Add {C}.
{1}, {T}: You get {E} (an energy counter).
{3}, {T}, Pay X {E}, Sacrifice this land: Destroy target nonland permanent with mana value X. Activate only as a sorcery.",True,4612.0
junktown,land,rare,Fallout,PIP,True,2024-03-08,2024,[],0,0.0,,,0.0,,[],False,"{T}: Add {C}.
{4}{R}, {T}, Sacrifice this land: Create three Junk tokens. (They're artifacts with ""{T}, Sacrifice this token: Exile the top card of your library. You may play that card this turn. Activate only as a sorcery."")",True,8934.0
mariposa military base,land,rare,Fallout,PIP,True,2024-03-08,2024,[],0,0.0,,,0.0,,[],False,"You may have this land enter tapped. If you do, you get two rad counters.
{T}: Add {C}.
{5}, {T}: Draw a card. This ability costs {1} less to activate for each rad counter you have.",True,5101.0
overflowing basin,land,rare,Fallout,PIP,True,2024-03-08,2024,[],0,0.0,,,0.0,,[],False,"{1}, {T}: Add {G}{U}.",True,843.0
sunscorched divide,land,rare,Fallout,PIP,True,2024-03-08,2024,[],0,0.0,,,0.0,,[],False,"{1}, {T}: Add {R}{W}.",True,1070.0
viridescent bog,land,rare,Fallout,PIP,True,2024-03-08,2024,[],0,0.0,,,0.0,,[],False,"{1}, {T}: Add {B}{G}.",True,906.0
austere command,sorcery,rare,Fallout,PIP,True,2024-03-08,2024,[],0,6.0,,,6.0,,['W'],False,"Choose two -
• Destroy all artifacts.
• Destroy all enchantments.
• Destroy all creatures with mana value 3 or less.
• Destroy all creatures with mana value 4 or greater.",True,154.0
captain of the watch,creature — human soldier,rare,Fallout,PIP,True,2024-03-08,2024,['Vigilance'],1,6.0,3.0,3.0,12.0,,['W'],False,"Vigilance (Attacking doesn't cause this creature to tap.)
Other Soldier creatures you control get +1/+1 and have vigilance.
When this creature enters, create three 1/1 white Soldier creature tokens.",True,3567.0
entrapment maneuver,instant,rare,Fallout,PIP,True,2024-03-08,2024,[],0,4.0,,,4.0,,['W'],False,"Target player sacrifices an attacking creature of their choice. You create X 1/1 white Soldier creature tokens, where X is that creature's toughness.",True,4374.0
hour of reckoning,sorcery,rare,Fallout,PIP,True,2024-03-08,2024,['Convoke'],1,7.0,,,7.0,,['W'],False,"Convoke (Your creatures can help cast this spell. Each creature you tap while casting this spell pays for {1} or one mana of that creature's color.)
Destroy all nontoken creatures.",True,917.0
keeper of the accord,creature — human soldier,rare,Fallout,PIP,True,2024-03-08,2024,[],0,4.0,3.0,4.0,11.0,,['W'],False,"At the beginning of each opponent's end step, if that player controls more creatures than you, create a 1/1 white Soldier creature token.
At the beginning of each opponent's end step, if that player controls more lands than you, you may search your library for a basic Plains card, put it onto the battlefield tapped, then shuffle.",True,1080.0
mantle of the ancients,enchantment — aura,rare,Fallout,PIP,True,2024-03-08,2024,['Enchant'],1,5.0,,,5.0,,['W'],False,"Enchant creature you control
When this Aura enters, return any number of target Aura and/or Equipment cards from your graveyard to the battlefield attached to enchanted creature.
Enchanted creature gets +1/+1 for each Aura and Equipment attached to it.",True,1260.0
marshal's anthem,enchantment,rare,Fallout,PIP,True,2024-03-08,2024,['Multikicker'],1,4.0,,,4.0,,['W'],False,"Multikicker {1}{W} (You may pay an additional {1}{W} any number of times as you cast this spell.)
Creatures you control get +1/+1.
When this enchantment enters, return up to X target creature cards from your graveyard to the battlefield, where X is the number of times this enchantment was kicked.",True,3983.0
martial coup,sorcery,rare,Fallout,PIP,True,2024-03-08,2024,[],0,2.0,,,2.0,,['W'],False,"Create X 1/1 white Soldier creature tokens. If X is 5 or more, destroy all other creatures.",True,1226.0
open the vaults,sorcery,rare,Fallout,PIP,True,2024-03-08,2024,[],0,6.0,,,6.0,,['W'],False,Return all artifact and enchantment cards from all graveyards to the battlefield under their owners' control. (Auras with nothing to enchant remain in graveyards.),True,3513.0
puresteel paladin,creature — human knight,rare,Fallout,PIP,True,2024-03-08,2024,['Metalcraft'],1,2.0,2.0,2.0,6.0,,['W'],False,"Whenever an Equipment you control enters, you may draw a card.
Metalcraft - Equipment you control have equip {0} as long as you control three or more artifacts.",True,666.0
secure the wastes,instant,rare,Fallout,PIP,True,2024-03-08,2024,[],0,1.0,,,1.0,,['W'],False,Create X 1/1 white Warrior creature tokens.,True,1263.0
single combat,sorcery,rare,Fallout,PIP,True,2024-03-08,2024,[],0,5.0,,,5.0,,['W'],False,"Each player chooses a creature or planeswalker they control, then sacrifices the rest. Players can't cast creature or planeswalker spells until the end of your next turn.",True,1890.0
fraying sanity,enchantment — aura curse,rare,Fallout,PIP,True,2024-03-08,2024,"['Enchant', 'Mill']",2,3.0,,,3.0,,['U'],False,"Enchant player
At the beginning of each end step, enchanted player mills X cards, where X is the number of cards put into their graveyard from anywhere this turn.",True,2830.0
inexorable tide,enchantment,rare,Fallout,PIP,True,2024-03-08,2024,['Proliferate'],1,5.0,,,5.0,,['U'],False,"Whenever you cast a spell, proliferate. (Choose any number of permanents and/or players, then give each another counter of each kind already there.)",True,1084.0
mechanized production,enchantment — aura,mythic,Fallout,PIP,True,2024-03-08,2024,['Enchant'],1,4.0,,,4.0,,['U'],False,"Enchant artifact you control
At the beginning of your upkeep, create a token that's a copy of enchanted artifact. Then if you control eight or more artifacts with the same name as one another, you win the game.",True,960.0
one with the machine,sorcery,rare,Fallout,PIP,True,2024-03-08,2024,[],0,4.0,,,4.0,,['U'],False,Draw cards equal to the greatest mana value among artifacts you control.,True,2762.0
black market,enchantment,rare,Fallout,PIP,True,2024-03-08,2024,[],0,5.0,,,5.0,,['B'],False,"Whenever a creature dies, put a charge counter on this enchantment.
At the beginning of your first main phase, add {B} for each charge counter on this enchantment.",True,627.0
lethal scheme,instant,rare,Fallout,PIP,True,2024-03-08,2024,"['Connive', 'Convoke']",2,4.0,,,4.0,,['B'],False,"Convoke (Your creatures can help cast this spell. Each creature you tap while casting this spell pays for {1} or one mana of that creature's color.)
Destroy target creature or planeswalker. Each creature that convoked this spell connives. (Draw a card, then discard a card. If you discarded a nonland card, put a +1/+1 counter on that creature.)",True,1615.0
blasphemous act,sorcery,rare,Fallout,PIP,True,2024-03-08,2024,[],0,9.0,,,9.0,,['R'],False,"This spell costs {1} less to cast for each creature on the battlefield.
Blasphemous Act deals 13 damage to each creature.",True,23.0
chaos warp,instant,rare,Fallout,PIP,True,2024-03-08,2024,[],0,3.0,,,3.0,,['R'],False,"The owner of target permanent shuffles it into their library, then reveals the top card of their library. If it's a permanent card, they put it onto the battlefield.",True,29.0
stolen strategy,enchantment,rare,Fallout,PIP,True,2024-03-08,2024,[],0,5.0,,,5.0,,['R'],False,"At the beginning of your upkeep, exile the top card of each opponent's library. Until end of turn, you may cast spells from among those exiled cards, and you may spend mana as though it were mana of any color to cast those spells.",True,3709.0
branching evolution,enchantment,rare,Fallout,PIP,True,2024-03-08,2024,[],0,3.0,,,3.0,,['G'],False,"If one or more +1/+1 counters would be put on a creature you control, twice that many +1/+1 counters are put on that creature instead.",True,407.0
guardian project,enchantment,rare,Fallout,PIP,True,2024-03-08,2024,[],0,4.0,,,4.0,,['G'],False,"Whenever a nontoken creature you control enters, if it doesn't have the same name as another creature you control or a creature card in your graveyard, draw a card.",True,288.0
hardened scales,enchantment,rare,Fallout,PIP,True,2024-03-08,2024,[],0,1.0,,,1.0,,['G'],False,"If one or more +1/+1 counters would be put on a creature you control, that many plus one +1/+1 counters are put on it instead.",True,209.0
heroic intervention,instant,rare,Fallout,PIP,True,2024-03-08,2024,[],0,2.0,,,2.0,,['G'],False,Permanents you control gain hexproof and indestructible until end of turn.,True,32.0
tireless tracker,creature — human scout,rare,Fallout,PIP,True,2024-03-08,2024,"['Investigate', 'Landfall']",2,3.0,3.0,2.0,8.0,,['G'],False,"Landfall - Whenever a land you control enters, investigate. (Create a Clue token. It's an artifact with ""{2}, Sacrifice this token: Draw a card."")
Whenever you sacrifice a Clue, put a +1/+1 counter on this creature.",True,588.0
anguished unmaking,instant,rare,Fallout,PIP,True,2024-03-08,2024,[],0,3.0,,,3.0,,"['B', 'W']",True,Exile target nonland permanent. You lose 3 life.,True,164.0
assemble the legion,enchantment,rare,Fallout,PIP,True,2024-03-08,2024,[],0,5.0,,,5.0,,"['R', 'W']",True,"At the beginning of your upkeep, put a muster counter on this enchantment. Then create a 1/1 red and white Soldier creature token with haste for each muster counter on this enchantment.",True,1882.0
biomass mutation,instant,rare,Fallout,PIP,True,2024-03-08,2024,[],0,2.0,,,2.0,,"['G', 'U']",True,Creatures you control have base power and toughness X/X until end of turn.,True,5100.0
casualties of war,sorcery,rare,Fallout,PIP,True,2024-03-08,2024,[],0,6.0,,,6.0,,"['B', 'G']",True,"Choose one or more -
• Destroy target artifact.
• Destroy target creature.
• Destroy target enchantment.
• Destroy target land.
• Destroy target planeswalker.",True,1719.0
fervent charge,enchantment,rare,Fallout,PIP,True,2024-03-08,2024,[],0,4.0,,,4.0,,"['B', 'R', 'W']",True,"Whenever a creature you control attacks, it gets +2/+2 until end of turn.",True,4810.0
ruinous ultimatum,sorcery,rare,Fallout,PIP,True,2024-03-08,2024,[],0,7.0,,,7.0,,"['B', 'R', 'W']",True,Destroy all nonland permanents your opponents control.,True,634.0
wake the past,sorcery,rare,Fallout,PIP,True,2024-03-08,2024,[],0,7.0,,,7.0,,"['R', 'W']",True,Return all artifact cards from your graveyard to the battlefield. They gain haste until end of turn.,True,2149.0
basilisk collar,artifact — equipment,rare,Fallout,PIP,True,2024-03-08,2024,['Equip'],1,1.0,,,1.0,,[],False,"Equipped creature has deathtouch and lifelink. (Any amount of damage it deals to a creature is enough to destroy it. Damage dealt by this creature also causes you to gain that much life.)
Equip {2} ({2}: Attach to target creature you control. Equip only as a sorcery.)",True,265.0
bloodforged battle-axe,artifact — equipment,rare,Fallout,PIP,True,2024-03-08,2024,['Equip'],1,1.0,,,1.0,,[],False,"Equipped creature gets +2/+0.
Whenever equipped creature deals combat damage to a player, create a token that's a copy of this Equipment.
Equip {2}",True,1606.0
champion's helm,artifact — equipment,rare,Fallout,PIP,True,2024-03-08,2024,['Equip'],1,3.0,,,3.0,,[],False,"Equipped creature gets +2/+2.
As long as equipped creature is legendary, it has hexproof. (It can't be the target of spells or abilities your opponents control.)
Equip {1}",True,915.0
masterwork of ingenuity,artifact — equipment,rare,Fallout,PIP,True,2024-03-08,2024,[],0,1.0,,,1.0,,[],False,You may have this Equipment enter as a copy of any Equipment on the battlefield.,True,1617.0
mystic forge,artifact,rare,Fallout,PIP,True,2024-03-08,2024,[],0,4.0,,,4.0,,[],False,"You may look at the top card of your library any time.
You may cast artifact spells and colorless spells from the top of your library.
{T}, Pay 1 life: Exile the top card of your library.",True,419.0
panharmonicon,artifact,rare,Fallout,PIP,True,2024-03-08,2024,[],0,4.0,,,4.0,,[],False,"If an artifact or creature entering causes a triggered ability of a permanent you control to trigger, that ability triggers an additional time.",True,267.0
solemn simulacrum,artifact creature — golem,rare,Fallout,PIP,True,2024-03-08,2024,[],0,4.0,2.0,2.0,8.0,,[],False,"When this creature enters, you may search your library for a basic land card, put that card onto the battlefield tapped, then shuffle.
When this creature dies, you may draw a card.",True,33.0
steel overseer,artifact creature — construct,rare,Fallout,PIP,True,2024-03-08,2024,[],0,2.0,1.0,1.0,4.0,,[],False,{T}: Put a +1/+1 counter on each artifact creature you control.,True,853.0
canopy vista,land — forest plains,rare,Fallout,PIP,True,2024-03-08,2024,[],0,0.0,,,0.0,,[],False,"({T}: Add {G} or {W}.)
This land enters tapped unless you control two or more basic lands.",True,103.0
canyon slough,land — swamp mountain,rare,Fallout,PIP,True,2024-03-08,2024,['Cycling'],1,0.0,,,0.0,,[],False,"({T}: Add {B} or {R}.)
This land enters tapped.
Cycling {2} ({2}, Discard this card: Draw a card.)",True,789.0
cinder glade,land — mountain forest,rare,Fallout,PIP,True,2024-03-08,2024,[],0,0.0,,,0.0,,[],False,"({T}: Add {R} or {G}.)
This land enters tapped unless you control two or more basic lands.",True,84.0
clifftop retreat,land,rare,Fallout,PIP,True,2024-03-08,2024,[],0,0.0,,,0.0,,[],False,"This land enters tapped unless you control a Mountain or a Plains.
{T}: Add {R} or {W}.",True,93.0
darkwater catacombs,land,rare,Fallout,PIP,True,2024-03-08,2024,[],0,0.0,,,0.0,,[],False,"{1}, {T}: Add {U}{B}.",True,294.0
dragonskull summit,land,rare,Fallout,PIP,True,2024-03-08,2024,[],0,0.0,,,0.0,,[],False,"This land enters tapped unless you control a Swamp or a Mountain.
{T}: Add {B} or {R}.",True,99.0
drowned catacomb,land,rare,Fallout,PIP,True,2024-03-08,2024,[],0,0.0,,,0.0,,[],False,"This land enters tapped unless you control an Island or a Swamp.
{T}: Add {U} or {B}.",True,114.0
exotic orchard,land,rare,Fallout,PIP,True,2024-03-08,2024,[],0,0.0,,,0.0,,[],False,{T}: Add one mana of any color that a land an opponent controls could produce.,True,9.0
fetid pools,land — island swamp,rare,Fallout,PIP,True,2024-03-08,2024,['Cycling'],1,0.0,,,0.0,,[],False,"({T}: Add {U} or {B}.)
This land enters tapped.
Cycling {2} ({2}, Discard this card: Draw a card.)",True,827.0
glacial fortress,land,rare,Fallout,PIP,True,2024-03-08,2024,[],0,0.0,,,0.0,,[],False,"This land enters tapped unless you control a Plains or an Island.
{T}: Add {W} or {U}.",True,111.0
hinterland harbor,land,rare,Fallout,PIP,True,2024-03-08,2024,[],0,0.0,,,0.0,,[],False,"This land enters tapped unless you control a Forest or an Island.
{T}: Add {G} or {U}.",True,112.0
irrigated farmland,land — plains island,rare,Fallout,PIP,True,2024-03-08,2024,['Cycling'],1,0.0,,,0.0,,[],False,"({T}: Add {W} or {U}.)
This land enters tapped.
Cycling {2} ({2}, Discard this card: Draw a card.)",True,770.0
isolated chapel,land,rare,Fallout,PIP,True,2024-03-08,2024,[],0,0.0,,,0.0,,[],False,"This land enters tapped unless you control a Plains or a Swamp.
{T}: Add {W} or {B}.",True,108.0
mossfire valley,land,rare,Fallout,PIP,True,2024-03-08,2024,[],0,0.0,,,0.0,,[],False,"{1}, {T}: Add {R}{G}.",True,521.0
nesting grounds,land,rare,Fallout,PIP,True,2024-03-08,2024,[],0,0.0,,,0.0,,[],False,"{T}: Add {C}.
{1}, {T}: Move a counter from target permanent you control onto another target permanent. Activate only as a sorcery.",True,677.0
prairie stream,land — plains island,rare,Fallout,PIP,True,2024-03-08,2024,[],0,0.0,,,0.0,,[],False,"({T}: Add {W} or {U}.)
This land enters tapped unless you control two or more basic lands.",True,105.0
rootbound crag,land,rare,Fallout,PIP,True,2024-03-08,2024,[],0,0.0,,,0.0,,[],False,"This land enters tapped unless you control a Mountain or a Forest.
{T}: Add {R} or {G}.",True,144.0
scattered groves,land — forest plains,rare,Fallout,PIP,True,2024-03-08,2024,['Cycling'],1,0.0,,,0.0,,[],False,"({T}: Add {G} or {W}.)
This land enters tapped.
Cycling {2} ({2}, Discard this card: Draw a card.)",True,835.0
scavenger grounds,land — desert,rare,Fallout,PIP,True,2024-03-08,2024,[],0,0.0,,,0.0,,[],False,"{T}: Add {C}.
{2}, {T}, Sacrifice a Desert: Exile all graveyards.",True,316.0
shadowblood ridge,land,rare,Fallout,PIP,True,2024-03-08,2024,[],0,0.0,,,0.0,,[],False,"{1}, {T}: Add {B}{R}.",True,418.0
sheltered thicket,land — mountain forest,rare,Fallout,PIP,True,2024-03-08,2024,['Cycling'],1,0.0,,,0.0,,[],False,"({T}: Add {R} or {G}.)
This land enters tapped.
Cycling {2} ({2}, Discard this card: Draw a card.)",True,671.0
skycloud expanse,land,rare,Fallout,PIP,True,2024-03-08,2024,[],0,0.0,,,0.0,,[],False,"{1}, {T}: Add {W}{U}.",True,363.0
smoldering marsh,land — swamp mountain,rare,Fallout,PIP,True,2024-03-08,2024,[],0,0.0,,,0.0,,[],False,"({T}: Add {B} or {R}.)
This land enters tapped unless you control two or more basic lands.",True,104.0
spire of industry,land,rare,Fallout,PIP,True,2024-03-08,2024,[],0,0.0,,,0.0,,[],False,"{T}: Add {C}.
{T}, Pay 1 life: Add one mana of any color. Activate only if you control an artifact.",True,380.0
sulfur falls,land,rare,Fallout,PIP,True,2024-03-08,2024,[],0,0.0,,,0.0,,[],False,"This land enters tapped unless you control an Island or a Mountain.
{T}: Add {U} or {R}.",True,91.0
sungrass prairie,land,rare,Fallout,PIP,True,2024-03-08,2024,[],0,0.0,,,0.0,,[],False,"{1}, {T}: Add {G}{W}.",True,437.0
sunken hollow,land — island swamp,rare,Fallout,PIP,True,2024-03-08,2024,[],0,0.0,,,0.0,,[],False,"({T}: Add {U} or {B}.)
This land enters tapped unless you control two or more basic lands.",True,80.0
sunpetal grove,land,rare,Fallout,PIP,True,2024-03-08,2024,[],0,0.0,,,0.0,,[],False,"This land enters tapped unless you control a Forest or a Plains.
{T}: Add {G} or {W}.",True,150.0
temple of abandon,land,rare,Fallout,PIP,True,2024-03-08,2024,['Scry'],1,0.0,,,0.0,,[],False,"This land enters tapped.
When this land enters, scry 1. (Look at the top card of your library. You may put that card on the bottom.)
{T}: Add {R} or {G}.",True,429.0
temple of deceit,land,rare,Fallout,PIP,True,2024-03-08,2024,['Scry'],1,0.0,,,0.0,,[],False,"This land enters tapped.
When this land enters, scry 1. (Look at the top card of your library. You may put that card on the bottom.)
{T}: Add {U} or {B}.",True,289.0
temple of enlightenment,land,rare,Fallout,PIP,True,2024-03-08,2024,['Scry'],1,0.0,,,0.0,,[],False,"This land enters tapped.
When this land enters, scry 1. (Look at the top card of your library. You may put that card on the bottom.)
{T}: Add {W} or {U}.",True,292.0
temple of epiphany,land,rare,Fallout,PIP,True,2024-03-08,2024,['Scry'],1,0.0,,,0.0,,[],False,"This land enters tapped.
When this land enters, scry 1. (Look at the top card of your library. You may put that card on the bottom.)
{T}: Add {U} or {R}.",True,258.0
temple of malady,land,rare,Fallout,PIP,True,2024-03-08,2024,['Scry'],1,0.0,,,0.0,,[],False,"This land enters tapped.
When this land enters, scry 1. (Look at the top card of your library. You may put that card on the bottom.)
{T}: Add {B} or {G}.",True,340.0
temple of malice,land,rare,Fallout,PIP,True,2024-03-08,2024,['Scry'],1,0.0,,,0.0,,[],False,"This land enters tapped.
When this land enters, scry 1. (Look at the top card of your library. You may put that card on the bottom.)
{T}: Add {B} or {R}.",True,378.0
temple of mystery,land,rare,Fallout,PIP,True,2024-03-08,2024,['Scry'],1,0.0,,,0.0,,[],False,"This land enters tapped.
When this land enters, scry 1. (Look at the top card of your library. You may put that card on the bottom.)
{T}: Add {G} or {U}.",True,282.0
temple of plenty,land,rare,Fallout,PIP,True,2024-03-08,2024,['Scry'],1,0.0,,,0.0,,[],False,"This land enters tapped.
When this land enters, scry 1. (Look at the top card of your library. You may put that card on the bottom.)
{T}: Add {G} or {W}.",True,444.0
temple of silence,land,rare,Fallout,PIP,True,2024-03-08,2024,['Scry'],1,0.0,,,0.0,,[],False,"This land enters tapped.
When this land enters, scry 1. (Look at the top card of your library. You may put that card on the bottom.)
{T}: Add {W} or {B}.",True,262.0
temple of triumph,land,rare,Fallout,PIP,True,2024-03-08,2024,['Scry'],1,0.0,,,0.0,,[],False,"This land enters tapped.
When this land enters, scry 1. (Look at the top card of your library. You may put that card on the bottom.)
{T}: Add {R} or {W}.",True,277.0
treasure vault,artifact land,rare,Fallout,PIP,True,2024-03-08,2024,['Treasure'],1,0.0,,,0.0,,[],False,"{T}: Add {C}.
{X}{X}, {T}, Sacrifice this land: Create X Treasure tokens.",True,500.0
windbrisk heights,land,rare,Fallout,PIP,True,2024-03-08,2024,['Hideaway'],1,0.0,,,0.0,,[],False,"Hideaway 4 (When this land enters, look at the top four cards of your library, exile one face down, then put the rest on the bottom in a random order.)
This land enters tapped.
{T}: Add {W}.
{W}, {T}: You may play the exiled card without paying its mana cost if you attacked with three or more creatures this turn.",True,635.0
woodland cemetery,land,rare,Fallout,PIP,True,2024-03-08,2024,[],0,0.0,,,0.0,,[],False,"This land enters tapped unless you control a Swamp or a Forest.
{T}: Add {B} or {G}.",True,127.0
"caesar, legion's emperor",legendary creature — human soldier,mythic,Fallout,PIP,True,2024-03-08,2024,[],0,4.0,4.0,4.0,12.0,,"['B', 'R', 'W']",True,"Whenever you attack, you may sacrifice another creature. When you do, choose two -
• Create two 1/1 red and white Soldier creature tokens with haste that are tapped and attacking.
• You draw a card and you lose 1 life.
• Caesar deals damage equal to the number of creature tokens you control to target opponent.",True,2678.0
"dogmeat, ever loyal",legendary creature — dog,mythic,Fallout,PIP,True,2024-03-08,2024,['Mill'],1,3.0,3.0,3.0,9.0,,"['G', 'R', 'W']",True,"When Dogmeat enters, mill five cards, then return an Aura or Equipment card from your graveyard to your hand.
Whenever a creature you control that's enchanted or equipped attacks, create a Junk token. (It's an artifact with ""{T}, Sacrifice this token: Exile the top card of your library. You may play that card this turn. Activate only as a sorcery."")",True,8136.0
dr. madison li,legendary creature — human scientist,mythic,Fallout,PIP,True,2024-03-08,2024,[],0,3.0,2.0,3.0,8.0,,"['R', 'U', 'W']",True,"Whenever you cast an artifact spell, you get {E} (an energy counter).
{T}, Pay {E}: Target creature gets +1/+0 and gains trample and haste until end of turn.
{T}, Pay {E}{E}{E}: Draw a card.
{T}, Pay {E}{E}{E}{E}{E}: Return target artifact card from your graveyard to the battlefield tapped.",True,5817.0
the wise mothman,legendary creature — insect mutant,mythic,Fallout,PIP,True,2024-03-08,2024,['Flying'],1,4.0,3.0,3.0,10.0,,"['B', 'G', 'U']",True,"Flying
Whenever The Wise Mothman enters or attacks, each player gets a rad counter.
Whenever one or more nonland cards are milled, put a +1/+1 counter on each of up to X target creatures, where X is the number of nonland cards milled this way.",True,3548.0
"liberty prime, recharged",legendary artifact creature — robot,mythic,Fallout,PIP,True,2024-03-08,2024,"['Haste', 'Trample', 'Vigilance']",3,5.0,8.0,8.0,21.0,,"['R', 'U', 'W']",True,"Vigilance, trample, haste
Whenever Liberty Prime attacks or blocks, sacrifice it unless you pay {E}{E} (two energy counters).
{2}, {T}, Sacrifice an artifact: You get {E}{E} and draw a card.",True,6473.0
"the master, transcendent",legendary artifact creature — mutant,mythic,Fallout,PIP,True,2024-03-08,2024,[],0,4.0,2.0,4.0,10.0,,"['B', 'G', 'U']",True,"When The Master enters, target player gets two rad counters.
{T}: Put target creature card in a graveyard that was milled this turn onto the battlefield under your control. It's a green Mutant with base power and toughness 3/3. (It loses its other colors and creature types.)",True,4639.0
"mr. house, president and ceo",legendary artifact creature — human,mythic,Fallout,PIP,True,2024-03-08,2024,['Treasure'],1,3.0,0.0,4.0,7.0,,"['B', 'R', 'W']",True,"Whenever you roll a 4 or higher, create a 3/3 colorless Robot artifact creature token. If you rolled 6 or higher, instead create that token and a Treasure token.
{4}, {T}: Roll a six-sided die plus an additional six-sided die for each mana from Treasures spent to activate this ability.",True,5348.0
"preston garvey, minuteman",legendary creature — human soldier,mythic,Fallout,PIP,True,2024-03-08,2024,[],0,5.0,4.0,4.0,13.0,,"['G', 'R', 'W']",True,"At the beginning of combat on your turn, create a green Aura enchantment token named Settlement attached to up to one target land you control. It has enchant land and ""Enchanted land has '{T}: Add one mana of any color.'""
Whenever Preston Garvey attacks, untap each enchanted permanent you control.",True,11013.0
"aradesh, the founder",legendary creature — human soldier,rare,Fallout,PIP,True,2024-03-08,2024,['Enlist'],1,3.0,1.0,4.0,8.0,,['W'],False,"Enlist (As this creature attacks, you may tap a nonattacking creature you control without summoning sickness. When you do, add its power to this creature's until end of turn.)
Whenever a creature you control attacks, if it enlisted a creature this combat, the creature that attacked gains double strike until end of turn. If that creature's power is 4 or greater, draw a card.",True,12515.0
automated assembly line,artifact,rare,Fallout,PIP,True,2024-03-08,2024,[],0,2.0,,,2.0,,['W'],False,"Whenever one or more artifact creatures you control deal combat damage to a player, you get {E} (an energy counter).
Pay {E}{E}{E}: Create a tapped 3/3 colorless Robot artifact creature token.",True,6364.0
battle of hoover dam,enchantment,rare,Fallout,PIP,True,2024-03-08,2024,[],0,4.0,,,4.0,,['W'],False,"As this enchantment enters, choose NCR or Legion.
• NCR - At the beginning of your end step, return target creature card with mana value 3 or less from your graveyard to the battlefield with a finality counter on it.
• Legion - Whenever a creature you control dies, put two +1/+1 counters on target creature you control.",True,7989.0
brotherhood outcast,creature — human soldier,uncommon,Fallout,PIP,True,2024-03-08,2024,[],0,3.0,3.0,2.0,8.0,,['W'],False,"When this creature enters, choose one -
• Return target Aura or Equipment card with mana value 3 or less from your graveyard to the battlefield.
• Put a shield counter on target creature. (If it would be dealt damage or destroyed, remove a shield counter from it instead.)",True,8911.0
brotherhood scribe,creature — human artificer,rare,Fallout,PIP,True,2024-03-08,2024,['Metalcraft'],1,2.0,1.0,3.0,6.0,,['W'],False,"Metalcraft - {T}: You get {E} (an energy counter). Activate only if you control three or more artifacts.
Whenever you get one or more {E} during your turn, creatures you control get +1/+1 until end of turn.",True,6435.0
"codsworth, handy helper",legendary artifact creature — robot,rare,Fallout,PIP,True,2024-03-08,2024,[],0,3.0,2.0,3.0,8.0,,['W'],False,"Commanders you control have ward {2}.
{T}: Add {W}{W}. Spend this mana only to cast Aura and/or Equipment spells.
{T}: Attach target Aura or Equipment you control to target creature you control. Activate only as a sorcery.",True,1613.0
commander sofia daguerre,legendary creature — human pilot,uncommon,Fallout,PIP,True,2024-03-08,2024,"['Crash Landing', 'Flash']",2,4.0,1.0,3.0,8.0,,['W'],False,"Flash
Crash Landing - When Commander Sofia Daguerre enters, destroy up to one target legendary permanent. That permanent's controller creates a Junk token. (It's an artifact with ""{T}, Sacrifice this token: Exile the top card of your library. You may play that card this turn. Activate only as a sorcery."")",True,10611.0
gary clone,creature — human citizen,uncommon,Fallout,PIP,True,2024-03-08,2024,['Squad'],1,2.0,1.0,3.0,6.0,,['W'],False,"Squad {2} (As an additional cost to cast this spell, you may pay {2} any number of times. When this creature enters, create that many tokens that are copies of it.)
Whenever this creature attacks, each creature you control named Gary Clone gets +1/+0 until end of turn.",True,11241.0
idolized,enchantment — aura,rare,Fallout,PIP,True,2024-03-08,2024,['Enchant'],1,2.0,,,2.0,,['W'],False,"Enchant creature
Enchanted creature has ""Whenever this creature attacks alone, it gets +X/+X until end of turn, where X is the number of nonland permanents you control.""",True,3186.0
overencumbered,enchantment — aura,rare,Fallout,PIP,True,2024-03-08,2024,"['Enchant', 'Food']",2,2.0,,,2.0,,['W'],False,"Enchant opponent
When this Aura enters, enchanted opponent creates a Clue token, a Food token, and a Junk token.
At the beginning of combat on enchanted opponent's turn, that player may pay {1} for each artifact they control. If they don't, creatures can't attack this combat.",True,10684.0
overseer of vault 76,legendary creature — human advisor,rare,Fallout,PIP,True,2024-03-08,2024,['First Contact'],1,3.0,3.0,3.0,9.0,,['W'],False,"First Contact - Whenever Overseer of Vault 76 or another creature you control with power 3 or less enters, put a quest counter on Overseer of Vault 76.
At the beginning of combat on your turn, you may remove three quest counters from among permanents you control. When you do, put a +1/+1 counter on each creature you control and they gain vigilance until end of turn.",True,9539.0
"paladin danse, steel maverick",legendary artifact creature — synth knight,uncommon,Fallout,PIP,True,2024-03-08,2024,"['Lifelink', 'Vigilance']",2,3.0,3.0,3.0,9.0,,['W'],False,"Vigilance, lifelink
Exile Paladin Danse: Each creature you control that's an artifact or Human gains indestructible until end of turn.",True,6546.0
pre-war formalwear,artifact — equipment,rare,Fallout,PIP,True,2024-03-08,2024,['Equip'],1,3.0,,,3.0,,['W'],False,"When this Equipment enters, return target creature card with mana value 3 or less from your graveyard to the battlefield and attach this Equipment to it.
Equipped creature gets +2/+2 and has vigilance.
Equip {3}",True,6566.0
"the prydwen, steel flagship",legendary artifact — vehicle,rare,Fallout,PIP,True,2024-03-08,2024,"['Crew', 'Flying']",2,6.0,6.0,6.0,18.0,,['W'],False,"Flying
Whenever another nontoken artifact you control enters, create a 2/2 white Human Knight creature token with ""This token gets +2/+2 as long as an artifact entered the battlefield under your control this turn.""
Crew 2",True,6347.0
securitron squadron,artifact creature — robot,rare,Fallout,PIP,True,2024-03-08,2024,"['Squad', 'Vigilance']",2,2.0,2.0,2.0,6.0,,['W'],False,"Squad {3} (As an additional cost to cast this spell, you may pay {3} any number of times. When this creature enters, create that many tokens that are copies of it.)
Vigilance
Whenever a creature token you control enters, put a +1/+1 counter on it.",True,4142.0
sentry bot,artifact creature — robot,rare,Fallout,PIP,True,2024-03-08,2024,['Flash'],1,5.0,2.0,5.0,12.0,,['W'],False,"Flash
This spell costs {1} less to cast for each creature attacking you.
When this creature enters, you get {E} for each creature attacking you.
At the beginning of combat on your turn, you may pay {E}{E}{E}. If you do, put a +1/+1 counter on each creature you control.",True,8697.0
"sierra, nuka's biggest fan",legendary creature — human citizen,rare,Fallout,PIP,True,2024-03-08,2024,"['Food', 'The Nuka-Cola Challenge']",2,4.0,3.0,4.0,11.0,,['W'],False,"The Nuka-Cola Challenge - Whenever one or more creatures you control deal combat damage to a player, put a quest counter on Sierra and create a Food token.
Whenever you sacrifice a Food, target creature you control gets +X/+X until end of turn, where X is the number of quest counters on Sierra.",True,9268.0
vault 13: dweller's journey,enchantment — saga,rare,Fallout,PIP,True,2024-03-08,2024,['Scry'],1,4.0,,,4.0,,['W'],False,"(As this Saga enters and after your draw step, add a lore counter. Sacrifice after III.)
I - For each player, exile up to one other target enchantment or creature that player controls until this Saga leaves the battlefield.
II - You gain 2 life and scry 2.
III - Return two cards exiled with this Saga to the battlefield under their owners' control and put the rest on the bottom of their owners' libraries.",True,13310.0
vault 75: middle school,enchantment — saga,rare,Fallout,PIP,True,2024-03-08,2024,[],0,4.0,,,4.0,,['W'],False,"(As this Saga enters and after your draw step, add a lore counter. Sacrifice after III.)
I - Exile all creatures with power 4 or greater.
II, III - Put a +1/+1 counter on each creature you control.",True,8196.0
vault 101: birthday party,enchantment — saga,rare,Fallout,PIP,True,2024-03-08,2024,['Food'],1,4.0,,,4.0,,['W'],False,"(As this Saga enters and after your draw step, add a lore counter. Sacrifice after III.)
I - Create a 1/1 white Human Soldier creature token and a Food token. (A Food token is an artifact with ""{2}, {T}, Sacrifice this token: You gain 3 life."")
II, III - You may put an Aura or Equipment card from your hand or graveyard onto the battlefield. If an Equipment is put onto the battlefield this way, you may attach it to a creature you control.",True,10153.0
"yes man, personal securitron",legendary artifact creature — robot,rare,Fallout,PIP,True,2024-03-08,2024,['Wild Card'],1,3.0,2.0,2.0,7.0,,['W'],False,"{T}: Target opponent gains control of Yes Man. When they do, you draw two cards and put a quest counter on Yes Man. Activate only during your turn.
Wild Card - When Yes Man leaves the battlefield, its owner creates a tapped 1/1 white Soldier creature token for each quest counter on it.",True,3984.0
"curie, emergent intelligence",legendary artifact creature — robot,rare,Fallout,PIP,True,2024-03-08,2024,[],0,2.0,1.0,3.0,6.0,,['U'],False,"Whenever Curie deals combat damage to a player, draw cards equal to its base power.
{1}{U}, Exile another nontoken artifact creature you control: Curie becomes a copy of the exiled creature, except it has ""Whenever this creature deals combat damage to a player, draw cards equal to its base power.""",True,8542.0
"james, wandering dad // follow him",legendary creature — human scientist,rare,Fallout,PIP,True,2024-03-08,2024,[],0,3.0,2.0,4.0,9.0,,['U'],False,{T}: Add {C}{C}. Spend this mana only to activate abilities.,True,8375.0
"james, wandering dad // follow him",instant — adventure,rare,Fallout,PIP,True,2024-03-08,2024,['Investigate'],1,3.0,,,3.0,,['U'],False,Investigate X times. (Then exile this card. You may cast the creature later from exile.),True,8375.0
"jason bright, glowing prophet",legendary creature — zombie mutant advisor,rare,Fallout,PIP,True,2024-03-08,2024,['Come Fly With Me'],1,3.0,2.0,3.0,8.0,,['U'],False,"Whenever a Zombie or Mutant you control dies, if its power was different from its base power, draw a card.
Come Fly With Me - {2}, Sacrifice a creature: Put a +1/+1 counter on target creature you control. It gains flying until end of turn.",True,8083.0
mirelurk queen,creature — crab mutant,rare,Fallout,PIP,True,2024-03-08,2024,['Vigilance'],1,5.0,4.0,4.0,13.0,,['U'],False,"Vigilance
When this creature enters, target player gets two rad counters.
Whenever one or more nonland cards are milled, draw a card, then put a +1/+1 counter on this creature. This ability triggers only once each turn.",True,4034.0
nerd rage,enchantment — aura,uncommon,Fallout,PIP,True,2024-03-08,2024,['Enchant'],1,3.0,,,3.0,,['U'],False,"Enchant creature
When this Aura enters, draw two cards.
Enchanted creature has ""You have no maximum hand size"" and ""Whenever this creature attacks, if you have ten or more cards in hand, it gets +10/+10 until end of turn.""",True,4577.0
"nick valentine, private eye",legendary artifact creature — synth detective,rare,Fallout,PIP,True,2024-03-08,2024,['Investigate'],1,3.0,2.0,2.0,7.0,,['U'],False,"Nick Valentine can't be blocked except by artifact creatures.
Whenever Nick Valentine or another artifact creature you control dies, you may investigate. (To investigate, create a Clue token. It's an artifact with ""{2}, Sacrifice this token: Draw a card."")",True,9923.0
"piper wright, publick reporter",legendary creature — human detective,rare,Fallout,PIP,True,2024-03-08,2024,['Investigate'],1,2.0,1.0,2.0,5.0,,['U'],False,"Whenever Piper Wright deals combat damage to a player, investigate that many times. (To investigate, create a Clue token. It's an artifact with ""{2}, Sacrifice this token: Draw a card."")
Whenever you sacrifice a Clue, put a +1/+1 counter on target creature you control.",True,5938.0
radstorm,instant,rare,Fallout,PIP,True,2024-03-08,2024,"['Proliferate', 'Storm']",2,4.0,,,4.0,,['U'],False,"Storm (When you cast this spell, copy it for each spell cast before it this turn.)
Proliferate. (Choose any number of permanents and/or players, then give each another counter of each kind already there.)",True,2581.0
robobrain war mind,artifact creature — robot,uncommon,Fallout,PIP,True,2024-03-08,2024,[],0,4.0,,5.0,9.0,,['U'],False,"Robobrain War Mind's power is equal to the number of cards in your hand.
When this creature enters, you get an amount of {E} (energy counters) equal to the number of artifact creatures you control.
Whenever this creature attacks, you may pay {E}{E}{E}. If you do, draw a card.",True,9287.0
struggle for project purity,enchantment,rare,Fallout,PIP,True,2024-03-08,2024,[],0,4.0,,,4.0,,['U'],False,"As this enchantment enters, choose Brotherhood or Enclave.
• Brotherhood - At the beginning of your upkeep, each opponent draws a card. You draw a card for each card drawn this way.
• Enclave - Whenever a player attacks you with one or more creatures, that player gets twice that many rad counters.",True,2450.0
synth infiltrator,artifact creature — synth,rare,Fallout,PIP,True,2024-03-08,2024,['Improvise'],1,5.0,0.0,0.0,5.0,,['U'],False,"Improvise (Your artifacts can help cast this spell. Each artifact you tap after you're done activating mana abilities pays for {1}.)
You may have this creature enter as a copy of any creature on the battlefield, except it's a Synth artifact creature in addition to its other types.",True,8276.0
vexing radgull,creature — bird mutant,uncommon,Fallout,PIP,True,2024-03-08,2024,"['Flying', 'Proliferate']",2,2.0,1.0,2.0,5.0,,['U'],False,"Flying
Whenever this creature deals combat damage to a player, that player gets two rad counters if they don't have any rad counters. Otherwise, proliferate. (Choose any number of permanents and/or players, then give each another counter of each kind already there.)",True,4405.0
bloatfly swarm,creature — insect mutant,uncommon,Fallout,PIP,True,2024-03-08,2024,['Flying'],1,4.0,0.0,0.0,4.0,,['B'],False,"Flying
This creature enters with five +1/+1 counters on it.
If damage would be dealt to this creature while it has a +1/+1 counter on it, prevent that damage, remove that many +1/+1 counters from it, then give each player a rad counter for each +1/+1 counter removed this way.",True,5013.0
"butch deloria, tunnel snake",legendary creature — human rogue,uncommon,Fallout,PIP,True,2024-03-08,2024,"['Menace', 'Tunnel Snakes Rule!']",2,2.0,2.0,2.0,6.0,,['B'],False,"Menace (This creature can't be blocked except by two or more creatures.)
Tunnel Snakes Rule! - Whenever Butch DeLoria attacks, it gets +1/+1 until end of turn for each other Rogue and/or Snake you control.
{1}{B}: Put a menace counter on another target creature. It becomes a Rogue in addition to its other types.",True,10416.0
feral ghoul,creature — zombie mutant,rare,Fallout,PIP,True,2024-03-08,2024,['Menace'],1,3.0,2.0,2.0,7.0,,['B'],False,"Menace
Whenever another creature you control dies, put a +1/+1 counter on this creature.
When this creature dies, each opponent gets a number of rad counters equal to its power.",True,3679.0
"hancock, ghoulish mayor",legendary creature — zombie mutant advisor,rare,Fallout,PIP,True,2024-03-08,2024,['Undying'],1,3.0,2.0,1.0,6.0,,['B'],False,"Each other creature you control that's a Zombie or Mutant gets +X/+X, where X is the number of counters on Hancock.
Undying (When this creature dies, if it had no +1/+1 counters on it, return it to the battlefield under its owner's control with a +1/+1 counter on it.)",True,6906.0
infesting radroach,creature — insect mutant,uncommon,Fallout,PIP,True,2024-03-08,2024,"['Flying', 'Mill']",2,3.0,2.0,2.0,7.0,,['B'],False,"Flying
This creature can't block.
Whenever this creature deals combat damage to a player, they get that many rad counters.
Whenever an opponent mills a nonland card, if this creature is in your graveyard, you may return it to your hand.",True,4715.0
nuclear fallout,sorcery,rare,Fallout,PIP,True,2024-03-08,2024,[],0,2.0,,,2.0,,['B'],False,Each creature gets twice -X/-X until end of turn. Each player gets X rad counters.,True,2717.0
ruthless radrat,creature — rat mutant,uncommon,Fallout,PIP,True,2024-03-08,2024,"['Menace', 'Squad']",2,3.0,2.0,2.0,7.0,,['B'],False,"Squad-Exile four cards from your graveyard. (As an additional cost to cast this spell, you may pay its squad cost any number of times. When this creature enters, create that many tokens that are copies of it.)
Menace (This creature can't be blocked except by two or more creatures.)",True,11775.0
screeching scorchbeast,creature — bat mutant,rare,Fallout,PIP,True,2024-03-08,2024,"['Flying', 'Menace']",2,6.0,5.0,5.0,16.0,,['B'],False,"Flying, menace
Whenever this creature attacks, each player gets two rad counters.
Whenever one or more nonland cards are milled, you may create that many 2/2 black Zombie Mutant creature tokens. Do this only once each turn.",True,3856.0
v.a.t.s.,instant,rare,Fallout,PIP,True,2024-03-08,2024,['Split second'],1,4.0,,,4.0,,['B'],False,"Split second (As long as this spell is on the stack, players can't cast spells or activate abilities that aren't mana abilities.)
Choose any number of target creatures with equal toughness. Destroy the chosen creatures.",True,3952.0
vault 12: the necropolis,enchantment — saga,rare,Fallout,PIP,True,2024-03-08,2024,[],0,6.0,,,6.0,,['B'],False,"(As this Saga enters and after your draw step, add a lore counter. Sacrifice after III.)
I - Each player gets three rad counters.
II - Create X 2/2 black Zombie Mutant creature tokens, where X is the total number of rad counters among players.
III - Put two +1/+1 counters on each creature you control that's a Zombie or Mutant.",True,6179.0
wasteland raider,creature — human mercenary,rare,Fallout,PIP,True,2024-03-08,2024,['Squad'],1,4.0,4.0,3.0,11.0,,['B'],False,"Squad {2} (As an additional cost to cast this spell, you may pay {2} any number of times. When this creature enters, create that many tokens that are copies of it.)
When this creature enters, each player sacrifices a creature of their choice.",True,7572.0
acquired mutation,enchantment — aura,uncommon,Fallout,PIP,True,2024-03-08,2024,"['Enchant', 'Goad']",2,3.0,,,3.0,,['R'],False,"Enchant creature
Enchanted creature gets +2/+2 and is goaded. (It attacks each combat if able and attacks a player other than you if able.)
Whenever enchanted creature attacks, defending player gets two rad counters.",True,9473.0
assaultron dominator,artifact creature — robot,rare,Fallout,PIP,True,2024-03-08,2024,[],0,2.0,2.0,2.0,6.0,,['R'],False,"When this creature enters, you get {E}{E} (two energy counters).
Whenever an artifact creature you control attacks, you may pay {E}. If you do, put your choice of a +1/+1, first strike, or trample counter on that creature.",True,6183.0
bottle-cap blast,instant,uncommon,Fallout,PIP,True,2024-03-08,2024,"['Improvise', 'Treasure']",2,5.0,,,5.0,,['R'],False,"Improvise (Your artifacts can help cast this spell. Each artifact you tap after you're done activating mana abilities pays for {1}.)
Bottle-Cap Blast deals 5 damage to any target. If excess damage was dealt to a permanent this way, create that many tapped Treasure tokens. (They're artifacts with ""{T}, Sacrifice this token: Add one mana of any color."")",True,4187.0
crimson caravaneer,creature — human scout,uncommon,Fallout,PIP,True,2024-03-08,2024,"['Double strike', 'Trample']",2,3.0,1.0,2.0,6.0,,['R'],False,"Double strike, trample
Whenever this creature deals combat damage to a player, create a Junk token. (It's an artifact with ""{T}, Sacrifice this token: Exile the top card of your library. You may play that card this turn. Activate only as a sorcery."")",True,9667.0
"duchess, wayward tavernkeep",legendary creature — human citizen,rare,Fallout,PIP,True,2024-03-08,2024,['Hunters for Hire'],1,4.0,4.0,3.0,11.0,,['R'],False,"Hunters for Hire - Whenever a creature you control deals combat damage to a player, put a quest counter on it.
{1}, Remove a quest counter from a permanent you control: Create a Junk token. (It's an artifact with ""{T}, Sacrifice this token: Exile the top card of your library. You may play that card this turn. Activate only as a sorcery."")",True,13354.0
grim reaper's sprint,enchantment — aura,rare,Fallout,PIP,True,2024-03-08,2024,"['Enchant', 'Morbid']",2,5.0,,,5.0,,['R'],False,"Morbid - This spell costs {3} less to cast if a creature died this turn.
Enchant creature
When this Aura enters, untap each creature you control. If it's your main phase, there is an additional combat phase after this phase.
Enchanted creature gets +2/+2 and has haste.",True,4235.0
ian the reckless,legendary creature — human warrior,uncommon,Fallout,PIP,True,2024-03-08,2024,[],0,2.0,2.0,1.0,5.0,,['R'],False,"Whenever Ian the Reckless attacks, if it's modified, you may have it deal damage equal to its power to you and any target. (Equipment, Auras you control, and counters are modifications.)",True,14635.0
junk jet,artifact — equipment,rare,Fallout,PIP,True,2024-03-08,2024,['Equip'],1,2.0,,,2.0,,['R'],False,"When this Equipment enters, create a Junk token. (It's an artifact with ""{T}, Sacrifice this token: Exile the top card of your library. You may play that card this turn. Activate only as a sorcery."")
{3}, Sacrifice another artifact: Double equipped creature's power until end of turn.
Equip {1}",True,8899.0
megaton's fate,sorcery,rare,Fallout,PIP,True,2024-03-08,2024,"['Detonate', 'Disarm', 'Treasure']",3,6.0,,,6.0,,['R'],False,"Choose one -
• Disarm - Destroy target artifact. Create four Treasure tokens.
• Detonate - Megaton's Fate deals 8 damage to each creature. Each player gets four rad counters.",True,8753.0
"the motherlode, excavator",legendary artifact creature — robot,rare,Fallout,PIP,True,2024-03-08,2024,[],0,5.0,5.0,5.0,15.0,,['R'],False,"When The Motherlode enters, choose target opponent. You get an amount of {E} (energy counters) equal to the number of nonbasic lands that player controls.
Whenever The Motherlode attacks, you may pay {E}{E}{E}{E}. When you do, destroy target nonbasic land defending player controls, and creatures that player controls without flying can't block this turn.",True,7102.0
mysterious stranger,creature — human rogue,rare,Fallout,PIP,True,2024-03-08,2024,['Flash'],1,4.0,3.0,2.0,9.0,,['R'],False,"Flash
When this creature enters, for each graveyard with an instant or sorcery card in it, exile target instant or sorcery card from that graveyard. If two or more cards are exiled this way, choose one of them at random and copy it. You may cast the copy without paying its mana cost.",True,9279.0
plasma caster,artifact — equipment,rare,Fallout,PIP,True,2024-03-08,2024,['Equip'],1,2.0,,,2.0,,['R'],False,"Equipped creature gets +1/+1.
Whenever equipped creature attacks, you get {E}{E} (two energy counters).
Pay {E}{E}: Choose target creature that's blocking equipped creature. Flip a coin. If you win the flip, exile the chosen creature. Otherwise, this Equipment deals 1 damage to it.
Equip {2}",True,7307.0
powder ganger,creature — human rogue,rare,Fallout,PIP,True,2024-03-08,2024,['Squad'],1,3.0,2.0,2.0,7.0,,['R'],False,"Squad {2} (As an additional cost to cast this spell, you may pay {2} any number of times. When this creature enters, create that many tokens that are copies of it.)
When this creature enters, destroy up to one target artifact.",True,9028.0
"rose, cutthroat raider",legendary artifact creature — robot,rare,Fallout,PIP,True,2024-03-08,2024,"['First strike', 'Raid']",2,4.0,3.0,2.0,9.0,,['R'],False,"First strike
Raid - At end of combat on your turn, if you attacked this turn, create a Junk token for each opponent you attacked. (It's an artifact with ""{T}, Sacrifice this token: Exile the top card of your library. You may play that card this turn. Activate only as a sorcery."")
Whenever you sacrifice a Junk, add {R}.",True,4249.0
synth eradicator,artifact creature — synth soldier,rare,Fallout,PIP,True,2024-03-08,2024,['Haste'],1,3.0,3.0,3.0,9.0,,['R'],False,"Haste
Whenever this creature attacks, exile the top card of your library. You may get {E}{E} (two energy counters). If you don't, you may play that card this turn.
{T}, Pay {E}{E}{E}: This creature deals 3 damage to any target.",True,7519.0
thrill-kill disciple,creature — human mercenary,rare,Fallout,PIP,True,2024-03-08,2024,['Squad'],1,3.0,3.0,2.0,8.0,,['R'],False,"Squad-{1}, Discard a card. (As an additional cost to cast this spell, you may pay its squad cost any number of times. When this creature enters, create that many tokens that are copies of it.)
When this creature dies, create a Junk token.",True,14157.0
vault 21: house gambit,enchantment — saga,rare,Fallout,PIP,True,2024-03-08,2024,['Treasure'],1,2.0,,,2.0,,['R'],False,"(As this Saga enters and after your draw step, add a lore counter. Sacrifice after III.)
I, II - Discard a card, then draw a card.
III - Reveal up to five nonland cards from your hand. For each of those cards that has the same mana value as another card revealed this way, create a Treasure token.",True,11105.0
"veronica, dissident scribe",legendary creature — human artificer rogue,rare,Fallout,PIP,True,2024-03-08,2024,['Menace'],1,3.0,3.0,3.0,9.0,,['R'],False,"Menace
Whenever Veronica attacks, you may discard a card. If you do, draw a card.
Whenever you discard one or more nonland cards for the first time each turn, create a Junk token. (It's an artifact with ""{T}, Sacrifice this token: Exile the top card of your library. You may play that card this turn. Activate only as a sorcery."")",True,8308.0
wild wasteland,enchantment,rare,Fallout,PIP,True,2024-03-08,2024,[],0,3.0,,,3.0,,['R'],False,"Skip your draw step.
At the beginning of your upkeep, exile the top two cards of your library. You may play those cards this turn.",True,4208.0
animal friend,enchantment — aura,rare,Fallout,PIP,True,2024-03-08,2024,['Enchant'],1,2.0,,,2.0,,['G'],False,"Enchant creature
Enchanted creature has ""Whenever this creature attacks, create a 1/1 green Squirrel creature token. Put a +1/+1 counter on that token for each Aura and Equipment attached to this creature other than Animal Friend.""",True,9226.0
bighorner rancher,creature — human ranger,uncommon,Fallout,PIP,True,2024-03-08,2024,['Vigilance'],1,5.0,2.0,5.0,12.0,,['G'],False,"Vigilance
{T}: Add an amount of {G} equal to the greatest power among creatures you control.
Sacrifice this creature: You gain life equal to the greatest toughness among other creatures you control.",True,6017.0
break down,instant,uncommon,Fallout,PIP,True,2024-03-08,2024,[],0,3.0,,,3.0,,['G'],False,"Destroy target artifact or enchantment. Create a Junk token. (It's an artifact with ""{T}, Sacrifice this token: Exile the top card of your library. You may play that card this turn. Activate only as a sorcery."")",True,10494.0
cathedral acolyte,creature — human cleric,uncommon,Fallout,PIP,True,2024-03-08,2024,[],0,2.0,1.0,2.0,5.0,,['G'],False,"Each creature you control with a counter on it has ward {1}. (Whenever it becomes the target of a spell or ability an opponent controls, counter it unless that player pays {1}.)
{T}: Put a +1/+1 counter on target creature that entered this turn.",True,5751.0
glowing one,creature — zombie mutant,uncommon,Fallout,PIP,True,2024-03-08,2024,"['Deathtouch', 'Mill']",2,3.0,2.0,2.0,7.0,,['G'],False,"Deathtouch
Whenever this creature deals combat damage to a player, they get four rad counters.
Whenever a player mills a nonland card, you gain 1 life.",True,4192.0
gunner conscript,creature — human mercenary,uncommon,Fallout,PIP,True,2024-03-08,2024,['Trample'],1,2.0,2.0,2.0,6.0,,['G'],False,"Trample
This creature gets +1/+1 for each Aura and Equipment attached to it.
When this creature dies, if it was enchanted, create a Junk token.
When this creature dies, if it was equipped, create a Junk token.",True,12438.0
"harold and bob, first numens",legendary creature — treefolk mutant,rare,Fallout,PIP,True,2024-03-08,2024,"['Reach', 'Vigilance']",2,3.0,3.0,3.0,9.0,,['G'],False,"Vigilance, reach
When Harold and Bob dies, if it was a creature, return it to the battlefield. It's an Aura enchantment with enchant Forest you control and ""Enchanted Forest has '{T}: Add three mana of any one color. You get two rad counters.'"" Harold and Bob loses all other abilities.",True,8269.0
"lily bowen, raging grandma",legendary creature — mutant warrior,rare,Fallout,PIP,True,2024-03-08,2024,['Vigilance'],1,4.0,0.0,0.0,4.0,,['G'],False,"Vigilance
Lily Bowen enters with two +1/+1 counters on it.
At the beginning of your upkeep, double the number of +1/+1 counters on Lily Bowen if its power is 16 or less. Otherwise, remove all but one +1/+1 counter from it, then you gain 1 life for each +1/+1 counter removed this way.",True,6816.0
lumbering megasloth,creature — sloth mutant,uncommon,Fallout,PIP,True,2024-03-08,2024,['Trample'],1,12.0,8.0,8.0,28.0,,['G'],False,"This spell costs {1} less to cast for each counter among players and permanents.
Trample
This creature enters tapped.",True,11156.0
power fist,artifact — equipment,rare,Fallout,PIP,True,2024-03-08,2024,['Equip'],1,2.0,,,2.0,,['G'],False,"Equipped creature has trample and ""Whenever this creature deals combat damage to a player, put that many +1/+1 counters on it.""
Equip {2}",True,1790.0
rampaging yao guai,creature — bear mutant,rare,Fallout,PIP,True,2024-03-08,2024,"['Trample', 'Vigilance']",2,3.0,2.0,2.0,7.0,,['G'],False,"Vigilance, trample
This creature enters with X +1/+1 counters on it.
When this creature enters, destroy any number of target artifacts and/or enchantments with total mana value X or less.",True,3075.0
strong back,enchantment — aura,rare,Fallout,PIP,True,2024-03-08,2024,['Enchant'],1,3.0,,,3.0,,['G'],False,"Enchant creature
Equip abilities you activate that target enchanted creature cost {3} less to activate.
Aura spells you cast that target enchanted creature cost {3} less to cast.
Enchanted creature gets +2/+2 for each Aura and Equipment attached to it.",True,3019.0
"strong, the brutish thespian",legendary creature — mutant berserker,rare,Fallout,PIP,True,2024-03-08,2024,"['Enrage', 'Ward']",2,6.0,7.0,7.0,20.0,,['G'],False,"Ward {2}
Enrage - Whenever Strong is dealt damage, you get three rad counters and put three +1/+1 counters on Strong.
You gain life rather than lose life from radiation.",True,5577.0
super mutant scavenger,creature — mutant warrior,uncommon,Fallout,PIP,True,2024-03-08,2024,['Trample'],1,5.0,5.0,5.0,15.0,,['G'],False,"Trample
When this creature enters or dies, return up to one target Aura or Equipment card from your graveyard to your hand.",True,13615.0
tato farmer,creature — zombie mutant peasant,rare,Fallout,PIP,True,2024-03-08,2024,['Landfall'],1,3.0,1.0,4.0,8.0,,['G'],False,"Landfall - Whenever a land you control enters, you may get two rad counters.
{T}: Put target land card in a graveyard that was milled this turn onto the battlefield under your control tapped.",True,3842.0
watchful radstag,creature — elk mutant,rare,Fallout,PIP,True,2024-03-08,2024,['Evolve'],1,3.0,2.0,2.0,7.0,,['G'],False,"Evolve (Whenever a creature you control enters, if that creature has greater power or toughness than this creature, put a +1/+1 counter on this creature.)
Whenever this creature evolves, create a token that's a copy of it.",True,5795.0
well rested,enchantment — aura,uncommon,Fallout,PIP,True,2024-03-08,2024,['Enchant'],1,2.0,,,2.0,,['G'],False,"Enchant creature
Enchanted creature has ""Whenever this creature becomes untapped, put two +1/+1 counters on it, then you gain 2 life and draw a card. This ability triggers only once each turn.""",True,3614.0
agent frank horrigan,legendary creature — mutant warrior,rare,Fallout,PIP,True,2024-03-08,2024,"['Proliferate', 'Trample']",2,7.0,8.0,6.0,21.0,,"['B', 'G']",True,"Trample
Agent Frank Horrigan has indestructible as long as it attacked this turn.
Whenever Agent Frank Horrigan enters or attacks, proliferate twice. (To proliferate, choose any number of permanents and/or players, then give each another counter of each kind already there.)",True,3484.0
almost perfect,enchantment — aura,rare,Fallout,PIP,True,2024-03-08,2024,['Enchant'],1,6.0,,,6.0,,"['G', 'W']",True,"Enchant creature
Enchanted creature has base power and toughness 9/10 and has indestructible.",True,7981.0
alpha deathclaw,creature — lizard mutant,rare,Fallout,PIP,True,2024-03-08,2024,"['Menace', 'Monstrosity', 'Trample']",3,6.0,6.0,6.0,18.0,,"['B', 'G']",True,"Menace, trample
When this creature enters or becomes monstrous, destroy target permanent.
{5}{B}{G}: Monstrosity 4. (If this creature isn't monstrous, put four +1/+1 counters on it and it becomes monstrous.)",True,4562.0
arcade gannon,legendary creature — human doctor,rare,Fallout,PIP,True,2024-03-08,2024,['For Auld Lang Syne'],1,4.0,2.0,3.0,9.0,,"['U', 'W']",True,"{T}: Draw a card, then discard a card. Put a quest counter on Arcade Gannon.
For Auld Lang Syne - Once during each of your turns, you may cast an artifact or Human spell from your graveyard with mana value less than or equal to the number of quest counters on Arcade Gannon.",True,10366.0
armory paladin,creature — human knight,rare,Fallout,PIP,True,2024-03-08,2024,['Trample'],1,3.0,3.0,3.0,9.0,,"['R', 'W']",True,"Trample
Whenever you cast an Aura or Equipment spell, exile the top card of your library. You may play that card until the end of your next turn.",True,7180.0
atomize,instant,rare,Fallout,PIP,True,2024-03-08,2024,['Proliferate'],1,4.0,,,4.0,,"['B', 'G']",True,"Destroy target nonland permanent. Proliferate. (Choose any number of permanents and/or players, then give each another counter of each kind already there.)",True,2206.0
boomer scrapper,creature — human soldier,rare,Fallout,PIP,True,2024-03-08,2024,[],0,3.0,1.0,1.0,5.0,,"['B', 'R']",True,"Whenever this creature enters or attacks, you lose 1 life and create a Junk token. (It's an artifact with ""{T}, Sacrifice this token: Exile the top card of your library. You may play that card this turn. Activate only as a sorcery."")
Whenever a token you control leaves the battlefield, put a +1/+1 counter on this creature.",True,10506.0
"cait, cage brawler",legendary creature — human warrior,rare,Fallout,PIP,True,2024-03-08,2024,[],0,2.0,1.0,1.0,4.0,,"['G', 'R']",True,"During your turn, Cait has indestructible.
Whenever Cait attacks, you and defending player each draw a card, then discard a card. Put two +1/+1 counters on Cait if you discarded the card with the greatest mana value among those cards or tied for greatest.",True,11396.0
"cass, hand of vengeance",legendary creature — human ranger,rare,Fallout,PIP,True,2024-03-08,2024,['Vigilance'],1,4.0,4.0,3.0,11.0,,"['R', 'W']",True,"Vigilance
Whenever Cass or another creature you control dies, if it was enchanted or equipped, return any number of Aura cards that were attached to it from your graveyard to the battlefield attached to target creature, then attach any number of Equipment that were attached to it to that creature.",True,9730.0
colonel autumn,legendary creature — human soldier,rare,Fallout,PIP,True,2024-03-08,2024,"['Exploit', 'Lifelink']",2,3.0,2.0,3.0,8.0,,"['B', 'W']",True,"Lifelink
Exploit (When this creature enters, you may sacrifice a creature.)
Other legendary creatures you control have exploit.
Whenever a creature you control exploits a creature, put a +1/+1 counter on each creature you control.",True,7368.0
contaminated drink,instant,uncommon,Fallout,PIP,True,2024-03-08,2024,[],0,2.0,,,2.0,,"['B', 'U']",True,"Draw X cards, then you get half X rad counters, rounded up.",True,7467.0
"craig boone, novac guard",legendary creature — human soldier,uncommon,Fallout,PIP,True,2024-03-08,2024,"['Lifelink', 'One for My Baby', 'Reach']",3,3.0,3.0,3.0,9.0,,"['R', 'W']",True,"Reach, lifelink
One for My Baby - Whenever you attack with two or more creatures, put two quest counters on Craig Boone. When you do, Craig Boone deals damage equal to the number of quest counters on it to up to one target creature unless that creature's controller has Craig Boone deal that much damage to them.",True,7268.0
"desdemona, freedom's edge",legendary creature — human rogue,rare,Fallout,PIP,True,2024-03-08,2024,['Vigilance'],1,4.0,3.0,4.0,11.0,,"['R', 'W']",True,"Vigilance
Whenever Desdemona attacks, target creature card in your graveyard that's an artifact or that has mana value 3 or less gains escape until end of turn. The escape cost is equal to its mana cost plus exile two other cards from your graveyard. (You may cast it from your graveyard for its escape cost this turn.)",True,14804.0
elder arthur maxson,legendary creature — human knight,rare,Fallout,PIP,True,2024-03-08,2024,['Blind Betrayal'],1,3.0,4.0,2.0,9.0,,"['B', 'W']",True,"Creature tokens you control have training. (Whenever a creature token you control attacks with another creature with greater power, put a +1/+1 counter on that token.)
Blind Betrayal - Sacrifice another creature: Elder Arthur Maxson gains indestructible until end of turn.",True,7781.0
elder owyn lyons,legendary creature — human knight,uncommon,Fallout,PIP,True,2024-03-08,2024,[],0,4.0,3.0,3.0,10.0,,"['U', 'W']",True,"Artifacts you control have ward {1}. (Whenever an artifact you control becomes the target of a spell or ability an opponent controls, counter it unless that player pays {1}.)
When Elder Owyn Lyons enters or dies, return target artifact card from your graveyard to your hand.",True,10264.0
electrosiphon,instant,rare,Fallout,PIP,True,2024-03-08,2024,[],0,3.0,,,3.0,,"['R', 'U']",True,Counter target spell. You get an amount of {E} (energy counters) equal to its mana value.,True,4915.0
inventory management,instant,rare,Fallout,PIP,True,2024-03-08,2024,['Split second'],1,2.0,,,2.0,,"['R', 'W']",True,"Split second (As long as this spell is on the stack, players can't cast spells or activate abilities that aren't mana abilities.)
For each Aura and Equipment you control, you may attach it to a creature you control.",True,3264.0
"kellogg, dangerous mind",legendary creature — human mercenary,rare,Fallout,PIP,True,2024-03-08,2024,"['First strike', 'Haste', 'Treasure']",3,3.0,3.0,2.0,8.0,,"['B', 'R']",True,"First strike, haste
Whenever Kellogg attacks, create a Treasure token.
Sacrifice five Treasures: Gain control of target creature for as long as you control Kellogg. Activate only as a sorcery.",True,2490.0
"legate lanius, caesar's ace",legendary creature — human soldier,uncommon,Fallout,PIP,True,2024-03-08,2024,['Decimate'],1,4.0,2.0,2.0,8.0,,"['B', 'R']",True,"Decimate - When Legate Lanius enters, each opponent sacrifices a tenth of the creatures they control of their choice, rounded up.
Whenever an opponent sacrifices a creature, put a +1/+1 counter on Legate Lanius.",True,9859.0
"maccready, lamplight mayor",legendary creature — human advisor,rare,Fallout,PIP,True,2024-03-08,2024,[],0,2.0,1.0,3.0,6.0,,"['B', 'W']",True,"Whenever a creature you control with power 2 or less attacks, it gains skulk until end of turn. (It can't be blocked by creatures with greater power.)
Whenever a creature with power 4 or greater attacks you, its controller loses 2 life and you gain 2 life.",True,3796.0
"marcus, mutant mayor",legendary creature — mutant advisor,rare,Fallout,PIP,True,2024-03-08,2024,"['Trample', 'Vigilance']",2,5.0,4.0,4.0,13.0,,"['G', 'U']",True,"Vigilance, trample
Whenever a creature you control deals combat damage to a player, draw a card if that creature has a +1/+1 counter on it. If it doesn't, put a +1/+1 counter on it.",True,6112.0
"moira brown, guide author",legendary creature — human citizen,rare,Fallout,PIP,True,2024-03-08,2024,[],0,3.0,2.0,3.0,8.0,,"['R', 'W']",True,"When Moira Brown enters, create a colorless Equipment artifact token named Wasteland Survival Guide with ""Equipped creature gets +1/+1 for each quest counter among permanents you control"" and equip {1}.
Whenever you attack, put a quest counter on target nonland permanent you control.",True,13954.0
mutational advantage,instant,rare,Fallout,PIP,True,2024-03-08,2024,['Proliferate'],1,3.0,,,3.0,,"['G', 'U']",True,"Permanents you control with counters on them gain hexproof and indestructible until end of turn. Prevent all damage that would be dealt to those permanents this turn. Proliferate. (Choose any number of permanents and/or players, then give each another counter of each kind already there.)",True,2123.0
nightkin ambusher,creature — mutant warrior,uncommon,Fallout,PIP,True,2024-03-08,2024,['Ward'],1,4.0,4.0,4.0,12.0,,"['B', 'U']",True,"Ward {2} (Whenever this creature becomes the target of a spell or ability an opponent controls, counter it unless that player pays {2}.)
When this creature enters, target player gets four rad counters.
This creature can't be blocked as long as defending player has a rad counter.",True,6529.0
the nipton lottery,sorcery,rare,Fallout,PIP,True,2024-03-08,2024,[],0,4.0,,,4.0,,"['B', 'R']",True,Choose a creature at random. You gain control of that creature until end of turn. Untap it. It gains haste until end of turn. Then destroy all other creatures.,True,10239.0
paladin elizabeth taggerdy,legendary creature — human knight,rare,Fallout,PIP,True,2024-03-08,2024,['Battalion'],1,3.0,3.0,2.0,8.0,,"['R', 'W']",True,"Battalion - Whenever Paladin Elizabeth Taggerdy and at least two other creatures attack, draw a card, then you may put a creature card with mana value X or less from your hand onto the battlefield tapped and attacking, where X is Paladin Elizabeth Taggerdy's power.",True,6351.0
"raul, trouble shooter",legendary creature — zombie mutant rogue,uncommon,Fallout,PIP,True,2024-03-08,2024,['Mill'],1,3.0,1.0,4.0,8.0,,"['B', 'U']",True,"Once during each of your turns, you may cast a spell from among cards in your graveyard that were milled this turn.
{T}: Each player mills a card. (They each put the top card of their library into their graveyard.)",True,4917.0
"red death, shipwrecker",legendary creature — crab mutant,rare,Fallout,PIP,True,2024-03-08,2024,"['Alluring Eyes', 'Goad']",2,2.0,1.0,3.0,6.0,,"['R', 'U']",True,"Alluring Eyes - {T}: Goad target creature an opponent controls. That player draws a card. You add {R}. (Until your next turn, that creature attacks each combat if able and attacks a player other than you if able.)",True,6224.0
"rex, cyber-hound",legendary artifact creature — robot dog,rare,Fallout,PIP,True,2024-03-08,2024,['Mill'],1,3.0,2.0,2.0,7.0,,"['U', 'W']",True,"Whenever Rex deals combat damage to a player, they mill two cards and you get {E}{E} (two energy counters).
Pay {E}{E}: Choose target creature card in a graveyard. Exile it with a brain counter on it. Activate only as a sorcery.
Rex has all activated abilities of all cards in exile with brain counters on them.",True,8191.0
sentinel sarah lyons,legendary creature — human knight,rare,Fallout,PIP,True,2024-03-08,2024,"['Battalion', 'Haste']",2,5.0,4.0,4.0,13.0,,"['R', 'W']",True,"Haste
As long as an artifact entered the battlefield under your control this turn, creatures you control get +2/+2.
Battalion - Whenever Sentinel Sarah Lyons and at least two other creatures attack, Sentinel Sarah Lyons deals damage equal to the number of artifacts you control to target player.",True,7191.0
"shaun, father of synths",legendary creature — human scientist,rare,Fallout,PIP,True,2024-03-08,2024,[],0,5.0,3.0,4.0,12.0,,"['R', 'U']",True,"Whenever you attack, you may create a tapped and attacking token that's a copy of target attacking legendary creature you control other than Shaun, except it's not legendary and it's a Synth artifact creature in addition to its other types.
When Shaun leaves the battlefield, exile all Synth tokens you control.",True,6065.0
"three dog, galaxy news dj",legendary creature — human bard,rare,Fallout,PIP,True,2024-03-08,2024,[],0,3.0,1.0,5.0,9.0,,"['R', 'W']",True,"Whenever you attack, you may pay {2} and sacrifice an Aura attached to Three Dog. When you sacrifice an Aura this way, for each other attacking creature you control, create a token that's a copy of that Aura attached to that creature.",True,9855.0
vault 11: voter's dilemma,enchantment — saga,rare,Fallout,PIP,True,2024-03-08,2024,[],0,4.0,,,4.0,,"['B', 'W']",True,"(As this Saga enters and after your draw step, add a lore counter. Sacrifice after III.)
I - For each opponent, you create a 1/1 white Human Soldier creature token.
II, III - Each player secretly votes for up to one creature, then those votes are revealed. If no creature got votes, each player draws a card. Otherwise, destroy each creature with the most votes or tied for most votes.",True,11217.0
vault 87: forced evolution,enchantment — saga,rare,Fallout,PIP,True,2024-03-08,2024,[],0,5.0,,,5.0,,"['G', 'U']",True,"(As this Saga enters and after your draw step, add a lore counter. Sacrifice after III.)
I - Gain control of target non-Mutant creature for as long as you control this Saga.
II - Put a +1/+1 counter on target creature you control. It becomes a Mutant in addition to its other types.
III - Draw cards equal to the greatest power among Mutants you control.",True,10156.0
vault 112: sadistic simulation,enchantment — saga,rare,Fallout,PIP,True,2024-03-08,2024,[],0,4.0,,,4.0,,"['R', 'U']",True,"(As this Saga enters and after your draw step, add a lore counter. Sacrifice after III.)
I, II - Tap up to one target creature and put a stun counter on it. You get {E}{E} (two energy counters).
III - Pay any amount of {E}. If you paid one or more {E} this way, shuffle your library, then exile that many cards from the top. You may play one of those cards without paying its mana cost.",True,9737.0
white glove gourmand,creature — human noble,uncommon,Fallout,PIP,True,2024-03-08,2024,['Food'],1,4.0,2.0,2.0,8.0,,"['B', 'W']",True,"When this creature enters, create two 1/1 white Human Soldier creature tokens.
At the beginning of your end step, if another Human died under your control this turn, create a Food token.",True,12521.0
young deathclaws,creature — lizard mutant,uncommon,Fallout,PIP,True,2024-03-08,2024,['Menace'],1,4.0,4.0,2.0,10.0,,"['B', 'G']",True,"Menace (This creature can't be blocked except by two or more creatures.)
Each creature card in your graveyard has scavenge. The scavenge cost is equal to its mana cost. (Exile a creature card from your graveyard and pay its mana cost: Put a number of +1/+1 counters equal to that card's power on target creature. Scavenge only as a sorcery.)",True,10914.0
agility bobblehead,artifact — bobblehead,uncommon,Fallout,PIP,True,2024-03-08,2024,[],0,3.0,,,3.0,,[],False,"{T}: Add one mana of any color.
{3}, {T}: Up to X target creatures you control each gain haste until end of turn and can't be blocked this turn except by creatures with haste, where X is the number of Bobbleheads you control as you activate this ability.",True,4901.0
behemoth of vault 0,artifact creature — robot,uncommon,Fallout,PIP,True,2024-03-08,2024,['Trample'],1,6.0,6.0,6.0,18.0,,[],False,"Trample
When this creature enters, you get {E}{E}{E}{E} (four energy counters).
When this creature dies, you may pay an amount of {E} equal to target nonland permanent's mana value. When you do, destroy that permanent.",True,6512.0
brotherhood vertibird,artifact — vehicle,rare,Fallout,PIP,True,2024-03-08,2024,"['Crew', 'Flying']",2,3.0,,4.0,7.0,,[],False,"Flying
Brotherhood Vertibird's power is equal to the number of artifacts you control.
Crew 2 (Tap any number of creatures you control with total power 2 or greater: This Vehicle becomes an artifact creature until end of turn.)",True,4819.0
c.a.m.p.,artifact — fortification,uncommon,Fallout,PIP,True,2024-03-08,2024,['Fortify'],1,3.0,,,3.0,,[],False,"Whenever fortified land is tapped for mana, put a +1/+1 counter on target creature you control. If that creature shares a color with the mana that land produced, create a Junk token. (It's an artifact with ""{T}, Sacrifice this token: Exile the top card of your library. You may play that card this turn. Activate only as a sorcery."")
Fortify {3} ({3}: Attach to target land you control. Fortify only as a sorcery.)",True,13040.0
charisma bobblehead,artifact — bobblehead,uncommon,Fallout,PIP,True,2024-03-08,2024,[],0,3.0,,,3.0,,[],False,"{T}: Add one mana of any color.
{4}, {T}: Create X 1/1 white Soldier creature tokens, where X is the number of Bobbleheads you control. Activate only as a sorcery.",True,5746.0
"ed-e, lonesome eyebot",legendary artifact creature — robot,rare,Fallout,PIP,True,2024-03-08,2024,"['ED-E My Love', 'Flying']",2,3.0,2.0,1.0,6.0,,[],False,"Flying
ED-E My Love - Whenever you attack, if the number of attacking creatures is greater than the number of quest counters on ED-E, put a quest counter on it.
{2}, Sacrifice ED-E: Draw a card, then draw an additional card for each quest counter on ED-E.",True,8693.0
endurance bobblehead,artifact — bobblehead,uncommon,Fallout,PIP,True,2024-03-08,2024,[],0,3.0,,,3.0,,[],False,"{T}: Add one mana of any color.
{3}, {T}: Up to X target creatures you control get +1/+0 and gain indestructible until end of turn, where X is the number of Bobbleheads you control as you activate this ability. Activate only as a sorcery.",True,5681.0
expert-level safe,artifact,uncommon,Fallout,PIP,True,2024-03-08,2024,[],0,2.0,,,2.0,,[],False,"When this artifact enters, exile the top two cards of your library face down.
{1}, {T}: You and target opponent each secretly choose 1, 2, or 3. Then those choices are revealed. If they match, sacrifice this artifact and put all cards exiled with it into their owners' hands. Otherwise, exile the top card of your library face down.",True,16861.0
intelligence bobblehead,artifact — bobblehead,uncommon,Fallout,PIP,True,2024-03-08,2024,[],0,3.0,,,3.0,,[],False,"{T}: Add one mana of any color.
{5}, {T}: Draw X cards, where X is the number of Bobbleheads you control.",True,5740.0
luck bobblehead,artifact — bobblehead,uncommon,Fallout,PIP,True,2024-03-08,2024,['Treasure'],1,3.0,,,3.0,,[],False,"{T}: Add one mana of any color.
{1}, {T}: Roll X six-sided dice, where X is the number of Bobbleheads you control. Create a tapped Treasure token for each even result. If you rolled 6 exactly seven times, you win the game.",True,4341.0
mister gutsy,artifact creature — robot soldier,rare,Fallout,PIP,True,2024-03-08,2024,[],0,2.0,1.0,1.0,4.0,,[],False,"Whenever you cast an Aura or Equipment spell, put a +1/+1 counter on this creature.
When this creature dies, create X Junk tokens, where X is the number of +1/+1 counters on it. (They're artifacts with ""{T}, Sacrifice this token: Exile the top card of your library. You may play that card this turn. Activate only as a sorcery."")",True,8756.0
nuka-cola vending machine,artifact,uncommon,Fallout,PIP,True,2024-03-08,2024,"['Food', 'Treasure']",2,3.0,,,3.0,,[],False,"{1}, {T}: Create a Food token. (It's an artifact with ""{2}, {T}, Sacrifice this token: You gain 3 life."")
Whenever you sacrifice a Food, create a tapped Treasure token. (It's an artifact with ""{T}, Sacrifice this token: Add one mana of any color."")",True,1400.0
nuka-nuke launcher,artifact — equipment,rare,Fallout,PIP,True,2024-03-08,2024,['Equip'],1,2.0,,,2.0,,[],False,"Equipped creature gets +3/+0 and has intimidate. (It can't be blocked except by artifact creatures and/or creatures that share a color with it.)
Whenever equipped creature attacks, until the end of defending player's next turn, that player gets two rad counters whenever they cast a spell.
Equip {3}",True,6819.0
perception bobblehead,artifact — bobblehead,uncommon,Fallout,PIP,True,2024-03-08,2024,[],0,3.0,,,3.0,,[],False,"{T}: Add one mana of any color.
{3}, {T}: Look at the top X cards of your library, where X is the number of Bobbleheads you control. You may cast a spell with mana value 3 or less from among them without paying its mana cost. Put the rest on the bottom of your library in a random order.",True,5759.0
pip-boy 3000,artifact — equipment,rare,Fallout,PIP,True,2024-03-08,2024,"['Check Map', 'Equip', 'Pick a Perk', 'Sort Inventory']",4,1.0,,,1.0,,[],False,"Whenever equipped creature attacks, choose one -
• Sort Inventory - Draw a card, then discard a card.
• Pick a Perk - Put a +1/+1 counter on that creature.
• Check Map - Untap up to two target lands.
Equip {2}",True,2637.0
recon craft theta,artifact — vehicle,rare,Fallout,PIP,True,2024-03-08,2024,"['Crew', 'Flying', 'Proliferate']",3,4.0,4.0,4.0,12.0,,[],False,"Flying
When this Vehicle enters, create a 0/0 blue Alien creature token. Put a +1/+1 counter on it.
Whenever this Vehicle attacks, proliferate. (Choose any number of permanents and/or players, then give each another counter of each kind already there.)
Crew 2",True,5995.0
silver shroud costume,artifact — equipment,uncommon,Fallout,PIP,True,2024-03-08,2024,"['Equip', 'Flash']",2,2.0,,,2.0,,[],False,"Flash
When this Equipment enters, attach it to target creature you control. That creature gains shroud until end of turn. (It can't be the target of spells or abilities.)
Equipped creature can't be blocked.
Equip {3}",True,1989.0
strength bobblehead,artifact — bobblehead,uncommon,Fallout,PIP,True,2024-03-08,2024,[],0,3.0,,,3.0,,[],False,"{T}: Add one mana of any color.
{3}, {T}: Put X +1/+1 counters on target creature, where X is the number of Bobbleheads you control. Activate only as a sorcery.",True,5815.0
survivor's med kit,artifact,uncommon,Fallout,PIP,True,2024-03-08,2024,"['Fancy Lads Snack Cakes', 'Food', 'RadAway', 'Stimpak']",4,1.0,,,1.0,,[],False,"{1}, {T}: Choose one that hasn't been chosen -
• Stimpak - Draw a card.
• Fancy Lads Snack Cakes - Create a Food token. (It's an artifact with ""{2}, {T}, Sacrifice this token: You gain 3 life."")
• RadAway - Target player loses all rad counters. Sacrifice this artifact.",True,12988.0
t-45 power armor,artifact — equipment,rare,Fallout,PIP,True,2024-03-08,2024,['Equip'],1,2.0,,,2.0,,[],False,"When this Equipment enters, you get {E}{E} (two energy counters).
Equipped creature gets +3/+3 and doesn't untap during its controller's untap step.
At the beginning of your upkeep, you may pay {E}. If you do, untap equipped creature, then put your choice of a menace, trample, or lifelink counter on it.
Equip {3}",True,8033.0
desolate mire,land,rare,Fallout,PIP,True,2024-03-08,2024,[],0,0.0,,,0.0,,[],False,"{1}, {T}: Add {W}{B}.",True,1213.0
diamond city,land,rare,Fallout,PIP,True,2024-03-08,2024,[],0,0.0,,,0.0,,[],False,"This land enters with a shield counter on it. (If it would be dealt damage or destroyed, remove a shield counter from it instead.)
{T}: Add {C}.
{T}: Move a shield counter from this land onto target creature. Activate only if two or more creatures entered the battlefield under your control this turn.",True,2911.0
ferrous lake,land,rare,Fallout,PIP,True,2024-03-08,2024,[],0,0.0,,,0.0,,[],False,"{1}, {T}: Add {U}{R}.",True,925.0
helios one,land,rare,Fallout,PIP,True,2024-03-08,2024,[],0,0.0,,,0.0,,[],False,"{T}: Add {C}.
{1}, {T}: You get {E} (an energy counter).
{3}, {T}, Pay X {E}, Sacrifice this land: Destroy target nonland permanent with mana value X. Activate only as a sorcery.",True,4612.0
junktown,land,rare,Fallout,PIP,True,2024-03-08,2024,[],0,0.0,,,0.0,,[],False,"{T}: Add {C}.
{4}{R}, {T}, Sacrifice this land: Create three Junk tokens. (They're artifacts with ""{T}, Sacrifice this token: Exile the top card of your library. You may play that card this turn. Activate only as a sorcery."")",True,8934.0
mariposa military base,land,rare,Fallout,PIP,True,2024-03-08,2024,[],0,0.0,,,0.0,,[],False,"You may have this land enter tapped. If you do, you get two rad counters.
{T}: Add {C}.
{5}, {T}: Draw a card. This ability costs {1} less to activate for each rad counter you have.",True,5101.0
overflowing basin,land,rare,Fallout,PIP,True,2024-03-08,2024,[],0,0.0,,,0.0,,[],False,"{1}, {T}: Add {G}{U}.",True,843.0
sunscorched divide,land,rare,Fallout,PIP,True,2024-03-08,2024,[],0,0.0,,,0.0,,[],False,"{1}, {T}: Add {R}{W}.",True,1070.0
viridescent bog,land,rare,Fallout,PIP,True,2024-03-08,2024,[],0,0.0,,,0.0,,[],False,"{1}, {T}: Add {B}{G}.",True,906.0
all that glitters,enchantment — aura,common,Fallout,PIP,True,2024-03-08,2024,['Enchant'],1,2.0,,,2.0,,['W'],False,"Enchant creature
Enchanted creature gets +1/+1 for each artifact and/or enchantment you control.",True,582.0
austere command,sorcery,rare,Fallout,PIP,True,2024-03-08,2024,[],0,6.0,,,6.0,,['W'],False,"Choose two -
• Destroy all artifacts.
• Destroy all enchantments.
• Destroy all creatures with mana value 3 or less.
• Destroy all creatures with mana value 4 or greater.",True,154.0
captain of the watch,creature — human soldier,rare,Fallout,PIP,True,2024-03-08,2024,['Vigilance'],1,6.0,3.0,3.0,12.0,,['W'],False,"Vigilance (Attacking doesn't cause this creature to tap.)
Other Soldier creatures you control get +1/+1 and have vigilance.
When this creature enters, create three 1/1 white Soldier creature tokens.",True,3567.0
crush contraband,instant,uncommon,Fallout,PIP,True,2024-03-08,2024,[],0,4.0,,,4.0,,['W'],False,"Choose one or both -
• Exile target artifact.
• Exile target enchantment.",True,3363.0
dispatch,instant,uncommon,Fallout,PIP,True,2024-03-08,2024,['Metalcraft'],1,1.0,,,1.0,,['W'],False,"Tap target creature.
Metalcraft - If you control three or more artifacts, exile that creature.",True,513.0
entrapment maneuver,instant,rare,Fallout,PIP,True,2024-03-08,2024,[],0,4.0,,,4.0,,['W'],False,"Target player sacrifices an attacking creature of their choice. You create X 1/1 white Soldier creature tokens, where X is that creature's toughness.",True,4374.0
hour of reckoning,sorcery,rare,Fallout,PIP,True,2024-03-08,2024,['Convoke'],1,7.0,,,7.0,,['W'],False,"Convoke (Your creatures can help cast this spell. Each creature you tap while casting this spell pays for {1} or one mana of that creature's color.)
Destroy all nontoken creatures.",True,917.0
impassioned orator,creature — human cleric,common,Fallout,PIP,True,2024-03-08,2024,[],0,2.0,2.0,2.0,6.0,,['W'],False,"Whenever another creature you control enters, you gain 1 life.",True,4344.0
intangible virtue,enchantment,uncommon,Fallout,PIP,True,2024-03-08,2024,[],0,2.0,,,2.0,,['W'],False,Creature tokens you control get +1/+1 and have vigilance.,True,615.0
keeper of the accord,creature — human soldier,rare,Fallout,PIP,True,2024-03-08,2024,[],0,4.0,3.0,4.0,11.0,,['W'],False,"At the beginning of each opponent's end step, if that player controls more creatures than you, create a 1/1 white Soldier creature token.
At the beginning of each opponent's end step, if that player controls more lands than you, you may search your library for a basic Plains card, put it onto the battlefield tapped, then shuffle.",True,1080.0
mantle of the ancients,enchantment — aura,rare,Fallout,PIP,True,2024-03-08,2024,['Enchant'],1,5.0,,,5.0,,['W'],False,"Enchant creature you control
When this Aura enters, return any number of target Aura and/or Equipment cards from your graveyard to the battlefield attached to enchanted creature.
Enchanted creature gets +1/+1 for each Aura and Equipment attached to it.",True,1260.0
marshal's anthem,enchantment,rare,Fallout,PIP,True,2024-03-08,2024,['Multikicker'],1,4.0,,,4.0,,['W'],False,"Multikicker {1}{W} (You may pay an additional {1}{W} any number of times as you cast this spell.)
Creatures you control get +1/+1.
When this enchantment enters, return up to X target creature cards from your graveyard to the battlefield, where X is the number of times this enchantment was kicked.",True,3983.0
martial coup,sorcery,rare,Fallout,PIP,True,2024-03-08,2024,[],0,2.0,,,2.0,,['W'],False,"Create X 1/1 white Soldier creature tokens. If X is 5 or more, destroy all other creatures.",True,1226.0
open the vaults,sorcery,rare,Fallout,PIP,True,2024-03-08,2024,[],0,6.0,,,6.0,,['W'],False,Return all artifact and enchantment cards from all graveyards to the battlefield under their owners' control. (Auras with nothing to enchant remain in graveyards.),True,3513.0
path to exile,instant,uncommon,Fallout,PIP,True,2024-03-08,2024,[],0,1.0,,,1.0,,['W'],False,"Exile target creature. Its controller may search their library for a basic land card, put that card onto the battlefield tapped, then shuffle.",True,15.0
puresteel paladin,creature — human knight,rare,Fallout,PIP,True,2024-03-08,2024,['Metalcraft'],1,2.0,2.0,2.0,6.0,,['W'],False,"Whenever an Equipment you control enters, you may draw a card.
Metalcraft - Equipment you control have equip {0} as long as you control three or more artifacts.",True,666.0
secure the wastes,instant,rare,Fallout,PIP,True,2024-03-08,2024,[],0,1.0,,,1.0,,['W'],False,Create X 1/1 white Warrior creature tokens.,True,1263.0
single combat,sorcery,rare,Fallout,PIP,True,2024-03-08,2024,[],0,5.0,,,5.0,,['W'],False,"Each player chooses a creature or planeswalker they control, then sacrifices the rest. Players can't cast creature or planeswalker spells until the end of your next turn.",True,1890.0
swords to plowshares,instant,uncommon,Fallout,PIP,True,2024-03-08,2024,[],0,1.0,,,1.0,,['W'],False,Exile target creature. Its controller gains life equal to its power.,True,11.0
valorous stance,instant,uncommon,Fallout,PIP,True,2024-03-08,2024,[],0,2.0,,,2.0,,['W'],False,"Choose one -
• Target creature gains indestructible until end of turn. (Damage and effects that say ""destroy"" don't destroy it.)
• Destroy target creature with toughness 4 or greater.",True,2558.0
fraying sanity,enchantment — aura curse,rare,Fallout,PIP,True,2024-03-08,2024,"['Enchant', 'Mill']",2,3.0,,,3.0,,['U'],False,"Enchant player
At the beginning of each end step, enchanted player mills X cards, where X is the number of cards put into their graveyard from anywhere this turn.",True,2830.0
glimmer of genius,instant,uncommon,Fallout,PIP,True,2024-03-08,2024,['Scry'],1,4.0,,,4.0,,['U'],False,"Scry 2, then draw two cards. You get {E}{E} (two energy counters).",True,5162.0
inexorable tide,enchantment,rare,Fallout,PIP,True,2024-03-08,2024,['Proliferate'],1,5.0,,,5.0,,['U'],False,"Whenever you cast a spell, proliferate. (Choose any number of permanents and/or players, then give each another counter of each kind already there.)",True,1084.0
mechanized production,enchantment — aura,mythic,Fallout,PIP,True,2024-03-08,2024,['Enchant'],1,4.0,,,4.0,,['U'],False,"Enchant artifact you control
At the beginning of your upkeep, create a token that's a copy of enchanted artifact. Then if you control eight or more artifacts with the same name as one another, you win the game.",True,960.0
one with the machine,sorcery,rare,Fallout,PIP,True,2024-03-08,2024,[],0,4.0,,,4.0,,['U'],False,Draw cards equal to the greatest mana value among artifacts you control.,True,2762.0
thirst for knowledge,instant,uncommon,Fallout,PIP,True,2024-03-08,2024,[],0,3.0,,,3.0,,['U'],False,Draw three cards. Then discard two cards unless you discard an artifact card.,True,2045.0
whirler rogue,creature — human rogue artificer,uncommon,Fallout,PIP,True,2024-03-08,2024,[],0,4.0,2.0,2.0,8.0,,['U'],False,"When this creature enters, create two 1/1 colorless Thopter artifact creature tokens with flying.
Tap two untapped artifacts you control: Target creature can't be blocked this turn.",True,1919.0
bastion of remembrance,enchantment,uncommon,Fallout,PIP,True,2024-03-08,2024,[],0,3.0,,,3.0,,['B'],False,"When this enchantment enters, create a 1/1 white Human Soldier creature token.
Whenever a creature you control dies, each opponent loses 1 life and you gain 1 life.",True,358.0
black market,enchantment,rare,Fallout,PIP,True,2024-03-08,2024,[],0,5.0,,,5.0,,['B'],False,"Whenever a creature dies, put a charge counter on this enchantment.
At the beginning of your first main phase, add {B} for each charge counter on this enchantment.",True,627.0
deadly dispute,instant,common,Fallout,PIP,True,2024-03-08,2024,['Treasure'],1,2.0,,,2.0,,['B'],False,"As an additional cost to cast this spell, sacrifice an artifact or creature.
Draw two cards and create a Treasure token. (It's an artifact with ""{T}, Sacrifice this token: Add one mana of any color."")",True,134.0
lethal scheme,instant,rare,Fallout,PIP,True,2024-03-08,2024,"['Connive', 'Convoke']",2,4.0,,,4.0,,['B'],False,"Convoke (Your creatures can help cast this spell. Each creature you tap while casting this spell pays for {1} or one mana of that creature's color.)
Destroy target creature or planeswalker. Each creature that convoked this spell connives. (Draw a card, then discard a card. If you discarded a nonland card, put a +1/+1 counter on that creature.)",True,1615.0
morbid opportunist,creature — human rogue,uncommon,Fallout,PIP,True,2024-03-08,2024,[],0,3.0,1.0,3.0,7.0,,['B'],False,"Whenever one or more other creatures die, draw a card. This ability triggers only once each turn.",True,302.0
pitiless plunderer,creature — human pirate,uncommon,Fallout,PIP,True,2024-03-08,2024,['Treasure'],1,4.0,1.0,4.0,9.0,,['B'],False,"Whenever another creature you control dies, create a Treasure token. (It's an artifact with ""{T}, Sacrifice this token: Add one mana of any color."")",True,246.0
blasphemous act,sorcery,rare,Fallout,PIP,True,2024-03-08,2024,[],0,9.0,,,9.0,,['R'],False,"This spell costs {1} less to cast for each creature on the battlefield.
Blasphemous Act deals 13 damage to each creature.",True,23.0
chaos warp,instant,rare,Fallout,PIP,True,2024-03-08,2024,[],0,3.0,,,3.0,,['R'],False,"The owner of target permanent shuffles it into their library, then reveals the top card of their library. If it's a permanent card, they put it onto the battlefield.",True,29.0
loyal apprentice,creature — human artificer,uncommon,Fallout,PIP,True,2024-03-08,2024,"['Haste', 'Lieutenant']",2,2.0,2.0,1.0,5.0,,['R'],False,"Haste
Lieutenant - At the beginning of combat on your turn, if you control your commander, create a 1/1 colorless Thopter artifact creature token with flying. That token gains haste until end of turn.",True,713.0
sticky fingers,enchantment — aura,common,Fallout,PIP,True,2024-03-08,2024,"['Enchant', 'Treasure']",2,1.0,,,1.0,,['R'],False,"Enchant creature
Enchanted creature has menace and ""Whenever this creature deals combat damage to a player, create a Treasure token."" (It can't be blocked except by two or more creatures. The token is an artifact with ""{T}, Sacrifice this token: Add one mana of any color."")
When enchanted creature dies, draw a card.",True,1644.0
stolen strategy,enchantment,rare,Fallout,PIP,True,2024-03-08,2024,[],0,5.0,,,5.0,,['R'],False,"At the beginning of your upkeep, exile the top card of each opponent's library. Until end of turn, you may cast spells from among those exiled cards, and you may spend mana as though it were mana of any color to cast those spells.",True,3709.0
unexpected windfall,instant,common,Fallout,PIP,True,2024-03-08,2024,['Treasure'],1,4.0,,,4.0,,['R'],False,"As an additional cost to cast this spell, discard a card.
Draw two cards and create two Treasure tokens. (They're artifacts with ""{T}, Sacrifice this token: Add one mana of any color."")",True,319.0
abundant growth,enchantment — aura,common,Fallout,PIP,True,2024-03-08,2024,['Enchant'],1,1.0,,,1.0,,['G'],False,"Enchant land
When this Aura enters, draw a card.
Enchanted land has ""{T}: Add one mana of any color.""",True,2556.0
branching evolution,enchantment,rare,Fallout,PIP,True,2024-03-08,2024,[],0,3.0,,,3.0,,['G'],False,"If one or more +1/+1 counters would be put on a creature you control, twice that many +1/+1 counters are put on that creature instead.",True,407.0
cultivate,sorcery,uncommon,Fallout,PIP,True,2024-03-08,2024,[],0,3.0,,,3.0,,['G'],False,"Search your library for up to two basic land cards, reveal those cards, put one onto the battlefield tapped and the other into your hand, then shuffle.",True,20.0
farseek,sorcery,common,Fallout,PIP,True,2024-03-08,2024,[],0,2.0,,,2.0,,['G'],False,"Search your library for a Plains, Island, Swamp, or Mountain card, put it onto the battlefield tapped, then shuffle.",True,24.0
fertile ground,enchantment — aura,common,Fallout,PIP,True,2024-03-08,2024,['Enchant'],1,2.0,,,2.0,,['G'],False,"Enchant land
Whenever enchanted land is tapped for mana, its controller adds an additional one mana of any color.",True,953.0
guardian project,enchantment,rare,Fallout,PIP,True,2024-03-08,2024,[],0,4.0,,,4.0,,['G'],False,"Whenever a nontoken creature you control enters, if it doesn't have the same name as another creature you control or a creature card in your graveyard, draw a card.",True,288.0
hardened scales,enchantment,rare,Fallout,PIP,True,2024-03-08,2024,[],0,1.0,,,1.0,,['G'],False,"If one or more +1/+1 counters would be put on a creature you control, that many plus one +1/+1 counters are put on it instead.",True,209.0
harmonize,sorcery,uncommon,Fallout,PIP,True,2024-03-08,2024,[],0,4.0,,,4.0,,['G'],False,Draw three cards.,True,300.0
heroic intervention,instant,rare,Fallout,PIP,True,2024-03-08,2024,[],0,2.0,,,2.0,,['G'],False,Permanents you control gain hexproof and indestructible until end of turn.,True,32.0
inspiring call,instant,uncommon,Fallout,PIP,True,2024-03-08,2024,[],0,3.0,,,3.0,,['G'],False,"Draw a card for each creature you control with a +1/+1 counter on it. Those creatures gain indestructible until end of turn. (Damage and effects that say ""destroy"" don't destroy them.)",True,281.0
rampant growth,sorcery,common,Fallout,PIP,True,2024-03-08,2024,[],0,2.0,,,2.0,,['G'],False,"Search your library for a basic land card, put that card onto the battlefield tapped, then shuffle.",True,26.0
rancor,enchantment — aura,uncommon,Fallout,PIP,True,2024-03-08,2024,['Enchant'],1,1.0,,,1.0,,['G'],False,"Enchant creature
Enchanted creature gets +2/+0 and has trample.
When this Aura is put into a graveyard from the battlefield, return it to its owner's hand.",True,700.0
squirrel nest,enchantment — aura,uncommon,Fallout,PIP,True,2024-03-08,2024,['Enchant'],1,3.0,,,3.0,,['G'],False,"Enchant land
Enchanted land has ""{T}: Create a 1/1 green Squirrel creature token.""",True,3529.0
tireless tracker,creature — human scout,rare,Fallout,PIP,True,2024-03-08,2024,"['Investigate', 'Landfall']",2,3.0,3.0,2.0,8.0,,['G'],False,"Landfall - Whenever a land you control enters, investigate. (Create a Clue token. It's an artifact with ""{2}, Sacrifice this token: Draw a card."")
Whenever you sacrifice a Clue, put a +1/+1 counter on this creature.",True,588.0
wild growth,enchantment — aura,common,Fallout,PIP,True,2024-03-08,2024,['Enchant'],1,1.0,,,1.0,,['G'],False,"Enchant land
Whenever enchanted land is tapped for mana, its controller adds an additional {G}.",True,195.0
anguished unmaking,instant,rare,Fallout,PIP,True,2024-03-08,2024,[],0,3.0,,,3.0,,"['B', 'W']",True,Exile target nonland permanent. You lose 3 life.,True,164.0
assemble the legion,enchantment,rare,Fallout,PIP,True,2024-03-08,2024,[],0,5.0,,,5.0,,"['R', 'W']",True,"At the beginning of your upkeep, put a muster counter on this enchantment. Then create a 1/1 red and white Soldier creature token with haste for each muster counter on this enchantment.",True,1882.0
behemoth sledge,artifact — equipment,uncommon,Fallout,PIP,True,2024-03-08,2024,['Equip'],1,3.0,,,3.0,,"['G', 'W']",True,"Equipped creature gets +2/+2 and has trample and lifelink.
Equip {3}",True,3925.0
biomass mutation,instant,rare,Fallout,PIP,True,2024-03-08,2024,[],0,2.0,,,2.0,,"['G', 'U']",True,Creatures you control have base power and toughness X/X until end of turn.,True,5100.0
casualties of war,sorcery,rare,Fallout,PIP,True,2024-03-08,2024,[],0,6.0,,,6.0,,"['B', 'G']",True,"Choose one or more -
• Destroy target artifact.
• Destroy target creature.
• Destroy target enchantment.
• Destroy target land.
• Destroy target planeswalker.",True,1719.0
corpsejack menace,creature — fungus,uncommon,Fallout,PIP,True,2024-03-08,2024,[],0,4.0,4.0,4.0,12.0,,"['B', 'G']",True,"If one or more +1/+1 counters would be put on a creature you control, twice that many +1/+1 counters are put on it instead.",True,1575.0
fervent charge,enchantment,rare,Fallout,PIP,True,2024-03-08,2024,[],0,4.0,,,4.0,,"['B', 'R', 'W']",True,"Whenever a creature you control attacks, it gets +2/+2 until end of turn.",True,4810.0
find // finality,sorcery,rare,Fallout,PIP,True,2024-03-08,2024,[],0,8.0,,,8.0,,"['B', 'G']",True,Return up to two target creature cards from your graveyard to your hand.,True,4856.0
find // finality,sorcery,rare,Fallout,PIP,True,2024-03-08,2024,[],0,8.0,,,8.0,,"['B', 'G']",True,You may put two +1/+1 counters on a creature you control. Then all creatures get -4/-4 until end of turn.,True,4856.0
general's enforcer,creature — human soldier,uncommon,Fallout,PIP,True,2024-03-08,2024,[],0,2.0,2.0,3.0,7.0,,"['B', 'W']",True,"Legendary Humans you control have indestructible.
{2}{W}{B}: Exile target card from a graveyard. If it was a creature card, create a 1/1 white Human Soldier creature token.",True,3025.0
heroic reinforcements,sorcery,uncommon,Fallout,PIP,True,2024-03-08,2024,[],0,4.0,,,4.0,,"['R', 'W']",True,"Create two 1/1 white Soldier creature tokens. Until end of turn, creatures you control get +1/+1 and gain haste. (They can attack and {T} this turn.)",True,7741.0
putrefy,instant,uncommon,Fallout,PIP,True,2024-03-08,2024,[],0,3.0,,,3.0,,"['B', 'G']",True,Destroy target artifact or creature. It can't be regenerated.,True,357.0
ruinous ultimatum,sorcery,rare,Fallout,PIP,True,2024-03-08,2024,[],0,7.0,,,7.0,,"['B', 'R', 'W']",True,Destroy all nonland permanents your opponents control.,True,634.0
wake the past,sorcery,rare,Fallout,PIP,True,2024-03-08,2024,[],0,7.0,,,7.0,,"['R', 'W']",True,Return all artifact cards from your graveyard to the battlefield. They gain haste until end of turn.,True,2149.0
wear // tear,instant,uncommon,Fallout,PIP,True,2024-03-08,2024,['Fuse'],1,3.0,,,3.0,,['R'],False,"Destroy target artifact.
Fuse (You may cast one or both halves of this card from your hand.)",True,920.0
wear // tear,instant,uncommon,Fallout,PIP,True,2024-03-08,2024,['Fuse'],1,3.0,,,3.0,,['W'],False,"Destroy target enchantment.
Fuse (You may cast one or both halves of this card from your hand.)",True,920.0
winding constrictor,creature — snake,uncommon,Fallout,PIP,True,2024-03-08,2024,[],0,2.0,2.0,3.0,7.0,,"['B', 'G']",True,"If one or more counters would be put on an artifact or creature you control, that many plus one of each of those kinds of counters are put on that permanent instead.
If you would get one or more counters, you get that many plus one of each of those kinds of counters instead.",True,2067.0
arcane signet,artifact,uncommon,Fallout,PIP,True,2024-03-08,2024,[],0,2.0,,,2.0,,[],False,{T}: Add one mana of any color in your commander's color identity.,True,3.0
basilisk collar,artifact — equipment,rare,Fallout,PIP,True,2024-03-08,2024,['Equip'],1,1.0,,,1.0,,[],False,"Equipped creature has deathtouch and lifelink. (Any amount of damage it deals to a creature is enough to destroy it. Damage dealt by this creature also causes you to gain that much life.)
Equip {2} ({2}: Attach to target creature you control. Equip only as a sorcery.)",True,265.0
bloodforged battle-axe,artifact — equipment,rare,Fallout,PIP,True,2024-03-08,2024,['Equip'],1,1.0,,,1.0,,[],False,"Equipped creature gets +2/+0.
Whenever equipped creature deals combat damage to a player, create a token that's a copy of this Equipment.
Equip {2}",True,1606.0
brass knuckles,artifact — equipment,uncommon,Fallout,PIP,True,2024-03-08,2024,['Equip'],1,4.0,,,4.0,,[],False,"When you cast this spell, copy it. (The copy becomes a token.)
Equipped creature has double strike as long as two or more Equipment are attached to it.
Equip {1} ({1}: Attach to target creature you control. Equip only as a sorcery.)",True,4526.0
champion's helm,artifact — equipment,rare,Fallout,PIP,True,2024-03-08,2024,['Equip'],1,3.0,,,3.0,,[],False,"Equipped creature gets +2/+2.
As long as equipped creature is legendary, it has hexproof. (It can't be the target of spells or abilities your opponents control.)
Equip {1}",True,915.0
contagion clasp,artifact,uncommon,Fallout,PIP,True,2024-03-08,2024,['Proliferate'],1,2.0,,,2.0,,[],False,"When this artifact enters, put a -1/-1 counter on target creature.
{4}, {T}: Proliferate. (Choose any number of permanents and/or players, then give each another counter of each kind already there.)",True,1544.0
everflowing chalice,artifact,uncommon,Fallout,PIP,True,2024-03-08,2024,['Multikicker'],1,0.0,,,0.0,,[],False,"Multikicker {2} (You may pay an additional {2} any number of times as you cast this spell.)
This artifact enters with a charge counter on it for each time it was kicked.
{T}: Add {C} for each charge counter on this artifact.",True,245.0
explorer's scope,artifact — equipment,common,Fallout,PIP,True,2024-03-08,2024,['Equip'],1,1.0,,,1.0,,[],False,"Whenever equipped creature attacks, look at the top card of your library. If it's a land card, you may put it onto the battlefield tapped.
Equip {1} ({1}: Attach to target creature you control. Equip only as a sorcery.)",True,2194.0
fireshrieker,artifact — equipment,uncommon,Fallout,PIP,True,2024-03-08,2024,['Equip'],1,3.0,,,3.0,,[],False,"Equipped creature has double strike. (It deals both first-strike and regular combat damage.)
Equip {2} ({2}: Attach to target creature you control. Equip only as a sorcery.)",True,969.0
lightning greaves,artifact — equipment,uncommon,Fallout,PIP,True,2024-03-08,2024,['Equip'],1,2.0,,,2.0,,[],False,"Equipped creature has haste and shroud. (It can't be the target of spells or abilities.)
Equip {0}",True,13.0
masterwork of ingenuity,artifact — equipment,rare,Fallout,PIP,True,2024-03-08,2024,[],0,1.0,,,1.0,,[],False,You may have this Equipment enter as a copy of any Equipment on the battlefield.,True,1617.0
mind stone,artifact,uncommon,Fallout,PIP,True,2024-03-08,2024,[],0,2.0,,,2.0,,[],False,"{T}: Add {C}.
{1}, {T}, Sacrifice this artifact: Draw a card.",True,28.0
mystic forge,artifact,rare,Fallout,PIP,True,2024-03-08,2024,[],0,4.0,,,4.0,,[],False,"You may look at the top card of your library any time.
You may cast artifact spells and colorless spells from the top of your library.
{T}, Pay 1 life: Exile the top card of your library.",True,419.0
panharmonicon,artifact,rare,Fallout,PIP,True,2024-03-08,2024,[],0,4.0,,,4.0,,[],False,"If an artifact or creature entering causes a triggered ability of a permanent you control to trigger, that ability triggers an additional time.",True,267.0
skullclamp,artifact — equipment,uncommon,Fallout,PIP,True,2024-03-08,2024,['Equip'],1,1.0,,,1.0,,[],False,"Equipped creature gets +1/-1.
Whenever equipped creature dies, draw two cards.
Equip {1}",True,45.0
sol ring,artifact,uncommon,Fallout,PIP,True,2024-03-08,2024,[],0,1.0,,,1.0,,[],False,{T}: Add {C}{C}.,True,1.0
solemn simulacrum,artifact creature — golem,rare,Fallout,PIP,True,2024-03-08,2024,[],0,4.0,2.0,2.0,8.0,,[],False,"When this creature enters, you may search your library for a basic land card, put that card onto the battlefield tapped, then shuffle.
When this creature dies, you may draw a card.",True,33.0
steel overseer,artifact creature — construct,rare,Fallout,PIP,True,2024-03-08,2024,[],0,2.0,1.0,1.0,4.0,,[],False,{T}: Put a +1/+1 counter on each artifact creature you control.,True,853.0
swiftfoot boots,artifact — equipment,uncommon,Fallout,PIP,True,2024-03-08,2024,['Equip'],1,2.0,,,2.0,,[],False,"Equipped creature has hexproof and haste. (It can't be the target of spells or abilities your opponents control. It can attack and {T} no matter when it came under your control.)
Equip {1} ({1}: Attach to target creature you control. Equip only as a sorcery.)",True,12.0
talisman of conviction,artifact,uncommon,Fallout,PIP,True,2024-03-08,2024,[],0,2.0,,,2.0,,[],False,"{T}: Add {C}.
{T}: Add {R} or {W}. This artifact deals 1 damage to you.",True,157.0
talisman of creativity,artifact,uncommon,Fallout,PIP,True,2024-03-08,2024,[],0,2.0,,,2.0,,[],False,"{T}: Add {C}.
{T}: Add {U} or {R}. This artifact deals 1 damage to you.",True,123.0
talisman of curiosity,artifact,uncommon,Fallout,PIP,True,2024-03-08,2024,[],0,2.0,,,2.0,,[],False,"{T}: Add {C}.
{T}: Add {G} or {U}. This artifact deals 1 damage to you.",True,432.0
talisman of dominance,artifact,uncommon,Fallout,PIP,True,2024-03-08,2024,[],0,2.0,,,2.0,,[],False,"{T}: Add {C}.
{T}: Add {U} or {B}. This artifact deals 1 damage to you.",True,87.0
talisman of hierarchy,artifact,uncommon,Fallout,PIP,True,2024-03-08,2024,[],0,2.0,,,2.0,,[],False,"{T}: Add {C}.
{T}: Add {W} or {B}. This artifact deals 1 damage to you.",True,147.0
talisman of indulgence,artifact,uncommon,Fallout,PIP,True,2024-03-08,2024,[],0,2.0,,,2.0,,[],False,"{T}: Add {C}.
{T}: Add {B} or {R}. This artifact deals 1 damage to you.",True,128.0
talisman of progress,artifact,uncommon,Fallout,PIP,True,2024-03-08,2024,[],0,2.0,,,2.0,,[],False,"{T}: Add {C}.
{T}: Add {W} or {U}. This artifact deals 1 damage to you.",True,152.0
talisman of resilience,artifact,uncommon,Fallout,PIP,True,2024-03-08,2024,[],0,2.0,,,2.0,,[],False,"{T}: Add {C}.
{T}: Add {B} or {G}. This artifact deals 1 damage to you.",True,497.0
thought vessel,artifact,common,Fallout,PIP,True,2024-03-08,2024,[],0,2.0,,,2.0,,[],False,"You have no maximum hand size.
{T}: Add {C}.",True,21.0
wayfarer's bauble,artifact,common,Fallout,PIP,True,2024-03-08,2024,[],0,1.0,,,1.0,,[],False,"{2}, {T}, Sacrifice this artifact: Search your library for a basic land card, put that card onto the battlefield tapped, then shuffle.",True,94.0
ash barrens,land,common,Fallout,PIP,True,2024-03-08,2024,"['Basic landcycling', 'Cycling', 'Landcycling']",3,0.0,,,0.0,,[],False,"{T}: Add {C}.
Basic landcycling {1} ({1}, Discard this card: Search your library for a basic land card, reveal it, put it into your hand, then shuffle.)",True,184.0
buried ruin,land,uncommon,Fallout,PIP,True,2024-03-08,2024,[],0,0.0,,,0.0,,[],False,"{T}: Add {C}.
{2}, {T}, Sacrifice this land: Return target artifact card from your graveyard to your hand.",True,192.0
canopy vista,land — forest plains,rare,Fallout,PIP,True,2024-03-08,2024,[],0,0.0,,,0.0,,[],False,"({T}: Add {G} or {W}.)
This land enters tapped unless you control two or more basic lands.",True,103.0
canyon slough,land — swamp mountain,rare,Fallout,PIP,True,2024-03-08,2024,['Cycling'],1,0.0,,,0.0,,[],False,"({T}: Add {B} or {R}.)
This land enters tapped.
Cycling {2} ({2}, Discard this card: Draw a card.)",True,789.0
cinder glade,land — mountain forest,rare,Fallout,PIP,True,2024-03-08,2024,[],0,0.0,,,0.0,,[],False,"({T}: Add {R} or {G}.)
This land enters tapped unless you control two or more basic lands.",True,84.0
clifftop retreat,land,rare,Fallout,PIP,True,2024-03-08,2024,[],0,0.0,,,0.0,,[],False,"This land enters tapped unless you control a Mountain or a Plains.
{T}: Add {R} or {W}.",True,93.0
command tower,land,common,Fallout,PIP,True,2024-03-08,2024,[],0,0.0,,,0.0,,[],False,{T}: Add one mana of any color in your commander's color identity.,True,2.0
darkwater catacombs,land,rare,Fallout,PIP,True,2024-03-08,2024,[],0,0.0,,,0.0,,[],False,"{1}, {T}: Add {U}{B}.",True,294.0
dragonskull summit,land,rare,Fallout,PIP,True,2024-03-08,2024,[],0,0.0,,,0.0,,[],False,"This land enters tapped unless you control a Swamp or a Mountain.
{T}: Add {B} or {R}.",True,99.0
drowned catacomb,land,rare,Fallout,PIP,True,2024-03-08,2024,[],0,0.0,,,0.0,,[],False,"This land enters tapped unless you control an Island or a Swamp.
{T}: Add {U} or {B}.",True,114.0
evolving wilds,land,common,Fallout,PIP,True,2024-03-08,2024,[],0,0.0,,,0.0,,[],False,"{T}, Sacrifice this land: Search your library for a basic land card, put it onto the battlefield tapped, then shuffle.",True,16.0
exotic orchard,land,rare,Fallout,PIP,True,2024-03-08,2024,[],0,0.0,,,0.0,,[],False,{T}: Add one mana of any color that a land an opponent controls could produce.,True,9.0
fetid pools,land — island swamp,rare,Fallout,PIP,True,2024-03-08,2024,['Cycling'],1,0.0,,,0.0,,[],False,"({T}: Add {U} or {B}.)
This land enters tapped.
Cycling {2} ({2}, Discard this card: Draw a card.)",True,827.0
glacial fortress,land,rare,Fallout,PIP,True,2024-03-08,2024,[],0,0.0,,,0.0,,[],False,"This land enters tapped unless you control a Plains or an Island.
{T}: Add {W} or {U}.",True,111.0
hinterland harbor,land,rare,Fallout,PIP,True,2024-03-08,2024,[],0,0.0,,,0.0,,[],False,"This land enters tapped unless you control a Forest or an Island.
{T}: Add {G} or {U}.",True,112.0
irrigated farmland,land — plains island,rare,Fallout,PIP,True,2024-03-08,2024,['Cycling'],1,0.0,,,0.0,,[],False,"({T}: Add {W} or {U}.)
This land enters tapped.
Cycling {2} ({2}, Discard this card: Draw a card.)",True,770.0
isolated chapel,land,rare,Fallout,PIP,True,2024-03-08,2024,[],0,0.0,,,0.0,,[],False,"This land enters tapped unless you control a Plains or a Swamp.
{T}: Add {W} or {B}.",True,108.0
jungle shrine,land,uncommon,Fallout,PIP,True,2024-03-08,2024,[],0,0.0,,,0.0,,[],False,"This land enters tapped.
{T}: Add {R}, {G}, or {W}.",True,291.0
memorial to glory,land,uncommon,Fallout,PIP,True,2024-03-08,2024,[],0,0.0,,,0.0,,[],False,"This land enters tapped.
{T}: Add {W}.
{3}{W}, {T}, Sacrifice this land: Create two 1/1 white Soldier creature tokens.",True,6130.0
mortuary mire,land,common,Fallout,PIP,True,2024-03-08,2024,[],0,0.0,,,0.0,,[],False,"This land enters tapped.
When this land enters, you may put target creature card from your graveyard on top of your library.
{T}: Add {B}.",True,611.0
mossfire valley,land,rare,Fallout,PIP,True,2024-03-08,2024,[],0,0.0,,,0.0,,[],False,"{1}, {T}: Add {R}{G}.",True,521.0
myriad landscape,land,uncommon,Fallout,PIP,True,2024-03-08,2024,[],0,0.0,,,0.0,,[],False,"This land enters tapped.
{T}: Add {C}.
{2}, {T}, Sacrifice this land: Search your library for up to two basic land cards that share a land type, put them onto the battlefield tapped, then shuffle.",True,22.0
mystic monastery,land,uncommon,Fallout,PIP,True,2024-03-08,2024,[],0,0.0,,,0.0,,[],False,"This land enters tapped.
{T}: Add {U}, {R}, or {W}.",True,369.0
nesting grounds,land,rare,Fallout,PIP,True,2024-03-08,2024,[],0,0.0,,,0.0,,[],False,"{T}: Add {C}.
{1}, {T}: Move a counter from target permanent you control onto another target permanent. Activate only as a sorcery.",True,677.0
nomad outpost,land,uncommon,Fallout,PIP,True,2024-03-08,2024,[],0,0.0,,,0.0,,[],False,"This land enters tapped.
{T}: Add {R}, {W}, or {B}.",True,350.0
opulent palace,land,uncommon,Fallout,PIP,True,2024-03-08,2024,[],0,0.0,,,0.0,,[],False,"This land enters tapped.
{T}: Add {B}, {G}, or {U}.",True,385.0
path of ancestry,land,common,Fallout,PIP,True,2024-03-08,2024,['Scry'],1,0.0,,,0.0,,[],False,"This land enters tapped.
{T}: Add one mana of any color in your commander's color identity. When that mana is spent to cast a creature spell that shares a creature type with your commander, scry 1. (Look at the top card of your library. You may put that card on the bottom.)",True,14.0
prairie stream,land — plains island,rare,Fallout,PIP,True,2024-03-08,2024,[],0,0.0,,,0.0,,[],False,"({T}: Add {W} or {U}.)
This land enters tapped unless you control two or more basic lands.",True,105.0
razortide bridge,artifact land,common,Fallout,PIP,True,2024-03-08,2024,['Indestructible'],1,0.0,,,0.0,,[],False,"This land enters tapped.
Indestructible
{T}: Add {W} or {U}.",True,983.0
roadside reliquary,land,uncommon,Fallout,PIP,True,2024-03-08,2024,[],0,0.0,,,0.0,,[],False,"{T}: Add {C}.
{2}, {T}, Sacrifice this land: Draw a card if you control an artifact. Draw a card if you control an enchantment.",True,3145.0
rogue's passage,land,uncommon,Fallout,PIP,True,2024-03-08,2024,[],0,0.0,,,0.0,,[],False,"{T}: Add {C}.
{4}, {T}: Target creature can't be blocked this turn.",True,19.0
rootbound crag,land,rare,Fallout,PIP,True,2024-03-08,2024,[],0,0.0,,,0.0,,[],False,"This land enters tapped unless you control a Mountain or a Forest.
{T}: Add {R} or {G}.",True,144.0
rustvale bridge,artifact land,common,Fallout,PIP,True,2024-03-08,2024,['Indestructible'],1,0.0,,,0.0,,[],False,"This land enters tapped.
Indestructible
{T}: Add {R} or {W}.",True,1227.0
scattered groves,land — forest plains,rare,Fallout,PIP,True,2024-03-08,2024,['Cycling'],1,0.0,,,0.0,,[],False,"({T}: Add {G} or {W}.)
This land enters tapped.
Cycling {2} ({2}, Discard this card: Draw a card.)",True,835.0
scavenger grounds,land — desert,rare,Fallout,PIP,True,2024-03-08,2024,[],0,0.0,,,0.0,,[],False,"{T}: Add {C}.
{2}, {T}, Sacrifice a Desert: Exile all graveyards.",True,316.0
shadowblood ridge,land,rare,Fallout,PIP,True,2024-03-08,2024,[],0,0.0,,,0.0,,[],False,"{1}, {T}: Add {B}{R}.",True,418.0
sheltered thicket,land — mountain forest,rare,Fallout,PIP,True,2024-03-08,2024,['Cycling'],1,0.0,,,0.0,,[],False,"({T}: Add {R} or {G}.)
This land enters tapped.
Cycling {2} ({2}, Discard this card: Draw a card.)",True,671.0
silverbluff bridge,artifact land,common,Fallout,PIP,True,2024-03-08,2024,['Indestructible'],1,0.0,,,0.0,,[],False,"This land enters tapped.
Indestructible
{T}: Add {U} or {R}.",True,1127.0
skycloud expanse,land,rare,Fallout,PIP,True,2024-03-08,2024,[],0,0.0,,,0.0,,[],False,"{1}, {T}: Add {W}{U}.",True,363.0
smoldering marsh,land — swamp mountain,rare,Fallout,PIP,True,2024-03-08,2024,[],0,0.0,,,0.0,,[],False,"({T}: Add {B} or {R}.)
This land enters tapped unless you control two or more basic lands.",True,104.0
spire of industry,land,rare,Fallout,PIP,True,2024-03-08,2024,[],0,0.0,,,0.0,,[],False,"{T}: Add {C}.
{T}, Pay 1 life: Add one mana of any color. Activate only if you control an artifact.",True,380.0
sulfur falls,land,rare,Fallout,PIP,True,2024-03-08,2024,[],0,0.0,,,0.0,,[],False,"This land enters tapped unless you control an Island or a Mountain.
{T}: Add {U} or {R}.",True,91.0
sungrass prairie,land,rare,Fallout,PIP,True,2024-03-08,2024,[],0,0.0,,,0.0,,[],False,"{1}, {T}: Add {G}{W}.",True,437.0
sunken hollow,land — island swamp,rare,Fallout,PIP,True,2024-03-08,2024,[],0,0.0,,,0.0,,[],False,"({T}: Add {U} or {B}.)
This land enters tapped unless you control two or more basic lands.",True,80.0
sunpetal grove,land,rare,Fallout,PIP,True,2024-03-08,2024,[],0,0.0,,,0.0,,[],False,"This land enters tapped unless you control a Forest or a Plains.
{T}: Add {G} or {W}.",True,150.0
tainted field,land,uncommon,Fallout,PIP,True,2024-03-08,2024,[],0,0.0,,,0.0,,[],False,"{T}: Add {C}.
{T}: Add {W} or {B}. Activate only if you control a Swamp.",True,416.0
tainted isle,land,uncommon,Fallout,PIP,True,2024-03-08,2024,[],0,0.0,,,0.0,,[],False,"{T}: Add {C}.
{T}: Add {U} or {B}. Activate only if you control a Swamp.",True,467.0
tainted peak,land,uncommon,Fallout,PIP,True,2024-03-08,2024,[],0,0.0,,,0.0,,[],False,"{T}: Add {C}.
{T}: Add {B} or {R}. Activate only if you control a Swamp.",True,511.0
tainted wood,land,uncommon,Fallout,PIP,True,2024-03-08,2024,[],0,0.0,,,0.0,,[],False,"{T}: Add {C}.
{T}: Add {B} or {G}. Activate only if you control a Swamp.",True,448.0
temple of abandon,land,rare,Fallout,PIP,True,2024-03-08,2024,['Scry'],1,0.0,,,0.0,,[],False,"This land enters tapped.
When this land enters, scry 1. (Look at the top card of your library. You may put that card on the bottom.)
{T}: Add {R} or {G}.",True,429.0
temple of deceit,land,rare,Fallout,PIP,True,2024-03-08,2024,['Scry'],1,0.0,,,0.0,,[],False,"This land enters tapped.
When this land enters, scry 1. (Look at the top card of your library. You may put that card on the bottom.)
{T}: Add {U} or {B}.",True,289.0
temple of enlightenment,land,rare,Fallout,PIP,True,2024-03-08,2024,['Scry'],1,0.0,,,0.0,,[],False,"This land enters tapped.
When this land enters, scry 1. (Look at the top card of your library. You may put that card on the bottom.)
{T}: Add {W} or {U}.",True,292.0
temple of epiphany,land,rare,Fallout,PIP,True,2024-03-08,2024,['Scry'],1,0.0,,,0.0,,[],False,"This land enters tapped.
When this land enters, scry 1. (Look at the top card of your library. You may put that card on the bottom.)
{T}: Add {U} or {R}.",True,258.0
temple of malady,land,rare,Fallout,PIP,True,2024-03-08,2024,['Scry'],1,0.0,,,0.0,,[],False,"This land enters tapped.
When this land enters, scry 1. (Look at the top card of your library. You may put that card on the bottom.)
{T}: Add {B} or {G}.",True,340.0
temple of malice,land,rare,Fallout,PIP,True,2024-03-08,2024,['Scry'],1,0.0,,,0.0,,[],False,"This land enters tapped.
When this land enters, scry 1. (Look at the top card of your library. You may put that card on the bottom.)
{T}: Add {B} or {R}.",True,378.0
temple of mystery,land,rare,Fallout,PIP,True,2024-03-08,2024,['Scry'],1,0.0,,,0.0,,[],False,"This land enters tapped.
When this land enters, scry 1. (Look at the top card of your library. You may put that card on the bottom.)
{T}: Add {G} or {U}.",True,282.0
temple of plenty,land,rare,Fallout,PIP,True,2024-03-08,2024,['Scry'],1,0.0,,,0.0,,[],False,"This land enters tapped.
When this land enters, scry 1. (Look at the top card of your library. You may put that card on the bottom.)
{T}: Add {G} or {W}.",True,444.0
temple of silence,land,rare,Fallout,PIP,True,2024-03-08,2024,['Scry'],1,0.0,,,0.0,,[],False,"This land enters tapped.
When this land enters, scry 1. (Look at the top card of your library. You may put that card on the bottom.)
{T}: Add {W} or {B}.",True,262.0
temple of the false god,land,uncommon,Fallout,PIP,True,2024-03-08,2024,[],0,0.0,,,0.0,,[],False,{T}: Add {C}{C}. Activate only if you control five or more lands.,True,61.0
temple of triumph,land,rare,Fallout,PIP,True,2024-03-08,2024,['Scry'],1,0.0,,,0.0,,[],False,"This land enters tapped.
When this land enters, scry 1. (Look at the top card of your library. You may put that card on the bottom.)
{T}: Add {R} or {W}.",True,277.0
terramorphic expanse,land,common,Fallout,PIP,True,2024-03-08,2024,[],0,0.0,,,0.0,,[],False,"{T}, Sacrifice this land: Search your library for a basic land card, put it onto the battlefield tapped, then shuffle.",True,27.0
treasure vault,artifact land,rare,Fallout,PIP,True,2024-03-08,2024,['Treasure'],1,0.0,,,0.0,,[],False,"{T}: Add {C}.
{X}{X}, {T}, Sacrifice this land: Create X Treasure tokens.",True,500.0
windbrisk heights,land,rare,Fallout,PIP,True,2024-03-08,2024,['Hideaway'],1,0.0,,,0.0,,[],False,"Hideaway 4 (When this land enters, look at the top four cards of your library, exile one face down, then put the rest on the bottom in a random order.)
This land enters tapped.
{T}: Add {W}.
{W}, {T}: You may play the exiled card without paying its mana cost if you attacked with three or more creatures this turn.",True,635.0
woodland cemetery,land,rare,Fallout,PIP,True,2024-03-08,2024,[],0,0.0,,,0.0,,[],False,"This land enters tapped unless you control a Swamp or a Forest.
{T}: Add {B} or {G}.",True,127.0
plains,basic land — plains,common,Fallout,PIP,True,2024-03-08,2024,[],0,0.0,,,0.0,,[],False,({T}: Add {W}.),True,
plains,basic land — plains,common,Fallout,PIP,True,2024-03-08,2024,[],0,0.0,,,0.0,,[],False,({T}: Add {W}.),True,
island,basic land — island,common,Fallout,PIP,True,2024-03-08,2024,[],0,0.0,,,0.0,,[],False,({T}: Add {U}.),True,
island,basic land — island,common,Fallout,PIP,True,2024-03-08,2024,[],0,0.0,,,0.0,,[],False,({T}: Add {U}.),True,
swamp,basic land — swamp,common,Fallout,PIP,True,2024-03-08,2024,[],0,0.0,,,0.0,,[],False,({T}: Add {B}.),True,
swamp,basic land — swamp,common,Fallout,PIP,True,2024-03-08,2024,[],0,0.0,,,0.0,,[],False,({T}: Add {B}.),True,
mountain,basic land — mountain,common,Fallout,PIP,True,2024-03-08,2024,[],0,0.0,,,0.0,,[],False,({T}: Add {R}.),True,
mountain,basic land — mountain,common,Fallout,PIP,True,2024-03-08,2024,[],0,0.0,,,0.0,,[],False,({T}: Add {R}.),True,
forest,basic land — forest,common,Fallout,PIP,True,2024-03-08,2024,[],0,0.0,,,0.0,,[],False,({T}: Add {G}.),True,
forest,basic land — forest,common,Fallout,PIP,True,2024-03-08,2024,[],0,0.0,,,0.0,,[],False,({T}: Add {G}.),True,
idolized,enchantment — aura,rare,Fallout,PIP,True,2024-03-08,2024,['Enchant'],1,2.0,,,2.0,,['W'],False,"Enchant creature
Enchanted creature has ""Whenever this creature attacks alone, it gets +X/+X until end of turn, where X is the number of nonland permanents you control.""",True,3186.0
securitron squadron,artifact creature — robot,rare,Fallout,PIP,True,2024-03-08,2024,"['Squad', 'Vigilance']",2,2.0,2.0,2.0,6.0,,['W'],False,"Squad {3} (As an additional cost to cast this spell, you may pay {3} any number of times. When this creature enters, create that many tokens that are copies of it.)
Vigilance
Whenever a creature token you control enters, put a +1/+1 counter on it.",True,4142.0
radstorm,instant,rare,Fallout,PIP,True,2024-03-08,2024,"['Proliferate', 'Storm']",2,4.0,,,4.0,,['U'],False,"Storm (When you cast this spell, copy it for each spell cast before it this turn.)
Proliferate. (Choose any number of permanents and/or players, then give each another counter of each kind already there.)",True,2581.0
synth infiltrator,artifact creature — synth,rare,Fallout,PIP,True,2024-03-08,2024,['Improvise'],1,5.0,0.0,0.0,5.0,,['U'],False,"Improvise (Your artifacts can help cast this spell. Each artifact you tap after you're done activating mana abilities pays for {1}.)
You may have this creature enter as a copy of any creature on the battlefield, except it's a Synth artifact creature in addition to its other types.",True,8276.0
nuclear fallout,sorcery,rare,Fallout,PIP,True,2024-03-08,2024,[],0,2.0,,,2.0,,['B'],False,Each creature gets twice -X/-X until end of turn. Each player gets X rad counters.,True,2717.0
screeching scorchbeast,creature — bat mutant,rare,Fallout,PIP,True,2024-03-08,2024,"['Flying', 'Menace']",2,6.0,5.0,5.0,16.0,,['B'],False,"Flying, menace
Whenever this creature attacks, each player gets two rad counters.
Whenever one or more nonland cards are milled, you may create that many 2/2 black Zombie Mutant creature tokens. Do this only once each turn.",True,3856.0
v.a.t.s.,instant,rare,Fallout,PIP,True,2024-03-08,2024,['Split second'],1,4.0,,,4.0,,['B'],False,"Split second (As long as this spell is on the stack, players can't cast spells or activate abilities that aren't mana abilities.)
Choose any number of target creatures with equal toughness. Destroy the chosen creatures.",True,3952.0
mysterious stranger,creature — human rogue,rare,Fallout,PIP,True,2024-03-08,2024,['Flash'],1,4.0,3.0,2.0,9.0,,['R'],False,"Flash
When this creature enters, for each graveyard with an instant or sorcery card in it, exile target instant or sorcery card from that graveyard. If two or more cards are exiled this way, choose one of them at random and copy it. You may cast the copy without paying its mana cost.",True,9279.0
watchful radstag,creature — elk mutant,rare,Fallout,PIP,True,2024-03-08,2024,['Evolve'],1,3.0,2.0,2.0,7.0,,['G'],False,"Evolve (Whenever a creature you control enters, if that creature has greater power or toughness than this creature, put a +1/+1 counter on this creature.)
Whenever this creature evolves, create a token that's a copy of it.",True,5795.0
alpha deathclaw,creature — lizard mutant,rare,Fallout,PIP,True,2024-03-08,2024,"['Menace', 'Monstrosity', 'Trample']",3,6.0,6.0,6.0,18.0,,"['B', 'G']",True,"Menace, trample
When this creature enters or becomes monstrous, destroy target permanent.
{5}{B}{G}: Monstrosity 4. (If this creature isn't monstrous, put four +1/+1 counters on it and it becomes monstrous.)",True,4562.0
armory paladin,creature — human knight,rare,Fallout,PIP,True,2024-03-08,2024,['Trample'],1,3.0,3.0,3.0,9.0,,"['R', 'W']",True,"Trample
Whenever you cast an Aura or Equipment spell, exile the top card of your library. You may play that card until the end of your next turn.",True,7180.0
atomize,instant,rare,Fallout,PIP,True,2024-03-08,2024,['Proliferate'],1,4.0,,,4.0,,"['B', 'G']",True,"Destroy target nonland permanent. Proliferate. (Choose any number of permanents and/or players, then give each another counter of each kind already there.)",True,2206.0
"caesar, legion's emperor",legendary creature — human soldier,mythic,Fallout,PIP,True,2024-03-08,2024,[],0,4.0,4.0,4.0,12.0,,"['B', 'R', 'W']",True,"Whenever you attack, you may sacrifice another creature. When you do, choose two -
• Create two 1/1 red and white Soldier creature tokens with haste that are tapped and attacking.
• You draw a card and you lose 1 life.
• Caesar deals damage equal to the number of creature tokens you control to target opponent.",True,2678.0
"dogmeat, ever loyal",legendary creature — dog,mythic,Fallout,PIP,True,2024-03-08,2024,['Mill'],1,3.0,3.0,3.0,9.0,,"['G', 'R', 'W']",True,"When Dogmeat enters, mill five cards, then return an Aura or Equipment card from your graveyard to your hand.
Whenever a creature you control that's enchanted or equipped attacks, create a Junk token. (It's an artifact with ""{T}, Sacrifice this token: Exile the top card of your library. You may play that card this turn. Activate only as a sorcery."")",True,8136.0
dr. madison li,legendary creature — human scientist,mythic,Fallout,PIP,True,2024-03-08,2024,[],0,3.0,2.0,3.0,8.0,,"['R', 'U', 'W']",True,"Whenever you cast an artifact spell, you get {E} (an energy counter).
{T}, Pay {E}: Target creature gets +1/+0 and gains trample and haste until end of turn.
{T}, Pay {E}{E}{E}: Draw a card.
{T}, Pay {E}{E}{E}{E}{E}: Return target artifact card from your graveyard to the battlefield tapped.",True,5817.0
inventory management,instant,rare,Fallout,PIP,True,2024-03-08,2024,['Split second'],1,2.0,,,2.0,,"['R', 'W']",True,"Split second (As long as this spell is on the stack, players can't cast spells or activate abilities that aren't mana abilities.)
For each Aura and Equipment you control, you may attach it to a creature you control.",True,3264.0
the wise mothman,legendary creature — insect mutant,mythic,Fallout,PIP,True,2024-03-08,2024,['Flying'],1,4.0,3.0,3.0,10.0,,"['B', 'G', 'U']",True,"Flying
Whenever The Wise Mothman enters or attacks, each player gets a rad counter.
Whenever one or more nonland cards are milled, put a +1/+1 counter on each of up to X target creatures, where X is the number of nonland cards milled this way.",True,3548.0
hullbreaker horror,creature — kraken horror,rare,Fallout,PIP,True,2024-03-08,2024,['Flash'],1,7.0,7.0,8.0,22.0,,['U'],False,"Flash
This spell can't be countered.
Whenever you cast a spell, choose up to one -
• Return target spell you don't control to its owner's hand.
• Return target nonland permanent to its owner's hand.",True,275.0
lord of the undead,creature — zombie,rare,Fallout,PIP,True,2024-03-08,2024,[],0,3.0,2.0,2.0,7.0,,['B'],False,"Other Zombie creatures get +1/+1.
{1}{B}, {T}: Return target Zombie card from your graveyard to your hand.",True,3298.0
grave titan,creature — giant,mythic,Fallout,PIP,True,2024-03-08,2024,['Deathtouch'],1,6.0,6.0,6.0,18.0,,['B'],False,"Deathtouch
Whenever this creature enters or attacks, create two 2/2 black Zombie creature tokens.",True,1351.0
vigor,creature — elemental incarnation,rare,Fallout,PIP,True,2024-03-08,2024,['Trample'],1,6.0,6.0,6.0,18.0,,['G'],False,"Trample
If damage would be dealt to another creature you control, prevent that damage. Put a +1/+1 counter on that creature for each 1 damage prevented this way.
When Vigor is put into a graveyard from anywhere, shuffle it into its owner's library.",True,1434.0
"ayula, queen among bears",legendary creature — bear,rare,Fallout,PIP,True,2024-03-08,2024,['Fight'],1,2.0,2.0,2.0,6.0,,['G'],False,"Whenever another Bear you control enters, choose one -
• Put two +1/+1 counters on target Bear.
• Target Bear you control fights target creature you don't control.",True,5942.0
tarmogoyf,creature — lhurgoyf,mythic,Fallout,PIP,True,2024-03-08,2024,[],0,2.0,,,2.0,,['G'],False,Tarmogoyf's power is equal to the number of card types among cards in all graveyards and its toughness is equal to that number plus 1.,True,8440.0
hornet queen,creature — insect,rare,Fallout,PIP,True,2024-03-08,2024,"['Deathtouch', 'Flying']",2,7.0,2.0,2.0,11.0,,['G'],False,"Flying, deathtouch
When this creature enters, create four 1/1 green Insect creature tokens with flying and deathtouch.",True,1530.0
gemrazer,creature — beast,rare,Fallout,PIP,True,2024-03-08,2024,"['Mutate', 'Reach', 'Trample']",3,4.0,4.0,4.0,12.0,,['G'],False,"Mutate {1}{G}{G} (If you cast this spell for its mutate cost, put it over or under target non-Human creature you own. They mutate into the creature on top plus all abilities from under it.)
Reach, trample
Whenever this creature mutates, destroy target artifact or enchantment an opponent controls.",True,3428.0
walking ballista,artifact creature — construct,rare,Fallout,PIP,True,2024-03-08,2024,[],0,0.0,0.0,0.0,0.0,,[],False,"This creature enters with X +1/+1 counters on it.
{4}: Put a +1/+1 counter on this creature.
Remove a +1/+1 counter from this creature: It deals 1 damage to any target.",True,493.0
farewell,sorcery,rare,Fallout,PIP,True,2024-03-08,2024,[],0,6.0,,,6.0,,['W'],False,"Choose one or more -
• Exile all artifacts.
• Exile all creatures.
• Exile all enchantments.
• Exile all graveyards.",True,140.0
ravages of war,sorcery,mythic,Fallout,PIP,True,2024-03-08,2024,[],0,4.0,,,4.0,,['W'],False,Destroy all lands.,True,10623.0
vandalblast,sorcery,uncommon,Fallout,PIP,True,2024-03-08,2024,['Overload'],1,1.0,,,1.0,,['R'],False,"Destroy target artifact you don't control.
Overload {4}{R} (You may cast this spell for its overload cost. If you do, change ""target"" in its text to ""each."")",True,97.0
arcane signet,artifact,uncommon,Fallout,PIP,True,2024-03-08,2024,[],0,2.0,,,2.0,,[],False,{T}: Add one mana of any color in your commander's color identity.,True,3.0
crucible of worlds,artifact,mythic,Fallout,PIP,True,2024-03-08,2024,[],0,3.0,,,3.0,,[],False,You may play lands from your graveyard.,True,549.0
nuka-cola vending machine,artifact,uncommon,Fallout,PIP,True,2024-03-08,2024,"['Food', 'Treasure']",2,3.0,,,3.0,,[],False,"{1}, {T}: Create a Food token. (It's an artifact with ""{2}, {T}, Sacrifice this token: You gain 3 life."")
Whenever you sacrifice a Food, create a tapped Treasure token. (It's an artifact with ""{T}, Sacrifice this token: Add one mana of any color."")",True,1400.0
sol ring,artifact,mythic,Fallout,PIP,True,2024-03-08,2024,[],0,1.0,,,1.0,,[],False,{T}: Add {C}{C}.,True,1.0
command tower,land,uncommon,Fallout,PIP,True,2024-03-08,2024,[],0,0.0,,,0.0,,[],False,{T}: Add one mana of any color in your commander's color identity.,True,2.0
wasteland,land,rare,Fallout,PIP,True,2024-03-08,2024,[],0,0.0,,,0.0,,[],False,"{T}: Add {C}.
{T}, Sacrifice this land: Destroy target nonbasic land.",True,1144.0
"aradesh, the founder",legendary creature — human soldier,rare,Fallout,PIP,True,2024-03-08,2024,['Enlist'],1,3.0,1.0,4.0,8.0,,['W'],False,"Enlist (As this creature attacks, you may tap a nonattacking creature you control without summoning sickness. When you do, add its power to this creature's until end of turn.)
Whenever a creature you control attacks, if it enlisted a creature this combat, the creature that attacked gains double strike until end of turn. If that creature's power is 4 or greater, draw a card.",True,12515.0
automated assembly line,artifact,rare,Fallout,PIP,True,2024-03-08,2024,[],0,2.0,,,2.0,,['W'],False,"Whenever one or more artifact creatures you control deal combat damage to a player, you get {E} (an energy counter).
Pay {E}{E}{E}: Create a tapped 3/3 colorless Robot artifact creature token.",True,6364.0
battle of hoover dam,enchantment,rare,Fallout,PIP,True,2024-03-08,2024,[],0,4.0,,,4.0,,['W'],False,"As this enchantment enters, choose NCR or Legion.
• NCR - At the beginning of your end step, return target creature card with mana value 3 or less from your graveyard to the battlefield with a finality counter on it.
• Legion - Whenever a creature you control dies, put two +1/+1 counters on target creature you control.",True,7989.0
brotherhood scribe,creature — human artificer,rare,Fallout,PIP,True,2024-03-08,2024,['Metalcraft'],1,2.0,1.0,3.0,6.0,,['W'],False,"Metalcraft - {T}: You get {E} (an energy counter). Activate only if you control three or more artifacts.
Whenever you get one or more {E} during your turn, creatures you control get +1/+1 until end of turn.",True,6435.0
"codsworth, handy helper",legendary artifact creature — robot,rare,Fallout,PIP,True,2024-03-08,2024,[],0,3.0,2.0,3.0,8.0,,['W'],False,"Commanders you control have ward {2}.
{T}: Add {W}{W}. Spend this mana only to cast Aura and/or Equipment spells.
{T}: Attach target Aura or Equipment you control to target creature you control. Activate only as a sorcery.",True,1613.0
overencumbered,enchantment — aura,rare,Fallout,PIP,True,2024-03-08,2024,"['Enchant', 'Food']",2,2.0,,,2.0,,['W'],False,"Enchant opponent
When this Aura enters, enchanted opponent creates a Clue token, a Food token, and a Junk token.
At the beginning of combat on enchanted opponent's turn, that player may pay {1} for each artifact they control. If they don't, creatures can't attack this combat.",True,10684.0
overseer of vault 76,legendary creature — human advisor,rare,Fallout,PIP,True,2024-03-08,2024,['First Contact'],1,3.0,3.0,3.0,9.0,,['W'],False,"First Contact - Whenever Overseer of Vault 76 or another creature you control with power 3 or less enters, put a quest counter on Overseer of Vault 76.
At the beginning of combat on your turn, you may remove three quest counters from among permanents you control. When you do, put a +1/+1 counter on each creature you control and they gain vigilance until end of turn.",True,9539.0
pre-war formalwear,artifact — equipment,rare,Fallout,PIP,True,2024-03-08,2024,['Equip'],1,3.0,,,3.0,,['W'],False,"When this Equipment enters, return target creature card with mana value 3 or less from your graveyard to the battlefield and attach this Equipment to it.
Equipped creature gets +2/+2 and has vigilance.
Equip {3}",True,6566.0
"the prydwen, steel flagship",legendary artifact — vehicle,rare,Fallout,PIP,True,2024-03-08,2024,"['Crew', 'Flying']",2,6.0,6.0,6.0,18.0,,['W'],False,"Flying
Whenever another nontoken artifact you control enters, create a 2/2 white Human Knight creature token with ""This token gets +2/+2 as long as an artifact entered the battlefield under your control this turn.""
Crew 2",True,6347.0
sentry bot,artifact creature — robot,rare,Fallout,PIP,True,2024-03-08,2024,['Flash'],1,5.0,2.0,5.0,12.0,,['W'],False,"Flash
This spell costs {1} less to cast for each creature attacking you.
When this creature enters, you get {E} for each creature attacking you.
At the beginning of combat on your turn, you may pay {E}{E}{E}. If you do, put a +1/+1 counter on each creature you control.",True,8697.0
"sierra, nuka's biggest fan",legendary creature — human citizen,rare,Fallout,PIP,True,2024-03-08,2024,"['Food', 'The Nuka-Cola Challenge']",2,4.0,3.0,4.0,11.0,,['W'],False,"The Nuka-Cola Challenge - Whenever one or more creatures you control deal combat damage to a player, put a quest counter on Sierra and create a Food token.
Whenever you sacrifice a Food, target creature you control gets +X/+X until end of turn, where X is the number of quest counters on Sierra.",True,9268.0
"yes man, personal securitron",legendary artifact creature — robot,rare,Fallout,PIP,True,2024-03-08,2024,['Wild Card'],1,3.0,2.0,2.0,7.0,,['W'],False,"{T}: Target opponent gains control of Yes Man. When they do, you draw two cards and put a quest counter on Yes Man. Activate only during your turn.
Wild Card - When Yes Man leaves the battlefield, its owner creates a tapped 1/1 white Soldier creature token for each quest counter on it.",True,3984.0
"curie, emergent intelligence",legendary artifact creature — robot,rare,Fallout,PIP,True,2024-03-08,2024,[],0,2.0,1.0,3.0,6.0,,['U'],False,"Whenever Curie deals combat damage to a player, draw cards equal to its base power.
{1}{U}, Exile another nontoken artifact creature you control: Curie becomes a copy of the exiled creature, except it has ""Whenever this creature deals combat damage to a player, draw cards equal to its base power.""",True,8542.0
"james, wandering dad // follow him",legendary creature — human scientist,rare,Fallout,PIP,True,2024-03-08,2024,[],0,3.0,2.0,4.0,9.0,,['U'],False,{T}: Add {C}{C}. Spend this mana only to activate abilities.,True,8375.0
"james, wandering dad // follow him",instant — adventure,rare,Fallout,PIP,True,2024-03-08,2024,['Investigate'],1,3.0,,,3.0,,['U'],False,Investigate X times. (Then exile this card. You may cast the creature later from exile.),True,8375.0
"jason bright, glowing prophet",legendary creature — zombie mutant advisor,rare,Fallout,PIP,True,2024-03-08,2024,['Come Fly With Me'],1,3.0,2.0,3.0,8.0,,['U'],False,"Whenever a Zombie or Mutant you control dies, if its power was different from its base power, draw a card.
Come Fly With Me - {2}, Sacrifice a creature: Put a +1/+1 counter on target creature you control. It gains flying until end of turn.",True,8083.0
mirelurk queen,creature — crab mutant,rare,Fallout,PIP,True,2024-03-08,2024,['Vigilance'],1,5.0,4.0,4.0,13.0,,['U'],False,"Vigilance
When this creature enters, target player gets two rad counters.
Whenever one or more nonland cards are milled, draw a card, then put a +1/+1 counter on this creature. This ability triggers only once each turn.",True,4034.0
"nick valentine, private eye",legendary artifact creature — synth detective,rare,Fallout,PIP,True,2024-03-08,2024,['Investigate'],1,3.0,2.0,2.0,7.0,,['U'],False,"Nick Valentine can't be blocked except by artifact creatures.
Whenever Nick Valentine or another artifact creature you control dies, you may investigate. (To investigate, create a Clue token. It's an artifact with ""{2}, Sacrifice this token: Draw a card."")",True,9923.0
"piper wright, publick reporter",legendary creature — human detective,rare,Fallout,PIP,True,2024-03-08,2024,['Investigate'],1,2.0,1.0,2.0,5.0,,['U'],False,"Whenever Piper Wright deals combat damage to a player, investigate that many times. (To investigate, create a Clue token. It's an artifact with ""{2}, Sacrifice this token: Draw a card."")
Whenever you sacrifice a Clue, put a +1/+1 counter on target creature you control.",True,5938.0
struggle for project purity,enchantment,rare,Fallout,PIP,True,2024-03-08,2024,[],0,4.0,,,4.0,,['U'],False,"As this enchantment enters, choose Brotherhood or Enclave.
• Brotherhood - At the beginning of your upkeep, each opponent draws a card. You draw a card for each card drawn this way.
• Enclave - Whenever a player attacks you with one or more creatures, that player gets twice that many rad counters.",True,2450.0
feral ghoul,creature — zombie mutant,rare,Fallout,PIP,True,2024-03-08,2024,['Menace'],1,3.0,2.0,2.0,7.0,,['B'],False,"Menace
Whenever another creature you control dies, put a +1/+1 counter on this creature.
When this creature dies, each opponent gets a number of rad counters equal to its power.",True,3679.0
"hancock, ghoulish mayor",legendary creature — zombie mutant advisor,rare,Fallout,PIP,True,2024-03-08,2024,['Undying'],1,3.0,2.0,1.0,6.0,,['B'],False,"Each other creature you control that's a Zombie or Mutant gets +X/+X, where X is the number of counters on Hancock.
Undying (When this creature dies, if it had no +1/+1 counters on it, return it to the battlefield under its owner's control with a +1/+1 counter on it.)",True,6906.0
wasteland raider,creature — human mercenary,rare,Fallout,PIP,True,2024-03-08,2024,['Squad'],1,4.0,4.0,3.0,11.0,,['B'],False,"Squad {2} (As an additional cost to cast this spell, you may pay {2} any number of times. When this creature enters, create that many tokens that are copies of it.)
When this creature enters, each player sacrifices a creature of their choice.",True,7572.0
assaultron dominator,artifact creature — robot,rare,Fallout,PIP,True,2024-03-08,2024,[],0,2.0,2.0,2.0,6.0,,['R'],False,"When this creature enters, you get {E}{E} (two energy counters).
Whenever an artifact creature you control attacks, you may pay {E}. If you do, put your choice of a +1/+1, first strike, or trample counter on that creature.",True,6183.0
"duchess, wayward tavernkeep",legendary creature — human citizen,rare,Fallout,PIP,True,2024-03-08,2024,['Hunters for Hire'],1,4.0,4.0,3.0,11.0,,['R'],False,"Hunters for Hire - Whenever a creature you control deals combat damage to a player, put a quest counter on it.
{1}, Remove a quest counter from a permanent you control: Create a Junk token. (It's an artifact with ""{T}, Sacrifice this token: Exile the top card of your library. You may play that card this turn. Activate only as a sorcery."")",True,13354.0
grim reaper's sprint,enchantment — aura,rare,Fallout,PIP,True,2024-03-08,2024,"['Enchant', 'Morbid']",2,5.0,,,5.0,,['R'],False,"Morbid - This spell costs {3} less to cast if a creature died this turn.
Enchant creature
When this Aura enters, untap each creature you control. If it's your main phase, there is an additional combat phase after this phase.
Enchanted creature gets +2/+2 and has haste.",True,4235.0
junk jet,artifact — equipment,rare,Fallout,PIP,True,2024-03-08,2024,['Equip'],1,2.0,,,2.0,,['R'],False,"When this Equipment enters, create a Junk token. (It's an artifact with ""{T}, Sacrifice this token: Exile the top card of your library. You may play that card this turn. Activate only as a sorcery."")
{3}, Sacrifice another artifact: Double equipped creature's power until end of turn.
Equip {1}",True,8899.0
megaton's fate,sorcery,rare,Fallout,PIP,True,2024-03-08,2024,"['Detonate', 'Disarm', 'Treasure']",3,6.0,,,6.0,,['R'],False,"Choose one -
• Disarm - Destroy target artifact. Create four Treasure tokens.
• Detonate - Megaton's Fate deals 8 damage to each creature. Each player gets four rad counters.",True,8753.0
"the motherlode, excavator",legendary artifact creature — robot,rare,Fallout,PIP,True,2024-03-08,2024,[],0,5.0,5.0,5.0,15.0,,['R'],False,"When The Motherlode enters, choose target opponent. You get an amount of {E} (energy counters) equal to the number of nonbasic lands that player controls.
Whenever The Motherlode attacks, you may pay {E}{E}{E}{E}. When you do, destroy target nonbasic land defending player controls, and creatures that player controls without flying can't block this turn.",True,7102.0
plasma caster,artifact — equipment,rare,Fallout,PIP,True,2024-03-08,2024,['Equip'],1,2.0,,,2.0,,['R'],False,"Equipped creature gets +1/+1.
Whenever equipped creature attacks, you get {E}{E} (two energy counters).
Pay {E}{E}: Choose target creature that's blocking equipped creature. Flip a coin. If you win the flip, exile the chosen creature. Otherwise, this Equipment deals 1 damage to it.
Equip {2}",True,7307.0
powder ganger,creature — human rogue,rare,Fallout,PIP,True,2024-03-08,2024,['Squad'],1,3.0,2.0,2.0,7.0,,['R'],False,"Squad {2} (As an additional cost to cast this spell, you may pay {2} any number of times. When this creature enters, create that many tokens that are copies of it.)
When this creature enters, destroy up to one target artifact.",True,9028.0
"rose, cutthroat raider",legendary artifact creature — robot,rare,Fallout,PIP,True,2024-03-08,2024,"['First strike', 'Raid']",2,4.0,3.0,2.0,9.0,,['R'],False,"First strike
Raid - At end of combat on your turn, if you attacked this turn, create a Junk token for each opponent you attacked. (It's an artifact with ""{T}, Sacrifice this token: Exile the top card of your library. You may play that card this turn. Activate only as a sorcery."")
Whenever you sacrifice a Junk, add {R}.",True,4249.0
synth eradicator,artifact creature — synth soldier,rare,Fallout,PIP,True,2024-03-08,2024,['Haste'],1,3.0,3.0,3.0,9.0,,['R'],False,"Haste
Whenever this creature attacks, exile the top card of your library. You may get {E}{E} (two energy counters). If you don't, you may play that card this turn.
{T}, Pay {E}{E}{E}: This creature deals 3 damage to any target.",True,7519.0
thrill-kill disciple,creature — human mercenary,rare,Fallout,PIP,True,2024-03-08,2024,['Squad'],1,3.0,3.0,2.0,8.0,,['R'],False,"Squad-{1}, Discard a card. (As an additional cost to cast this spell, you may pay its squad cost any number of times. When this creature enters, create that many tokens that are copies of it.)
When this creature dies, create a Junk token.",True,14157.0
"veronica, dissident scribe",legendary creature — human artificer rogue,rare,Fallout,PIP,True,2024-03-08,2024,['Menace'],1,3.0,3.0,3.0,9.0,,['R'],False,"Menace
Whenever Veronica attacks, you may discard a card. If you do, draw a card.
Whenever you discard one or more nonland cards for the first time each turn, create a Junk token. (It's an artifact with ""{T}, Sacrifice this token: Exile the top card of your library. You may play that card this turn. Activate only as a sorcery."")",True,8308.0
wild wasteland,enchantment,rare,Fallout,PIP,True,2024-03-08,2024,[],0,3.0,,,3.0,,['R'],False,"Skip your draw step.
At the beginning of your upkeep, exile the top two cards of your library. You may play those cards this turn.",True,4208.0
animal friend,enchantment — aura,rare,Fallout,PIP,True,2024-03-08,2024,['Enchant'],1,2.0,,,2.0,,['G'],False,"Enchant creature
Enchanted creature has ""Whenever this creature attacks, create a 1/1 green Squirrel creature token. Put a +1/+1 counter on that token for each Aura and Equipment attached to this creature other than Animal Friend.""",True,9226.0
"harold and bob, first numens",legendary creature — treefolk mutant,rare,Fallout,PIP,True,2024-03-08,2024,"['Reach', 'Vigilance']",2,3.0,3.0,3.0,9.0,,['G'],False,"Vigilance, reach
When Harold and Bob dies, if it was a creature, return it to the battlefield. It's an Aura enchantment with enchant Forest you control and ""Enchanted Forest has '{T}: Add three mana of any one color. You get two rad counters.'"" Harold and Bob loses all other abilities.",True,8269.0
"lily bowen, raging grandma",legendary creature — mutant warrior,rare,Fallout,PIP,True,2024-03-08,2024,['Vigilance'],1,4.0,0.0,0.0,4.0,,['G'],False,"Vigilance
Lily Bowen enters with two +1/+1 counters on it.
At the beginning of your upkeep, double the number of +1/+1 counters on Lily Bowen if its power is 16 or less. Otherwise, remove all but one +1/+1 counter from it, then you gain 1 life for each +1/+1 counter removed this way.",True,6816.0
power fist,artifact — equipment,rare,Fallout,PIP,True,2024-03-08,2024,['Equip'],1,2.0,,,2.0,,['G'],False,"Equipped creature has trample and ""Whenever this creature deals combat damage to a player, put that many +1/+1 counters on it.""
Equip {2}",True,1790.0
rampaging yao guai,creature — bear mutant,rare,Fallout,PIP,True,2024-03-08,2024,"['Trample', 'Vigilance']",2,3.0,2.0,2.0,7.0,,['G'],False,"Vigilance, trample
This creature enters with X +1/+1 counters on it.
When this creature enters, destroy any number of target artifacts and/or enchantments with total mana value X or less.",True,3075.0
strong back,enchantment — aura,rare,Fallout,PIP,True,2024-03-08,2024,['Enchant'],1,3.0,,,3.0,,['G'],False,"Enchant creature
Equip abilities you activate that target enchanted creature cost {3} less to activate.
Aura spells you cast that target enchanted creature cost {3} less to cast.
Enchanted creature gets +2/+2 for each Aura and Equipment attached to it.",True,3019.0
"strong, the brutish thespian",legendary creature — mutant berserker,rare,Fallout,PIP,True,2024-03-08,2024,"['Enrage', 'Ward']",2,6.0,7.0,7.0,20.0,,['G'],False,"Ward {2}
Enrage - Whenever Strong is dealt damage, you get three rad counters and put three +1/+1 counters on Strong.
You gain life rather than lose life from radiation.",True,5577.0
tato farmer,creature — zombie mutant peasant,rare,Fallout,PIP,True,2024-03-08,2024,['Landfall'],1,3.0,1.0,4.0,8.0,,['G'],False,"Landfall - Whenever a land you control enters, you may get two rad counters.
{T}: Put target land card in a graveyard that was milled this turn onto the battlefield under your control tapped.",True,3842.0
agent frank horrigan,legendary creature — mutant warrior,rare,Fallout,PIP,True,2024-03-08,2024,"['Proliferate', 'Trample']",2,7.0,8.0,6.0,21.0,,"['B', 'G']",True,"Trample
Agent Frank Horrigan has indestructible as long as it attacked this turn.
Whenever Agent Frank Horrigan enters or attacks, proliferate twice. (To proliferate, choose any number of permanents and/or players, then give each another counter of each kind already there.)",True,3484.0
almost perfect,enchantment — aura,rare,Fallout,PIP,True,2024-03-08,2024,['Enchant'],1,6.0,,,6.0,,"['G', 'W']",True,"Enchant creature
Enchanted creature has base power and toughness 9/10 and has indestructible.",True,7981.0
arcade gannon,legendary creature — human doctor,rare,Fallout,PIP,True,2024-03-08,2024,['For Auld Lang Syne'],1,4.0,2.0,3.0,9.0,,"['U', 'W']",True,"{T}: Draw a card, then discard a card. Put a quest counter on Arcade Gannon.
For Auld Lang Syne - Once during each of your turns, you may cast an artifact or Human spell from your graveyard with mana value less than or equal to the number of quest counters on Arcade Gannon.",True,10366.0
boomer scrapper,creature — human soldier,rare,Fallout,PIP,True,2024-03-08,2024,[],0,3.0,1.0,1.0,5.0,,"['B', 'R']",True,"Whenever this creature enters or attacks, you lose 1 life and create a Junk token. (It's an artifact with ""{T}, Sacrifice this token: Exile the top card of your library. You may play that card this turn. Activate only as a sorcery."")
Whenever a token you control leaves the battlefield, put a +1/+1 counter on this creature.",True,10506.0
"cait, cage brawler",legendary creature — human warrior,rare,Fallout,PIP,True,2024-03-08,2024,[],0,2.0,1.0,1.0,4.0,,"['G', 'R']",True,"During your turn, Cait has indestructible.
Whenever Cait attacks, you and defending player each draw a card, then discard a card. Put two +1/+1 counters on Cait if you discarded the card with the greatest mana value among those cards or tied for greatest.",True,11396.0
"cass, hand of vengeance",legendary creature — human ranger,rare,Fallout,PIP,True,2024-03-08,2024,['Vigilance'],1,4.0,4.0,3.0,11.0,,"['R', 'W']",True,"Vigilance
Whenever Cass or another creature you control dies, if it was enchanted or equipped, return any number of Aura cards that were attached to it from your graveyard to the battlefield attached to target creature, then attach any number of Equipment that were attached to it to that creature.",True,9730.0
colonel autumn,legendary creature — human soldier,rare,Fallout,PIP,True,2024-03-08,2024,"['Exploit', 'Lifelink']",2,3.0,2.0,3.0,8.0,,"['B', 'W']",True,"Lifelink
Exploit (When this creature enters, you may sacrifice a creature.)
Other legendary creatures you control have exploit.
Whenever a creature you control exploits a creature, put a +1/+1 counter on each creature you control.",True,7368.0
"desdemona, freedom's edge",legendary creature — human rogue,rare,Fallout,PIP,True,2024-03-08,2024,['Vigilance'],1,4.0,3.0,4.0,11.0,,"['R', 'W']",True,"Vigilance
Whenever Desdemona attacks, target creature card in your graveyard that's an artifact or that has mana value 3 or less gains escape until end of turn. The escape cost is equal to its mana cost plus exile two other cards from your graveyard. (You may cast it from your graveyard for its escape cost this turn.)",True,14804.0
elder arthur maxson,legendary creature — human knight,rare,Fallout,PIP,True,2024-03-08,2024,['Blind Betrayal'],1,3.0,4.0,2.0,9.0,,"['B', 'W']",True,"Creature tokens you control have training. (Whenever a creature token you control attacks with another creature with greater power, put a +1/+1 counter on that token.)
Blind Betrayal - Sacrifice another creature: Elder Arthur Maxson gains indestructible until end of turn.",True,7781.0
electrosiphon,instant,rare,Fallout,PIP,True,2024-03-08,2024,[],0,3.0,,,3.0,,"['R', 'U']",True,Counter target spell. You get an amount of {E} (energy counters) equal to its mana value.,True,4915.0
"kellogg, dangerous mind",legendary creature — human mercenary,rare,Fallout,PIP,True,2024-03-08,2024,"['First strike', 'Haste', 'Treasure']",3,3.0,3.0,2.0,8.0,,"['B', 'R']",True,"First strike, haste
Whenever Kellogg attacks, create a Treasure token.
Sacrifice five Treasures: Gain control of target creature for as long as you control Kellogg. Activate only as a sorcery.",True,2490.0
"liberty prime, recharged",legendary artifact creature — robot,mythic,Fallout,PIP,True,2024-03-08,2024,"['Haste', 'Trample', 'Vigilance']",3,5.0,8.0,8.0,21.0,,"['R', 'U', 'W']",True,"Vigilance, trample, haste
Whenever Liberty Prime attacks or blocks, sacrifice it unless you pay {E}{E} (two energy counters).
{2}, {T}, Sacrifice an artifact: You get {E}{E} and draw a card.",True,6473.0
"maccready, lamplight mayor",legendary creature — human advisor,rare,Fallout,PIP,True,2024-03-08,2024,[],0,2.0,1.0,3.0,6.0,,"['B', 'W']",True,"Whenever a creature you control with power 2 or less attacks, it gains skulk until end of turn. (It can't be blocked by creatures with greater power.)
Whenever a creature with power 4 or greater attacks you, its controller loses 2 life and you gain 2 life.",True,3796.0
"marcus, mutant mayor",legendary creature — mutant advisor,rare,Fallout,PIP,True,2024-03-08,2024,"['Trample', 'Vigilance']",2,5.0,4.0,4.0,13.0,,"['G', 'U']",True,"Vigilance, trample
Whenever a creature you control deals combat damage to a player, draw a card if that creature has a +1/+1 counter on it. If it doesn't, put a +1/+1 counter on it.",True,6112.0
"the master, transcendent",legendary artifact creature — mutant,mythic,Fallout,PIP,True,2024-03-08,2024,[],0,4.0,2.0,4.0,10.0,,"['B', 'G', 'U']",True,"When The Master enters, target player gets two rad counters.
{T}: Put target creature card in a graveyard that was milled this turn onto the battlefield under your control. It's a green Mutant with base power and toughness 3/3. (It loses its other colors and creature types.)",True,4639.0
"moira brown, guide author",legendary creature — human citizen,rare,Fallout,PIP,True,2024-03-08,2024,[],0,3.0,2.0,3.0,8.0,,"['R', 'W']",True,"When Moira Brown enters, create a colorless Equipment artifact token named Wasteland Survival Guide with ""Equipped creature gets +1/+1 for each quest counter among permanents you control"" and equip {1}.
Whenever you attack, put a quest counter on target nonland permanent you control.",True,13954.0
"mr. house, president and ceo",legendary artifact creature — human,mythic,Fallout,PIP,True,2024-03-08,2024,['Treasure'],1,3.0,0.0,4.0,7.0,,"['B', 'R', 'W']",True,"Whenever you roll a 4 or higher, create a 3/3 colorless Robot artifact creature token. If you rolled 6 or higher, instead create that token and a Treasure token.
{4}, {T}: Roll a six-sided die plus an additional six-sided die for each mana from Treasures spent to activate this ability.",True,5348.0
mutational advantage,instant,rare,Fallout,PIP,True,2024-03-08,2024,['Proliferate'],1,3.0,,,3.0,,"['G', 'U']",True,"Permanents you control with counters on them gain hexproof and indestructible until end of turn. Prevent all damage that would be dealt to those permanents this turn. Proliferate. (Choose any number of permanents and/or players, then give each another counter of each kind already there.)",True,2123.0
the nipton lottery,sorcery,rare,Fallout,PIP,True,2024-03-08,2024,[],0,4.0,,,4.0,,"['B', 'R']",True,Choose a creature at random. You gain control of that creature until end of turn. Untap it. It gains haste until end of turn. Then destroy all other creatures.,True,10239.0
paladin elizabeth taggerdy,legendary creature — human knight,rare,Fallout,PIP,True,2024-03-08,2024,['Battalion'],1,3.0,3.0,2.0,8.0,,"['R', 'W']",True,"Battalion - Whenever Paladin Elizabeth Taggerdy and at least two other creatures attack, draw a card, then you may put a creature card with mana value X or less from your hand onto the battlefield tapped and attacking, where X is Paladin Elizabeth Taggerdy's power.",True,6351.0
"preston garvey, minuteman",legendary creature — human soldier,mythic,Fallout,PIP,True,2024-03-08,2024,[],0,5.0,4.0,4.0,13.0,,"['G', 'R', 'W']",True,"At the beginning of combat on your turn, create a green Aura enchantment token named Settlement attached to up to one target land you control. It has enchant land and ""Enchanted land has '{T}: Add one mana of any color.'""
Whenever Preston Garvey attacks, untap each enchanted permanent you control.",True,11013.0
"red death, shipwrecker",legendary creature — crab mutant,rare,Fallout,PIP,True,2024-03-08,2024,"['Alluring Eyes', 'Goad']",2,2.0,1.0,3.0,6.0,,"['R', 'U']",True,"Alluring Eyes - {T}: Goad target creature an opponent controls. That player draws a card. You add {R}. (Until your next turn, that creature attacks each combat if able and attacks a player other than you if able.)",True,6224.0
"rex, cyber-hound",legendary artifact creature — robot dog,rare,Fallout,PIP,True,2024-03-08,2024,['Mill'],1,3.0,2.0,2.0,7.0,,"['U', 'W']",True,"Whenever Rex deals combat damage to a player, they mill two cards and you get {E}{E} (two energy counters).
Pay {E}{E}: Choose target creature card in a graveyard. Exile it with a brain counter on it. Activate only as a sorcery.
Rex has all activated abilities of all cards in exile with brain counters on them.",True,8191.0
sentinel sarah lyons,legendary creature — human knight,rare,Fallout,PIP,True,2024-03-08,2024,"['Battalion', 'Haste']",2,5.0,4.0,4.0,13.0,,"['R', 'W']",True,"Haste
As long as an artifact entered the battlefield under your control this turn, creatures you control get +2/+2.
Battalion - Whenever Sentinel Sarah Lyons and at least two other creatures attack, Sentinel Sarah Lyons deals damage equal to the number of artifacts you control to target player.",True,7191.0
"shaun, father of synths",legendary creature — human scientist,rare,Fallout,PIP,True,2024-03-08,2024,[],0,5.0,3.0,4.0,12.0,,"['R', 'U']",True,"Whenever you attack, you may create a tapped and attacking token that's a copy of target attacking legendary creature you control other than Shaun, except it's not legendary and it's a Synth artifact creature in addition to its other types.
When Shaun leaves the battlefield, exile all Synth tokens you control.",True,6065.0
"three dog, galaxy news dj",legendary creature — human bard,rare,Fallout,PIP,True,2024-03-08,2024,[],0,3.0,1.0,5.0,9.0,,"['R', 'W']",True,"Whenever you attack, you may pay {2} and sacrifice an Aura attached to Three Dog. When you sacrifice an Aura this way, for each other attacking creature you control, create a token that's a copy of that Aura attached to that creature.",True,9855.0
brotherhood vertibird,artifact — vehicle,rare,Fallout,PIP,True,2024-03-08,2024,"['Crew', 'Flying']",2,3.0,,4.0,7.0,,[],False,"Flying
Brotherhood Vertibird's power is equal to the number of artifacts you control.
Crew 2 (Tap any number of creatures you control with total power 2 or greater: This Vehicle becomes an artifact creature until end of turn.)",True,4819.0
"ed-e, lonesome eyebot",legendary artifact creature — robot,rare,Fallout,PIP,True,2024-03-08,2024,"['ED-E My Love', 'Flying']",2,3.0,2.0,1.0,6.0,,[],False,"Flying
ED-E My Love - Whenever you attack, if the number of attacking creatures is greater than the number of quest counters on ED-E, put a quest counter on it.
{2}, Sacrifice ED-E: Draw a card, then draw an additional card for each quest counter on ED-E.",True,8693.0
mister gutsy,artifact creature — robot soldier,rare,Fallout,PIP,True,2024-03-08,2024,[],0,2.0,1.0,1.0,4.0,,[],False,"Whenever you cast an Aura or Equipment spell, put a +1/+1 counter on this creature.
When this creature dies, create X Junk tokens, where X is the number of +1/+1 counters on it. (They're artifacts with ""{T}, Sacrifice this token: Exile the top card of your library. You may play that card this turn. Activate only as a sorcery."")",True,8756.0
nuka-nuke launcher,artifact — equipment,rare,Fallout,PIP,True,2024-03-08,2024,['Equip'],1,2.0,,,2.0,,[],False,"Equipped creature gets +3/+0 and has intimidate. (It can't be blocked except by artifact creatures and/or creatures that share a color with it.)
Whenever equipped creature attacks, until the end of defending player's next turn, that player gets two rad counters whenever they cast a spell.
Equip {3}",True,6819.0
pip-boy 3000,artifact — equipment,rare,Fallout,PIP,True,2024-03-08,2024,"['Check Map', 'Equip', 'Pick a Perk', 'Sort Inventory']",4,1.0,,,1.0,,[],False,"Whenever equipped creature attacks, choose one -
• Sort Inventory - Draw a card, then discard a card.
• Pick a Perk - Put a +1/+1 counter on that creature.
• Check Map - Untap up to two target lands.
Equip {2}",True,2637.0
recon craft theta,artifact — vehicle,rare,Fallout,PIP,True,2024-03-08,2024,"['Crew', 'Flying', 'Proliferate']",3,4.0,4.0,4.0,12.0,,[],False,"Flying
When this Vehicle enters, create a 0/0 blue Alien creature token. Put a +1/+1 counter on it.
Whenever this Vehicle attacks, proliferate. (Choose any number of permanents and/or players, then give each another counter of each kind already there.)
Crew 2",True,5995.0
t-45 power armor,artifact — equipment,rare,Fallout,PIP,True,2024-03-08,2024,['Equip'],1,2.0,,,2.0,,[],False,"When this Equipment enters, you get {E}{E} (two energy counters).
Equipped creature gets +3/+3 and doesn't untap during its controller's untap step.
At the beginning of your upkeep, you may pay {E}. If you do, untap equipped creature, then put your choice of a menace, trample, or lifelink counter on it.
Equip {3}",True,8033.0
desolate mire,land,rare,Fallout,PIP,True,2024-03-08,2024,[],0,0.0,,,0.0,,[],False,"{1}, {T}: Add {W}{B}.",True,1213.0
diamond city,land,rare,Fallout,PIP,True,2024-03-08,2024,[],0,0.0,,,0.0,,[],False,"This land enters with a shield counter on it. (If it would be dealt damage or destroyed, remove a shield counter from it instead.)
{T}: Add {C}.
{T}: Move a shield counter from this land onto target creature. Activate only if two or more creatures entered the battlefield under your control this turn.",True,2911.0
ferrous lake,land,rare,Fallout,PIP,True,2024-03-08,2024,[],0,0.0,,,0.0,,[],False,"{1}, {T}: Add {U}{R}.",True,925.0
helios one,land,rare,Fallout,PIP,True,2024-03-08,2024,[],0,0.0,,,0.0,,[],False,"{T}: Add {C}.
{1}, {T}: You get {E} (an energy counter).
{3}, {T}, Pay X {E}, Sacrifice this land: Destroy target nonland permanent with mana value X. Activate only as a sorcery.",True,4612.0
junktown,land,rare,Fallout,PIP,True,2024-03-08,2024,[],0,0.0,,,0.0,,[],False,"{T}: Add {C}.
{4}{R}, {T}, Sacrifice this land: Create three Junk tokens. (They're artifacts with ""{T}, Sacrifice this token: Exile the top card of your library. You may play that card this turn. Activate only as a sorcery."")",True,8934.0
mariposa military base,land,rare,Fallout,PIP,True,2024-03-08,2024,[],0,0.0,,,0.0,,[],False,"You may have this land enter tapped. If you do, you get two rad counters.
{T}: Add {C}.
{5}, {T}: Draw a card. This ability costs {1} less to activate for each rad counter you have.",True,5101.0
overflowing basin,land,rare,Fallout,PIP,True,2024-03-08,2024,[],0,0.0,,,0.0,,[],False,"{1}, {T}: Add {G}{U}.",True,843.0
sunscorched divide,land,rare,Fallout,PIP,True,2024-03-08,2024,[],0,0.0,,,0.0,,[],False,"{1}, {T}: Add {R}{W}.",True,1070.0
viridescent bog,land,rare,Fallout,PIP,True,2024-03-08,2024,[],0,0.0,,,0.0,,[],False,"{1}, {T}: Add {B}{G}.",True,906.0
austere command,sorcery,rare,Fallout,PIP,True,2024-03-08,2024,[],0,6.0,,,6.0,,['W'],False,"Choose two -
• Destroy all artifacts.
• Destroy all enchantments.
• Destroy all creatures with mana value 3 or less.
• Destroy all creatures with mana value 4 or greater.",True,154.0
captain of the watch,creature — human soldier,rare,Fallout,PIP,True,2024-03-08,2024,['Vigilance'],1,6.0,3.0,3.0,12.0,,['W'],False,"Vigilance (Attacking doesn't cause this creature to tap.)
Other Soldier creatures you control get +1/+1 and have vigilance.
When this creature enters, create three 1/1 white Soldier creature tokens.",True,3567.0
entrapment maneuver,instant,rare,Fallout,PIP,True,2024-03-08,2024,[],0,4.0,,,4.0,,['W'],False,"Target player sacrifices an attacking creature of their choice. You create X 1/1 white Soldier creature tokens, where X is that creature's toughness.",True,4374.0
hour of reckoning,sorcery,rare,Fallout,PIP,True,2024-03-08,2024,['Convoke'],1,7.0,,,7.0,,['W'],False,"Convoke (Your creatures can help cast this spell. Each creature you tap while casting this spell pays for {1} or one mana of that creature's color.)
Destroy all nontoken creatures.",True,917.0
keeper of the accord,creature — human soldier,rare,Fallout,PIP,True,2024-03-08,2024,[],0,4.0,3.0,4.0,11.0,,['W'],False,"At the beginning of each opponent's end step, if that player controls more creatures than you, create a 1/1 white Soldier creature token.
At the beginning of each opponent's end step, if that player controls more lands than you, you may search your library for a basic Plains card, put it onto the battlefield tapped, then shuffle.",True,1080.0
mantle of the ancients,enchantment — aura,rare,Fallout,PIP,True,2024-03-08,2024,['Enchant'],1,5.0,,,5.0,,['W'],False,"Enchant creature you control
When this Aura enters, return any number of target Aura and/or Equipment cards from your graveyard to the battlefield attached to enchanted creature.
Enchanted creature gets +1/+1 for each Aura and Equipment attached to it.",True,1260.0
marshal's anthem,enchantment,rare,Fallout,PIP,True,2024-03-08,2024,['Multikicker'],1,4.0,,,4.0,,['W'],False,"Multikicker {1}{W} (You may pay an additional {1}{W} any number of times as you cast this spell.)
Creatures you control get +1/+1.
When this enchantment enters, return up to X target creature cards from your graveyard to the battlefield, where X is the number of times this enchantment was kicked.",True,3983.0
martial coup,sorcery,rare,Fallout,PIP,True,2024-03-08,2024,[],0,2.0,,,2.0,,['W'],False,"Create X 1/1 white Soldier creature tokens. If X is 5 or more, destroy all other creatures.",True,1226.0
open the vaults,sorcery,rare,Fallout,PIP,True,2024-03-08,2024,[],0,6.0,,,6.0,,['W'],False,Return all artifact and enchantment cards from all graveyards to the battlefield under their owners' control. (Auras with nothing to enchant remain in graveyards.),True,3513.0
puresteel paladin,creature — human knight,rare,Fallout,PIP,True,2024-03-08,2024,['Metalcraft'],1,2.0,2.0,2.0,6.0,,['W'],False,"Whenever an Equipment you control enters, you may draw a card.
Metalcraft - Equipment you control have equip {0} as long as you control three or more artifacts.",True,666.0
secure the wastes,instant,rare,Fallout,PIP,True,2024-03-08,2024,[],0,1.0,,,1.0,,['W'],False,Create X 1/1 white Warrior creature tokens.,True,1263.0
single combat,sorcery,rare,Fallout,PIP,True,2024-03-08,2024,[],0,5.0,,,5.0,,['W'],False,"Each player chooses a creature or planeswalker they control, then sacrifices the rest. Players can't cast creature or planeswalker spells until the end of your next turn.",True,1890.0
fraying sanity,enchantment — aura curse,rare,Fallout,PIP,True,2024-03-08,2024,"['Enchant', 'Mill']",2,3.0,,,3.0,,['U'],False,"Enchant player
At the beginning of each end step, enchanted player mills X cards, where X is the number of cards put into their graveyard from anywhere this turn.",True,2830.0
inexorable tide,enchantment,rare,Fallout,PIP,True,2024-03-08,2024,['Proliferate'],1,5.0,,,5.0,,['U'],False,"Whenever you cast a spell, proliferate. (Choose any number of permanents and/or players, then give each another counter of each kind already there.)",True,1084.0
mechanized production,enchantment — aura,mythic,Fallout,PIP,True,2024-03-08,2024,['Enchant'],1,4.0,,,4.0,,['U'],False,"Enchant artifact you control
At the beginning of your upkeep, create a token that's a copy of enchanted artifact. Then if you control eight or more artifacts with the same name as one another, you win the game.",True,960.0
one with the machine,sorcery,rare,Fallout,PIP,True,2024-03-08,2024,[],0,4.0,,,4.0,,['U'],False,Draw cards equal to the greatest mana value among artifacts you control.,True,2762.0
black market,enchantment,rare,Fallout,PIP,True,2024-03-08,2024,[],0,5.0,,,5.0,,['B'],False,"Whenever a creature dies, put a charge counter on this enchantment.
At the beginning of your first main phase, add {B} for each charge counter on this enchantment.",True,627.0
lethal scheme,instant,rare,Fallout,PIP,True,2024-03-08,2024,"['Connive', 'Convoke']",2,4.0,,,4.0,,['B'],False,"Convoke (Your creatures can help cast this spell. Each creature you tap while casting this spell pays for {1} or one mana of that creature's color.)
Destroy target creature or planeswalker. Each creature that convoked this spell connives. (Draw a card, then discard a card. If you discarded a nonland card, put a +1/+1 counter on that creature.)",True,1615.0
blasphemous act,sorcery,rare,Fallout,PIP,True,2024-03-08,2024,[],0,9.0,,,9.0,,['R'],False,"This spell costs {1} less to cast for each creature on the battlefield.
Blasphemous Act deals 13 damage to each creature.",True,23.0
chaos warp,instant,rare,Fallout,PIP,True,2024-03-08,2024,[],0,3.0,,,3.0,,['R'],False,"The owner of target permanent shuffles it into their library, then reveals the top card of their library. If it's a permanent card, they put it onto the battlefield.",True,29.0
stolen strategy,enchantment,rare,Fallout,PIP,True,2024-03-08,2024,[],0,5.0,,,5.0,,['R'],False,"At the beginning of your upkeep, exile the top card of each opponent's library. Until end of turn, you may cast spells from among those exiled cards, and you may spend mana as though it were mana of any color to cast those spells.",True,3709.0
branching evolution,enchantment,rare,Fallout,PIP,True,2024-03-08,2024,[],0,3.0,,,3.0,,['G'],False,"If one or more +1/+1 counters would be put on a creature you control, twice that many +1/+1 counters are put on that creature instead.",True,407.0
guardian project,enchantment,rare,Fallout,PIP,True,2024-03-08,2024,[],0,4.0,,,4.0,,['G'],False,"Whenever a nontoken creature you control enters, if it doesn't have the same name as another creature you control or a creature card in your graveyard, draw a card.",True,288.0
hardened scales,enchantment,rare,Fallout,PIP,True,2024-03-08,2024,[],0,1.0,,,1.0,,['G'],False,"If one or more +1/+1 counters would be put on a creature you control, that many plus one +1/+1 counters are put on it instead.",True,209.0
heroic intervention,instant,rare,Fallout,PIP,True,2024-03-08,2024,[],0,2.0,,,2.0,,['G'],False,Permanents you control gain hexproof and indestructible until end of turn.,True,32.0
tireless tracker,creature — human scout,rare,Fallout,PIP,True,2024-03-08,2024,"['Investigate', 'Landfall']",2,3.0,3.0,2.0,8.0,,['G'],False,"Landfall - Whenever a land you control enters, investigate. (Create a Clue token. It's an artifact with ""{2}, Sacrifice this token: Draw a card."")
Whenever you sacrifice a Clue, put a +1/+1 counter on this creature.",True,588.0
anguished unmaking,instant,rare,Fallout,PIP,True,2024-03-08,2024,[],0,3.0,,,3.0,,"['B', 'W']",True,Exile target nonland permanent. You lose 3 life.,True,164.0
assemble the legion,enchantment,rare,Fallout,PIP,True,2024-03-08,2024,[],0,5.0,,,5.0,,"['R', 'W']",True,"At the beginning of your upkeep, put a muster counter on this enchantment. Then create a 1/1 red and white Soldier creature token with haste for each muster counter on this enchantment.",True,1882.0
biomass mutation,instant,rare,Fallout,PIP,True,2024-03-08,2024,[],0,2.0,,,2.0,,"['G', 'U']",True,Creatures you control have base power and toughness X/X until end of turn.,True,5100.0
casualties of war,sorcery,rare,Fallout,PIP,True,2024-03-08,2024,[],0,6.0,,,6.0,,"['B', 'G']",True,"Choose one or more -
• Destroy target artifact.
• Destroy target creature.
• Destroy target enchantment.
• Destroy target land.
• Destroy target planeswalker.",True,1719.0
fervent charge,enchantment,rare,Fallout,PIP,True,2024-03-08,2024,[],0,4.0,,,4.0,,"['B', 'R', 'W']",True,"Whenever a creature you control attacks, it gets +2/+2 until end of turn.",True,4810.0
ruinous ultimatum,sorcery,rare,Fallout,PIP,True,2024-03-08,2024,[],0,7.0,,,7.0,,"['B', 'R', 'W']",True,Destroy all nonland permanents your opponents control.,True,634.0
wake the past,sorcery,rare,Fallout,PIP,True,2024-03-08,2024,[],0,7.0,,,7.0,,"['R', 'W']",True,Return all artifact cards from your graveyard to the battlefield. They gain haste until end of turn.,True,2149.0
basilisk collar,artifact — equipment,rare,Fallout,PIP,True,2024-03-08,2024,['Equip'],1,1.0,,,1.0,,[],False,"Equipped creature has deathtouch and lifelink. (Any amount of damage it deals to a creature is enough to destroy it. Damage dealt by this creature also causes you to gain that much life.)
Equip {2} ({2}: Attach to target creature you control. Equip only as a sorcery.)",True,265.0
bloodforged battle-axe,artifact — equipment,rare,Fallout,PIP,True,2024-03-08,2024,['Equip'],1,1.0,,,1.0,,[],False,"Equipped creature gets +2/+0.
Whenever equipped creature deals combat damage to a player, create a token that's a copy of this Equipment.
Equip {2}",True,1606.0
champion's helm,artifact — equipment,rare,Fallout,PIP,True,2024-03-08,2024,['Equip'],1,3.0,,,3.0,,[],False,"Equipped creature gets +2/+2.
As long as equipped creature is legendary, it has hexproof. (It can't be the target of spells or abilities your opponents control.)
Equip {1}",True,915.0
masterwork of ingenuity,artifact — equipment,rare,Fallout,PIP,True,2024-03-08,2024,[],0,1.0,,,1.0,,[],False,You may have this Equipment enter as a copy of any Equipment on the battlefield.,True,1617.0
mystic forge,artifact,rare,Fallout,PIP,True,2024-03-08,2024,[],0,4.0,,,4.0,,[],False,"You may look at the top card of your library any time.
You may cast artifact spells and colorless spells from the top of your library.
{T}, Pay 1 life: Exile the top card of your library.",True,419.0
panharmonicon,artifact,rare,Fallout,PIP,True,2024-03-08,2024,[],0,4.0,,,4.0,,[],False,"If an artifact or creature entering causes a triggered ability of a permanent you control to trigger, that ability triggers an additional time.",True,267.0
solemn simulacrum,artifact creature — golem,rare,Fallout,PIP,True,2024-03-08,2024,[],0,4.0,2.0,2.0,8.0,,[],False,"When this creature enters, you may search your library for a basic land card, put that card onto the battlefield tapped, then shuffle.
When this creature dies, you may draw a card.",True,33.0
steel overseer,artifact creature — construct,rare,Fallout,PIP,True,2024-03-08,2024,[],0,2.0,1.0,1.0,4.0,,[],False,{T}: Put a +1/+1 counter on each artifact creature you control.,True,853.0
canopy vista,land — forest plains,rare,Fallout,PIP,True,2024-03-08,2024,[],0,0.0,,,0.0,,[],False,"({T}: Add {G} or {W}.)
This land enters tapped unless you control two or more basic lands.",True,103.0
canyon slough,land — swamp mountain,rare,Fallout,PIP,True,2024-03-08,2024,['Cycling'],1,0.0,,,0.0,,[],False,"({T}: Add {B} or {R}.)
This land enters tapped.
Cycling {2} ({2}, Discard this card: Draw a card.)",True,789.0
cinder glade,land — mountain forest,rare,Fallout,PIP,True,2024-03-08,2024,[],0,0.0,,,0.0,,[],False,"({T}: Add {R} or {G}.)
This land enters tapped unless you control two or more basic lands.",True,84.0
clifftop retreat,land,rare,Fallout,PIP,True,2024-03-08,2024,[],0,0.0,,,0.0,,[],False,"This land enters tapped unless you control a Mountain or a Plains.
{T}: Add {R} or {W}.",True,93.0
darkwater catacombs,land,rare,Fallout,PIP,True,2024-03-08,2024,[],0,0.0,,,0.0,,[],False,"{1}, {T}: Add {U}{B}.",True,294.0
dragonskull summit,land,rare,Fallout,PIP,True,2024-03-08,2024,[],0,0.0,,,0.0,,[],False,"This land enters tapped unless you control a Swamp or a Mountain.
{T}: Add {B} or {R}.",True,99.0
drowned catacomb,land,rare,Fallout,PIP,True,2024-03-08,2024,[],0,0.0,,,0.0,,[],False,"This land enters tapped unless you control an Island or a Swamp.
{T}: Add {U} or {B}.",True,114.0
exotic orchard,land,rare,Fallout,PIP,True,2024-03-08,2024,[],0,0.0,,,0.0,,[],False,{T}: Add one mana of any color that a land an opponent controls could produce.,True,9.0
fetid pools,land — island swamp,rare,Fallout,PIP,True,2024-03-08,2024,['Cycling'],1,0.0,,,0.0,,[],False,"({T}: Add {U} or {B}.)
This land enters tapped.
Cycling {2} ({2}, Discard this card: Draw a card.)",True,827.0
glacial fortress,land,rare,Fallout,PIP,True,2024-03-08,2024,[],0,0.0,,,0.0,,[],False,"This land enters tapped unless you control a Plains or an Island.
{T}: Add {W} or {U}.",True,111.0
hinterland harbor,land,rare,Fallout,PIP,True,2024-03-08,2024,[],0,0.0,,,0.0,,[],False,"This land enters tapped unless you control a Forest or an Island.
{T}: Add {G} or {U}.",True,112.0
irrigated farmland,land — plains island,rare,Fallout,PIP,True,2024-03-08,2024,['Cycling'],1,0.0,,,0.0,,[],False,"({T}: Add {W} or {U}.)
This land enters tapped.
Cycling {2} ({2}, Discard this card: Draw a card.)",True,770.0
isolated chapel,land,rare,Fallout,PIP,True,2024-03-08,2024,[],0,0.0,,,0.0,,[],False,"This land enters tapped unless you control a Plains or a Swamp.
{T}: Add {W} or {B}.",True,108.0
mossfire valley,land,rare,Fallout,PIP,True,2024-03-08,2024,[],0,0.0,,,0.0,,[],False,"{1}, {T}: Add {R}{G}.",True,521.0
nesting grounds,land,rare,Fallout,PIP,True,2024-03-08,2024,[],0,0.0,,,0.0,,[],False,"{T}: Add {C}.
{1}, {T}: Move a counter from target permanent you control onto another target permanent. Activate only as a sorcery.",True,677.0
prairie stream,land — plains island,rare,Fallout,PIP,True,2024-03-08,2024,[],0,0.0,,,0.0,,[],False,"({T}: Add {W} or {U}.)
This land enters tapped unless you control two or more basic lands.",True,105.0
rootbound crag,land,rare,Fallout,PIP,True,2024-03-08,2024,[],0,0.0,,,0.0,,[],False,"This land enters tapped unless you control a Mountain or a Forest.
{T}: Add {R} or {G}.",True,144.0
scattered groves,land — forest plains,rare,Fallout,PIP,True,2024-03-08,2024,['Cycling'],1,0.0,,,0.0,,[],False,"({T}: Add {G} or {W}.)
This land enters tapped.
Cycling {2} ({2}, Discard this card: Draw a card.)",True,835.0
scavenger grounds,land — desert,rare,Fallout,PIP,True,2024-03-08,2024,[],0,0.0,,,0.0,,[],False,"{T}: Add {C}.
{2}, {T}, Sacrifice a Desert: Exile all graveyards.",True,316.0
shadowblood ridge,land,rare,Fallout,PIP,True,2024-03-08,2024,[],0,0.0,,,0.0,,[],False,"{1}, {T}: Add {B}{R}.",True,418.0
sheltered thicket,land — mountain forest,rare,Fallout,PIP,True,2024-03-08,2024,['Cycling'],1,0.0,,,0.0,,[],False,"({T}: Add {R} or {G}.)
This land enters tapped.
Cycling {2} ({2}, Discard this card: Draw a card.)",True,671.0
skycloud expanse,land,rare,Fallout,PIP,True,2024-03-08,2024,[],0,0.0,,,0.0,,[],False,"{1}, {T}: Add {W}{U}.",True,363.0
smoldering marsh,land — swamp mountain,rare,Fallout,PIP,True,2024-03-08,2024,[],0,0.0,,,0.0,,[],False,"({T}: Add {B} or {R}.)
This land enters tapped unless you control two or more basic lands.",True,104.0
spire of industry,land,rare,Fallout,PIP,True,2024-03-08,2024,[],0,0.0,,,0.0,,[],False,"{T}: Add {C}.
{T}, Pay 1 life: Add one mana of any color. Activate only if you control an artifact.",True,380.0
sulfur falls,land,rare,Fallout,PIP,True,2024-03-08,2024,[],0,0.0,,,0.0,,[],False,"This land enters tapped unless you control an Island or a Mountain.
{T}: Add {U} or {R}.",True,91.0
sungrass prairie,land,rare,Fallout,PIP,True,2024-03-08,2024,[],0,0.0,,,0.0,,[],False,"{1}, {T}: Add {G}{W}.",True,437.0
sunken hollow,land — island swamp,rare,Fallout,PIP,True,2024-03-08,2024,[],0,0.0,,,0.0,,[],False,"({T}: Add {U} or {B}.)
This land enters tapped unless you control two or more basic lands.",True,80.0
sunpetal grove,land,rare,Fallout,PIP,True,2024-03-08,2024,[],0,0.0,,,0.0,,[],False,"This land enters tapped unless you control a Forest or a Plains.
{T}: Add {G} or {W}.",True,150.0
temple of abandon,land,rare,Fallout,PIP,True,2024-03-08,2024,['Scry'],1,0.0,,,0.0,,[],False,"This land enters tapped.
When this land enters, scry 1. (Look at the top card of your library. You may put that card on the bottom.)
{T}: Add {R} or {G}.",True,429.0
temple of deceit,land,rare,Fallout,PIP,True,2024-03-08,2024,['Scry'],1,0.0,,,0.0,,[],False,"This land enters tapped.
When this land enters, scry 1. (Look at the top card of your library. You may put that card on the bottom.)
{T}: Add {U} or {B}.",True,289.0
temple of enlightenment,land,rare,Fallout,PIP,True,2024-03-08,2024,['Scry'],1,0.0,,,0.0,,[],False,"This land enters tapped.
When this land enters, scry 1. (Look at the top card of your library. You may put that card on the bottom.)
{T}: Add {W} or {U}.",True,292.0
temple of epiphany,land,rare,Fallout,PIP,True,2024-03-08,2024,['Scry'],1,0.0,,,0.0,,[],False,"This land enters tapped.
When this land enters, scry 1. (Look at the top card of your library. You may put that card on the bottom.)
{T}: Add {U} or {R}.",True,258.0
temple of malady,land,rare,Fallout,PIP,True,2024-03-08,2024,['Scry'],1,0.0,,,0.0,,[],False,"This land enters tapped.
When this land enters, scry 1. (Look at the top card of your library. You may put that card on the bottom.)
{T}: Add {B} or {G}.",True,340.0
temple of malice,land,rare,Fallout,PIP,True,2024-03-08,2024,['Scry'],1,0.0,,,0.0,,[],False,"This land enters tapped.
When this land enters, scry 1. (Look at the top card of your library. You may put that card on the bottom.)
{T}: Add {B} or {R}.",True,378.0
temple of mystery,land,rare,Fallout,PIP,True,2024-03-08,2024,['Scry'],1,0.0,,,0.0,,[],False,"This land enters tapped.
When this land enters, scry 1. (Look at the top card of your library. You may put that card on the bottom.)
{T}: Add {G} or {U}.",True,282.0
temple of plenty,land,rare,Fallout,PIP,True,2024-03-08,2024,['Scry'],1,0.0,,,0.0,,[],False,"This land enters tapped.
When this land enters, scry 1. (Look at the top card of your library. You may put that card on the bottom.)
{T}: Add {G} or {W}.",True,444.0
temple of silence,land,rare,Fallout,PIP,True,2024-03-08,2024,['Scry'],1,0.0,,,0.0,,[],False,"This land enters tapped.
When this land enters, scry 1. (Look at the top card of your library. You may put that card on the bottom.)
{T}: Add {W} or {B}.",True,262.0
temple of triumph,land,rare,Fallout,PIP,True,2024-03-08,2024,['Scry'],1,0.0,,,0.0,,[],False,"This land enters tapped.
When this land enters, scry 1. (Look at the top card of your library. You may put that card on the bottom.)
{T}: Add {R} or {W}.",True,277.0
treasure vault,artifact land,rare,Fallout,PIP,True,2024-03-08,2024,['Treasure'],1,0.0,,,0.0,,[],False,"{T}: Add {C}.
{X}{X}, {T}, Sacrifice this land: Create X Treasure tokens.",True,500.0
windbrisk heights,land,rare,Fallout,PIP,True,2024-03-08,2024,['Hideaway'],1,0.0,,,0.0,,[],False,"Hideaway 4 (When this land enters, look at the top four cards of your library, exile one face down, then put the rest on the bottom in a random order.)
This land enters tapped.
{T}: Add {W}.
{W}, {T}: You may play the exiled card without paying its mana cost if you attacked with three or more creatures this turn.",True,635.0
woodland cemetery,land,rare,Fallout,PIP,True,2024-03-08,2024,[],0,0.0,,,0.0,,[],False,"This land enters tapped unless you control a Swamp or a Forest.
{T}: Add {B} or {G}.",True,127.0
strength bobblehead,artifact — bobblehead,uncommon,Fallout,PIP,True,2024-03-08,2024,[],0,3.0,,,3.0,,[],False,"{T}: Add one mana of any color.
{3}, {T}: Put X +1/+1 counters on target creature, where X is the number of Bobbleheads you control. Activate only as a sorcery.",True,5815.0
perception bobblehead,artifact — bobblehead,uncommon,Fallout,PIP,True,2024-03-08,2024,[],0,3.0,,,3.0,,[],False,"{T}: Add one mana of any color.
{3}, {T}: Look at the top X cards of your library, where X is the number of Bobbleheads you control. You may cast a spell with mana value 3 or less from among them without paying its mana cost. Put the rest on the bottom of your library in a random order.",True,5759.0
endurance bobblehead,artifact — bobblehead,uncommon,Fallout,PIP,True,2024-03-08,2024,[],0,3.0,,,3.0,,[],False,"{T}: Add one mana of any color.
{3}, {T}: Up to X target creatures you control get +1/+0 and gain indestructible until end of turn, where X is the number of Bobbleheads you control as you activate this ability. Activate only as a sorcery.",True,5681.0
charisma bobblehead,artifact — bobblehead,uncommon,Fallout,PIP,True,2024-03-08,2024,[],0,3.0,,,3.0,,[],False,"{T}: Add one mana of any color.
{4}, {T}: Create X 1/1 white Soldier creature tokens, where X is the number of Bobbleheads you control. Activate only as a sorcery.",True,5746.0
intelligence bobblehead,artifact — bobblehead,uncommon,Fallout,PIP,True,2024-03-08,2024,[],0,3.0,,,3.0,,[],False,"{T}: Add one mana of any color.
{5}, {T}: Draw X cards, where X is the number of Bobbleheads you control.",True,5740.0
agility bobblehead,artifact — bobblehead,uncommon,Fallout,PIP,True,2024-03-08,2024,[],0,3.0,,,3.0,,[],False,"{T}: Add one mana of any color.
{3}, {T}: Up to X target creatures you control each gain haste until end of turn and can't be blocked this turn except by creatures with haste, where X is the number of Bobbleheads you control as you activate this ability.",True,4901.0
luck bobblehead,artifact — bobblehead,uncommon,Fallout,PIP,True,2024-03-08,2024,['Treasure'],1,3.0,,,3.0,,[],False,"{T}: Add one mana of any color.
{1}, {T}: Roll X six-sided dice, where X is the number of Bobbleheads you control. Create a tapped Treasure token for each even result. If you rolled 6 exactly seven times, you win the game.",True,4341.0
"caesar, legion's emperor",legendary creature — human soldier,mythic,Fallout,PIP,True,2024-03-08,2024,[],0,4.0,4.0,4.0,12.0,,"['B', 'R', 'W']",True,"Whenever you attack, you may sacrifice another creature. When you do, choose two -
• Create two 1/1 red and white Soldier creature tokens with haste that are tapped and attacking.
• You draw a card and you lose 1 life.
• Caesar deals damage equal to the number of creature tokens you control to target opponent.",True,2678.0
"dogmeat, ever loyal",legendary creature — dog,mythic,Fallout,PIP,True,2024-03-08,2024,['Mill'],1,3.0,3.0,3.0,9.0,,"['G', 'R', 'W']",True,"When Dogmeat enters, mill five cards, then return an Aura or Equipment card from your graveyard to your hand.
Whenever a creature you control that's enchanted or equipped attacks, create a Junk token. (It's an artifact with ""{T}, Sacrifice this token: Exile the top card of your library. You may play that card this turn. Activate only as a sorcery."")",True,8136.0
dr. madison li,legendary creature — human scientist,mythic,Fallout,PIP,True,2024-03-08,2024,[],0,3.0,2.0,3.0,8.0,,"['R', 'U', 'W']",True,"Whenever you cast an artifact spell, you get {E} (an energy counter).
{T}, Pay {E}: Target creature gets +1/+0 and gains trample and haste until end of turn.
{T}, Pay {E}{E}{E}: Draw a card.
{T}, Pay {E}{E}{E}{E}{E}: Return target artifact card from your graveyard to the battlefield tapped.",True,5817.0
the wise mothman,legendary creature — insect mutant,mythic,Fallout,PIP,True,2024-03-08,2024,['Flying'],1,4.0,3.0,3.0,10.0,,"['B', 'G', 'U']",True,"Flying
Whenever The Wise Mothman enters or attacks, each player gets a rad counter.
Whenever one or more nonland cards are milled, put a +1/+1 counter on each of up to X target creatures, where X is the number of nonland cards milled this way.",True,3548.0
war room,land,rare,Fallout,PIP,True,2024-03-08,2024,[],0,0.0,,,0.0,,[],False,"{T}: Add {C}.
{3}, {T}, Pay life equal to the number of colors in your commanders' color identity: Draw a card.",True,145.0
don't move,sorcery,rare,Jurassic World Collection,REX,True,2023-11-17,2023,[],0,5.0,,,5.0,,['W'],False,"Destroy all tapped creatures. Until your next turn, whenever a creature becomes tapped, destroy it.",True,6733.0
cresting mosasaurus,creature — dinosaur,rare,Jurassic World Collection,REX,True,2023-11-17,2023,['Emerge'],1,8.0,4.0,8.0,20.0,,['U'],False,"Emerge {6}{U} (You may cast this spell by sacrificing a creature and paying the emerge cost reduced by that creature's mana value.)
When this creature enters, if you cast it, return each non-Dinosaur creature to its owner's hand.",True,10150.0
spitting dilophosaurus,creature — dinosaur,rare,Jurassic World Collection,REX,True,2023-11-17,2023,[],0,3.0,3.0,2.0,8.0,,['B'],False,"Whenever this creature enters or attacks, put a -1/-1 counter on up to one target creature.
Creatures your opponents control with -1/-1 counters on them can't block.",True,5788.0
hunting velociraptor,creature — dinosaur,rare,Jurassic World Collection,REX,True,2023-11-17,2023,['First strike'],1,3.0,3.0,2.0,8.0,,['R'],False,"First strike
Dinosaur spells you cast have prowl {2}{R}. (You may cast a spell for its prowl cost if you dealt combat damage to a player this turn with a creature with any of its creature types.)",True,3569.0
life finds a way,enchantment,rare,Jurassic World Collection,REX,True,2023-11-17,2023,['Populate'],1,3.0,,,3.0,,['G'],False,"Whenever a nontoken creature you control with power 4 or greater enters, populate. (Create a token that's a copy of a creature token you control.)",True,7707.0
savage order,sorcery,rare,Jurassic World Collection,REX,True,2023-11-17,2023,[],0,4.0,,,4.0,,['G'],False,"As an additional cost to cast this spell, sacrifice a creature with power 4 or greater.
Search your library for a Dinosaur creature card, put it onto the battlefield, then shuffle. It gains indestructible until your next turn.",True,4817.0
welcome to . . . // jurassic park,enchantment — saga,rare,Jurassic World Collection,REX,True,2023-11-17,2023,['Transform'],1,3.0,,,3.0,,['G'],False,"(As this Saga enters and after your draw step, add a lore counter.)
I - For each opponent, up to one target noncreature artifact they control becomes a 0/4 Wall artifact creature with defender for as long as you control this Saga.
II - Create a 3/3 green Dinosaur creature token with trample. It gains haste until end of turn.
III - Destroy all Walls. Exile this Saga, then return it to the battlefield transformed under your control.",True,4737.0
welcome to . . . // jurassic park,legendary land,rare,Jurassic World Collection,REX,True,2023-11-17,2023,['Transform'],1,3.0,,,3.0,,[],False,"(Transforms from Welcome to ....)
Each Dinosaur card in your graveyard has escape. The escape cost is equal to the card's mana cost plus exile three other cards from your graveyard. (You may cast cards from your graveyard for their escape cost.)
{T}: Add {G} for each Dinosaur you control.",True,4737.0
"blue, loyal raptor",legendary creature — dinosaur,rare,Jurassic World Collection,REX,True,2023-11-17,2023,"['Partner', 'Partner with']",2,4.0,5.0,4.0,13.0,,"['G', 'U']",True,"Partner with Owen Grady, Raptor Trainer (When this creature enters, target player may put Owen into their hand from their library, then shuffle.)
For each kind of counter on Blue, Loyal Raptor, each other Dinosaur you control enters with a counter of that kind on it.",True,20235.0
compy swarm,creature — dinosaur,rare,Jurassic World Collection,REX,True,2023-11-17,2023,[],0,3.0,2.0,2.0,7.0,,"['B', 'G']",True,"At the beginning of your end step, if a creature died this turn, create a tapped token that's a copy of this creature.",True,6483.0
"ellie and alan, paleontologists",legendary creature — human scientist,rare,Jurassic World Collection,REX,True,2023-11-17,2023,['Discover'],1,5.0,2.0,5.0,12.0,,"['G', 'U', 'W']",True,"{T}, Exile a creature card from your graveyard: Discover X, where X is the mana value of the exiled card. Activate only as a sorcery. (Exile cards from the top of your library until you exile a nonland card with that mana value or less. Cast it without paying its mana cost or put it into your hand. Put the rest on the bottom in a random order.)",True,12955.0
grim giganotosaurus,creature — dinosaur,rare,Jurassic World Collection,REX,True,2023-11-17,2023,['Monstrosity'],1,7.0,10.0,10.0,27.0,,"['B', 'G']",True,"{10}{B}{G}: Monstrosity 10. This ability costs {1} less to activate for each creature with power 4 or greater your opponents control. (If this creature isn't monstrous, put ten +1/+1 counters on it and it becomes monstrous.)
When this creature becomes monstrous, destroy all artifacts and creatures other than this creature.",True,12791.0
"henry wu, ingen geneticist",legendary creature — human scientist,rare,Jurassic World Collection,REX,True,2023-11-17,2023,['Treasure'],1,3.0,1.0,4.0,8.0,,"['B', 'G', 'U']",True,"Henry Wu and other Human creatures you control have exploit. (When a creature with exploit enters, you may sacrifice a creature.)
Whenever a creature you control exploits a non-Human creature, draw a card. If the exploited creature had power 3 or greater, create a Treasure token.",True,17883.0
"ian malcolm, chaotician",legendary creature — human scientist,rare,Jurassic World Collection,REX,True,2023-11-17,2023,[],0,3.0,2.0,2.0,7.0,,"['R', 'U']",True,"Whenever a player draws their second card each turn, that player exiles the top card of their library.
During each player's turn, that player may cast a spell from among the cards they don't own exiled with Ian Malcolm, and mana of any type can be spent to cast it.",True,10178.0
"indominus rex, alpha",legendary creature — dinosaur mutant,rare,Jurassic World Collection,REX,True,2023-11-17,2023,[],0,5.0,6.0,6.0,17.0,,"['B', 'G', 'U']",True,"As Indominus Rex enters, discard any number of creature cards. It enters with a flying counter on it if a card discarded this way has flying. The same is true for first strike, double strike, deathtouch, hexproof, haste, indestructible, lifelink, menace, reach, trample, and vigilance.
When Indominus Rex enters, draw a card for each counter on it.",True,9390.0
"indoraptor, the perfect hybrid",legendary creature — dinosaur mutant,rare,Jurassic World Collection,REX,True,2023-11-17,2023,"['Bloodthirst', 'Enrage', 'Menace']",3,3.0,3.0,1.0,7.0,,"['B', 'G', 'R']",True,"Bloodthirst X (This creature enters with X +1/+1 counters on it, where X is the damage dealt to your opponents this turn.)
Menace
Enrage - Whenever Indoraptor is dealt damage, choose an opponent at random. Indoraptor deals damage equal to its power to that player unless they sacrifice a nontoken creature of their choice.",True,8431.0
"owen grady, raptor trainer",legendary creature — human soldier scientist,rare,Jurassic World Collection,REX,True,2023-11-17,2023,"['Partner', 'Partner with']",2,3.0,3.0,2.0,8.0,,"['G', 'R']",True,"Partner with Blue, Loyal Raptor
{T}: Put your choice of a menace, trample, reach, or haste counter on target Dinosaur. Activate only as a sorcery.",True,10754.0
permission denied,instant,rare,Jurassic World Collection,REX,True,2023-11-17,2023,[],0,2.0,,,2.0,,"['U', 'W']",True,Counter target noncreature spell. Your opponents can't cast noncreature spells this turn.,True,3791.0
ravenous tyrannosaurus,creature — dinosaur,rare,Jurassic World Collection,REX,True,2023-11-17,2023,['Devour'],1,6.0,6.0,6.0,18.0,,"['G', 'R']",True,"Devour 3 (As this creature enters, you may sacrifice any number of creatures. It enters with three times that many +1/+1 counters on it.)
Whenever this creature attacks, it deals damage equal to its power to up to one other target creature. Excess damage is dealt to that creature's controller instead.",True,4642.0
swooping pteranodon,creature — dinosaur,rare,Jurassic World Collection,REX,True,2023-11-17,2023,"['Flying', 'Haste']",2,5.0,3.0,3.0,11.0,,"['R', 'W']",True,"Flying, haste
Whenever this creature or another Dinosaur you control with flying enters, gain control of target creature an opponent controls until end of turn. Untap that creature. It gains flying and haste until end of turn. At the beginning of the next end step, target land deals 3 damage to that creature.",True,8704.0
dino dna,artifact,rare,Jurassic World Collection,REX,True,2023-11-17,2023,['Imprint'],1,1.0,,,1.0,,[],False,"Imprint - {1}, {T}: Exile target creature card from a graveyard. Activate only as a sorcery.
{6}: Create a token that's a copy of target creature card exiled with this artifact, except it's a 6/6 green Dinosaur creature with trample. Activate only as a sorcery.",True,5563.0
plains // plains,basic land — plains,common,Jurassic World Collection,REX,True,2023-11-17,2023,[],0,0.0,,,0.0,,[],False,({T}: Add {W}.),True,
plains // plains,basic land — plains,common,Jurassic World Collection,REX,True,2023-11-17,2023,[],0,0.0,,,0.0,,[],False,({T}: Add {W}.),True,
island // island,basic land — island,common,Jurassic World Collection,REX,True,2023-11-17,2023,[],0,0.0,,,0.0,,[],False,({T}: Add {U}.),True,
island // island,basic land — island,common,Jurassic World Collection,REX,True,2023-11-17,2023,[],0,0.0,,,0.0,,[],False,({T}: Add {U}.),True,
swamp // swamp,basic land — swamp,common,Jurassic World Collection,REX,True,2023-11-17,2023,[],0,0.0,,,0.0,,[],False,({T}: Add {B}.),True,
swamp // swamp,basic land — swamp,common,Jurassic World Collection,REX,True,2023-11-17,2023,[],0,0.0,,,0.0,,[],False,({T}: Add {B}.),True,
mountain // mountain,basic land — mountain,common,Jurassic World Collection,REX,True,2023-11-17,2023,[],0,0.0,,,0.0,,[],False,({T}: Add {R}.),True,
mountain // mountain,basic land — mountain,common,Jurassic World Collection,REX,True,2023-11-17,2023,[],0,0.0,,,0.0,,[],False,({T}: Add {R}.),True,
forest // forest,basic land — forest,common,Jurassic World Collection,REX,True,2023-11-17,2023,[],0,0.0,,,0.0,,[],False,({T}: Add {G}.),True,
forest // forest,basic land — forest,common,Jurassic World Collection,REX,True,2023-11-17,2023,[],0,0.0,,,0.0,,[],False,({T}: Add {G}.),True,
command tower // command tower,land,common,Jurassic World Collection,REX,True,2023-11-17,2023,[],0,0.0,,,0.0,,[],False,{T}: Add one mana of any color in your commander's color identity.,True,2.0
command tower // command tower,land,common,Jurassic World Collection,REX,True,2023-11-17,2023,[],0,0.0,,,0.0,,[],False,{T}: Add one mana of any color in your commander's color identity.,True,2.0
don't move,sorcery,rare,Jurassic World Collection,REX,True,2023-11-17,2023,[],0,5.0,,,5.0,,['W'],False,"Destroy all tapped creatures. Until your next turn, whenever a creature becomes tapped, destroy it.",True,6733.0
cresting mosasaurus,creature — dinosaur,rare,Jurassic World Collection,REX,True,2023-11-17,2023,['Emerge'],1,8.0,4.0,8.0,20.0,,['U'],False,"Emerge {6}{U} (You may cast this spell by sacrificing a creature and paying the emerge cost reduced by that creature's mana value.)
When this creature enters, if you cast it, return each non-Dinosaur creature to its owner's hand.",True,10150.0
spitting dilophosaurus,creature — dinosaur,rare,Jurassic World Collection,REX,True,2023-11-17,2023,[],0,3.0,3.0,2.0,8.0,,['B'],False,"Whenever this creature enters or attacks, put a -1/-1 counter on up to one target creature.
Creatures your opponents control with -1/-1 counters on them can't block.",True,5788.0
hunting velociraptor,creature — dinosaur,rare,Jurassic World Collection,REX,True,2023-11-17,2023,['First strike'],1,3.0,3.0,2.0,8.0,,['R'],False,"First strike
Dinosaur spells you cast have prowl {2}{R}. (You may cast a spell for its prowl cost if you dealt combat damage to a player this turn with a creature with any of its creature types.)",True,3569.0
life finds a way,enchantment,rare,Jurassic World Collection,REX,True,2023-11-17,2023,['Populate'],1,3.0,,,3.0,,['G'],False,"Whenever a nontoken creature you control with power 4 or greater enters, populate. (Create a token that's a copy of a creature token you control.)",True,7707.0
savage order,sorcery,rare,Jurassic World Collection,REX,True,2023-11-17,2023,[],0,4.0,,,4.0,,['G'],False,"As an additional cost to cast this spell, sacrifice a creature with power 4 or greater.
Search your library for a Dinosaur creature card, put it onto the battlefield, then shuffle. It gains indestructible until your next turn.",True,4817.0
"blue, loyal raptor",legendary creature — dinosaur,rare,Jurassic World Collection,REX,True,2023-11-17,2023,"['Partner', 'Partner with']",2,4.0,5.0,4.0,13.0,,"['G', 'U']",True,"Partner with Owen Grady, Raptor Trainer (When this creature enters, target player may put Owen into their hand from their library, then shuffle.)
For each kind of counter on Blue, Loyal Raptor, each other Dinosaur you control enters with a counter of that kind on it.",True,20235.0
compy swarm,creature — dinosaur,rare,Jurassic World Collection,REX,True,2023-11-17,2023,[],0,3.0,2.0,2.0,7.0,,"['B', 'G']",True,"At the beginning of your end step, if a creature died this turn, create a tapped token that's a copy of this creature.",True,6483.0
"ellie and alan, paleontologists",legendary creature — human scientist,rare,Jurassic World Collection,REX,True,2023-11-17,2023,['Discover'],1,5.0,2.0,5.0,12.0,,"['G', 'U', 'W']",True,"{T}, Exile a creature card from your graveyard: Discover X, where X is the mana value of the exiled card. Activate only as a sorcery. (Exile cards from the top of your library until you exile a nonland card with that mana value or less. Cast it without paying its mana cost or put it into your hand. Put the rest on the bottom in a random order.)",True,12955.0
grim giganotosaurus,creature — dinosaur,rare,Jurassic World Collection,REX,True,2023-11-17,2023,['Monstrosity'],1,7.0,10.0,10.0,27.0,,"['B', 'G']",True,"{10}{B}{G}: Monstrosity 10. This ability costs {1} less to activate for each creature with power 4 or greater your opponents control. (If this creature isn't monstrous, put ten +1/+1 counters on it and it becomes monstrous.)
When this creature becomes monstrous, destroy all artifacts and creatures other than this creature.",True,12791.0
"henry wu, ingen geneticist",legendary creature — human scientist,rare,Jurassic World Collection,REX,True,2023-11-17,2023,['Treasure'],1,3.0,1.0,4.0,8.0,,"['B', 'G', 'U']",True,"Henry Wu and other Human creatures you control have exploit. (When a creature with exploit enters, you may sacrifice a creature.)
Whenever a creature you control exploits a non-Human creature, draw a card. If the exploited creature had power 3 or greater, create a Treasure token.",True,17883.0
"ian malcolm, chaotician",legendary creature — human scientist,rare,Jurassic World Collection,REX,True,2023-11-17,2023,[],0,3.0,2.0,2.0,7.0,,"['R', 'U']",True,"Whenever a player draws their second card each turn, that player exiles the top card of their library.
During each player's turn, that player may cast a spell from among the cards they don't own exiled with Ian Malcolm, and mana of any type can be spent to cast it.",True,10178.0
"indominus rex, alpha",legendary creature — dinosaur mutant,rare,Jurassic World Collection,REX,True,2023-11-17,2023,[],0,5.0,6.0,6.0,17.0,,"['B', 'G', 'U']",True,"As Indominus Rex enters, discard any number of creature cards. It enters with a flying counter on it if a card discarded this way has flying. The same is true for first strike, double strike, deathtouch, hexproof, haste, indestructible, lifelink, menace, reach, trample, and vigilance.
When Indominus Rex enters, draw a card for each counter on it.",True,9390.0
"indoraptor, the perfect hybrid",legendary creature — dinosaur mutant,rare,Jurassic World Collection,REX,True,2023-11-17,2023,"['Bloodthirst', 'Enrage', 'Menace']",3,3.0,3.0,1.0,7.0,,"['B', 'G', 'R']",True,"Bloodthirst X (This creature enters with X +1/+1 counters on it, where X is the damage dealt to your opponents this turn.)
Menace
Enrage - Whenever Indoraptor is dealt damage, choose an opponent at random. Indoraptor deals damage equal to its power to that player unless they sacrifice a nontoken creature of their choice.",True,8431.0
"owen grady, raptor trainer",legendary creature — human soldier scientist,rare,Jurassic World Collection,REX,True,2023-11-17,2023,"['Partner', 'Partner with']",2,3.0,3.0,2.0,8.0,,"['G', 'R']",True,"Partner with Blue, Loyal Raptor
{T}: Put your choice of a menace, trample, reach, or haste counter on target Dinosaur. Activate only as a sorcery.",True,10754.0
permission denied,instant,rare,Jurassic World Collection,REX,True,2023-11-17,2023,[],0,2.0,,,2.0,,"['U', 'W']",True,Counter target noncreature spell. Your opponents can't cast noncreature spells this turn.,True,3791.0
ravenous tyrannosaurus,creature — dinosaur,rare,Jurassic World Collection,REX,True,2023-11-17,2023,['Devour'],1,6.0,6.0,6.0,18.0,,"['G', 'R']",True,"Devour 3 (As this creature enters, you may sacrifice any number of creatures. It enters with three times that many +1/+1 counters on it.)
Whenever this creature attacks, it deals damage equal to its power to up to one other target creature. Excess damage is dealt to that creature's controller instead.",True,4642.0
swooping pteranodon,creature — dinosaur,rare,Jurassic World Collection,REX,True,2023-11-17,2023,"['Flying', 'Haste']",2,5.0,3.0,3.0,11.0,,"['R', 'W']",True,"Flying, haste
Whenever this creature or another Dinosaur you control with flying enters, gain control of target creature an opponent controls until end of turn. Untap that creature. It gains flying and haste until end of turn. At the beginning of the next end step, target land deals 3 damage to that creature.",True,8704.0
dino dna,artifact,rare,Jurassic World Collection,REX,True,2023-11-17,2023,['Imprint'],1,1.0,,,1.0,,[],False,"Imprint - {1}, {T}: Exile target creature card from a graveyard. Activate only as a sorcery.
{6}: Create a token that's a copy of target creature card exiled with this artifact, except it's a 6/6 green Dinosaur creature with trample. Activate only as a sorcery.",True,5563.0
"davros, dalek creator",legendary artifact creature — alien scientist,mythic,Doctor Who,WHO,True,2023-10-13,2023,['Menace'],1,4.0,3.0,4.0,11.0,,"['B', 'R', 'U']",True,"Menace
At the beginning of your end step, create a 3/3 black Dalek artifact creature token with menace if an opponent lost 3 or more life this turn. Then each opponent who lost 3 or more life this turn faces a villainous choice - You draw a card, or that player discards a card.",True,7339.0
the fourth doctor,legendary creature — time lord doctor,mythic,Doctor Who,WHO,True,2023-10-13,2023,['Food'],1,4.0,4.0,4.0,12.0,,"['G', 'U']",True,"You may look at the top card of your library any time.
Would You Like A...? - Once each turn, you may play a historic land or cast a historic spell from the top of your library. When you do, create a Food token. (Artifacts, legendaries, and Sagas are historic.)",True,8404.0
the tenth doctor,legendary creature — time lord doctor,mythic,Doctor Who,WHO,True,2023-10-13,2023,"['Allons-y!', 'Time Travel', 'Timey-Wimey']",3,5.0,3.0,5.0,13.0,,"['R', 'U']",True,"Allons-y! - Whenever you attack, exile cards from the top of your library until you exile a nonland card. Put three time counters on it. If it doesn't have suspend, it gains suspend.
Timey-Wimey - {7}: Time travel three times. Activate only as a sorcery. (For each suspended card you own and each permanent you control with a time counter on it, you may add or remove a time counter. Then do it two more times.)",True,5385.0
the thirteenth doctor,legendary creature — time lord doctor,mythic,Doctor Who,WHO,True,2023-10-13,2023,"['Paradox', 'Team TARDIS']",2,3.0,2.0,2.0,7.0,,"['G', 'U']",True,"Paradox - Whenever you cast a spell from anywhere other than your hand, put a +1/+1 counter on target creature.
Team TARDIS - At the beginning of your end step, untap each creature you control with a counter on it.",True,4263.0
rose tyler,legendary creature — human,rare,Doctor Who,WHO,True,2023-10-13,2023,"['Bad Wolf', ""Doctor's companion""]",2,2.0,2.0,2.0,6.0,,['W'],False,"Rose Tyler gets +1/+1 for each time counter on it.
Bad Wolf - Whenever Rose Tyler attacks, put a time counter on it for each suspended card you own and each other permanent you control with a time counter on it.
Doctor's companion (You can have two commanders if the other is the Doctor.)",True,15095.0
sarah jane smith,legendary creature — human detective,rare,Doctor Who,WHO,True,2023-10-13,2023,"[""Doctor's companion"", 'Investigate']",2,2.0,2.0,1.0,5.0,,['W'],False,"Whenever you cast a historic spell, investigate. This ability triggers only once each turn. (Artifacts, legendaries, and Sagas are historic. To investigate, create a Clue token. It's an artifact with ""{2}, Sacrifice this token: Draw a card."")
Doctor's companion (You can have two commanders if the other is the Doctor.)",True,7821.0
yasmin khan,legendary creature — human detective,rare,Doctor Who,WHO,True,2023-10-13,2023,"[""Doctor's companion""]",1,4.0,3.0,3.0,10.0,,['R'],False,"{T}: Exile the top card of your library. Until your next end step, you may play it.
Doctor's companion (You can have two commanders if the other is the Doctor.)",True,13475.0
missy,legendary creature — time lord rogue,rare,Doctor Who,WHO,True,2023-10-13,2023,[],0,6.0,4.0,5.0,15.0,,"['B', 'R', 'U']",True,"Whenever another nonartifact creature dies, return it to the battlefield under your control face down and tapped. It's a 2/2 Cyberman artifact creature.
At the beginning of your end step, each opponent faces a villainous choice - Each artifact creature you control deals 1 damage to that opponent, or you draw a card and chaos ensues.",True,9127.0
clara oswald,legendary creature — human advisor,rare,Doctor Who,WHO,True,2023-10-13,2023,"[""Doctor's companion"", 'Impossible Girl']",2,6.0,2.0,6.0,14.0,,[],False,"Impossible Girl - If Clara Oswald is your commander, choose a color before the game begins. Clara Oswald is the chosen color.
If a triggered ability of a Doctor you control triggers, that ability triggers an additional time.
Doctor's companion (You can have two commanders if the other is the Doctor.)",True,11120.0
adipose offspring,creature — alien,rare,Doctor Who,WHO,True,2023-10-13,2023,['Emerge'],1,4.0,2.0,2.0,8.0,,['W'],False,"Emerge {5}{W} (You may cast this spell by sacrificing a creature and paying the emerge cost reduced by that creature's mana value.)
When this creature enters, create a 2/2 white Alien creature token. If this creature's emerge cost was paid, instead create X of those tokens, where X is the sacrificed creature's toughness.",True,16103.0
astrid peth,legendary creature — human,rare,Doctor Who,WHO,True,2023-10-13,2023,"['Brand-new Sky', 'Explore', 'Food']",3,2.0,2.0,2.0,6.0,,['W'],False,"Whenever Astrid Peth enters or attacks, create a Food token.
Brand-new Sky - Whenever you sacrifice a Clue or Food, Astrid Peth explores. (Reveal the top card of your library. Put that card into your hand if it's a land. Otherwise, put a +1/+1 counter on this creature, then put the card back or put it into your graveyard.)",True,5255.0
atraxi warden,creature — alien eye,uncommon,Doctor Who,WHO,True,2023-10-13,2023,"['Flying', 'Suspend']",2,6.0,6.0,6.0,18.0,,['W'],False,"Flying
When this creature enters, exile up to one target tapped creature.
Suspend 5-{1}{W} (Rather than cast this card from your hand, you may pay {1}{W} and exile it with five time counters on it. At the beginning of your upkeep, remove a time counter. When the last is removed, you may cast it without paying its mana cost. It has haste.)",True,13886.0
banish to another universe,enchantment,uncommon,Doctor Who,WHO,True,2023-10-13,2023,['Affinity'],1,5.0,,,5.0,,['W'],False,"Affinity for historic permanents (This spell costs {1} less to cast for each artifact, legendary, and/or Saga permanent you control.)
When this enchantment enters, exile target nonland permanent an opponent controls until this enchantment leaves the battlefield.",True,13248.0
barbara wright,legendary creature — human advisor,rare,Doctor Who,WHO,True,2023-10-13,2023,"[""Doctor's companion"", 'History Teacher']",2,2.0,1.0,3.0,6.0,,['W'],False,"History Teacher - Sagas you control have read ahead. (As a Saga enters, choose a chapter and start with that many lore counters. Skipped chapters don't trigger.)
Doctor's companion (You can have two commanders if the other is the Doctor.)",True,6921.0
the caves of androzani,enchantment — saga,rare,Doctor Who,WHO,True,2023-10-13,2023,[],0,4.0,,,4.0,,['W'],False,"(As this Saga enters and after your draw step, add a lore counter. Sacrifice after IV.)
I - Put two stun counters on each of up to two target tapped creatures.
II, III - For each non-Saga permanent, choose a counter on it. You may put an additional counter of that kind on that permanent.
IV - Search your library for a Doctor card, reveal it, put it into your hand, then shuffle.",True,15850.0
crack in time,enchantment,rare,Doctor Who,WHO,True,2023-10-13,2023,['Vanishing'],1,4.0,,,4.0,,['W'],False,"Vanishing 3 (This enchantment enters with three time counters on it. At the beginning of your upkeep, remove a time counter from it. When the last is removed, sacrifice it.)
When this enchantment enters and at the beginning of your first main phase, exile target creature an opponent controls until this enchantment leaves the battlefield.",True,12038.0
crisis of conscience,sorcery,rare,Doctor Who,WHO,True,2023-10-13,2023,[],0,6.0,,,6.0,,['W'],False,"Choose one -
• Destroy all tokens.
• Destroy all nonland, nontoken permanents.",True,11297.0
everybody lives!,instant,rare,Doctor Who,WHO,True,2023-10-13,2023,[],0,2.0,,,2.0,,['W'],False,All creatures gain hexproof and indestructible until end of turn. Players gain hexproof until end of turn. Players can't lose life this turn and players can't lose the game or win the game this turn.,True,1892.0
everything comes to dust,sorcery,rare,Doctor Who,WHO,True,2023-10-13,2023,['Convoke'],1,10.0,,,10.0,,['W'],False,"Convoke (Your creatures can help cast this spell. Each creature you tap while casting this spell pays for {1} or one mana of that creature's color.)
Exile all creatures except those that share a creature type with a creature that convoked this spell, all artifacts, and all enchantments.",True,4115.0
four knocks,enchantment,rare,Doctor Who,WHO,True,2023-10-13,2023,['Vanishing'],1,3.0,,,3.0,,['W'],False,"Vanishing 4 (This enchantment enters with four time counters on it. At the beginning of your upkeep, remove a time counter from it. When the last is removed, sacrifice it.)
At the beginning of your first main phase, draw a card.",True,7560.0
the girl in the fireplace,enchantment — saga,rare,Doctor Who,WHO,True,2023-10-13,2023,['Time Travel'],1,3.0,,,3.0,,['W'],False,"(As this Saga enters and after your draw step, add a lore counter. Sacrifice after III.)
I - Create a 1/1 white Human Noble creature token with vanishing 3 and ""Prevent all damage that would be dealt to this token.""
II - Create a 2/2 white Horse creature token with ""Doctors you control have horsemanship."" (They can't be blocked except by creatures with horsemanship.)
III - Whenever a creature you control deals combat damage to a player this turn, time travel.",True,11833.0
ian chesterton,legendary creature — human scientist,rare,Doctor Who,WHO,True,2023-10-13,2023,"[""Doctor's companion"", 'Science Teacher']",2,3.0,2.0,3.0,8.0,,['W'],False,"Science Teacher - Each Saga spell you cast has replicate. The replicate cost is equal to its mana cost. (When you cast that Saga, copy it for each time you paid its replicate cost. Copies of Saga spells become tokens.)
Doctor's companion (You can have two commanders if the other is the Doctor.)",True,11345.0
jo grant,legendary creature — human soldier,rare,Doctor Who,WHO,True,2023-10-13,2023,"[""Doctor's companion""]",1,3.0,3.0,2.0,8.0,,['W'],False,"Each historic card in your hand has cycling {2}{W}. ({2}{W}, Discard that card: Draw a card.)
Whenever you cycle a card, put a +1/+1 counter on Jo Grant.
Doctor's companion (You can have two commanders if the other is the Doctor.)",True,14210.0
the night of the doctor,enchantment — saga,rare,Doctor Who,WHO,True,2023-10-13,2023,[],0,6.0,,,6.0,,['W'],False,"(As this Saga enters and after your draw step, add a lore counter. Sacrifice after II.)
I - Destroy all creatures.
II - Return target legendary creature card from your graveyard to the battlefield. Put your choice of a first strike, vigilance, or lifelink counter on it.",True,8342.0
the pandorica,legendary artifact,rare,Doctor Who,WHO,True,2023-10-13,2023,[],0,3.0,,,3.0,,['W'],False,"You may choose not to untap The Pandorica during your untap step.
{1}{W}, {T}: Untap another target nonland permanent, then it phases out. It can't phase in for as long as The Pandorica remains tapped. When The Pandorica becomes untapped or leaves the battlefield, that permanent phases in. Activate only as a sorcery.",True,12068.0
peri brown,legendary creature — human,rare,Doctor Who,WHO,True,2023-10-13,2023,"[""Doctor's companion""]",1,4.0,2.0,3.0,9.0,,['W'],False,"The first historic spell you cast each turn has convoke. (Your creatures can help cast it. Each creature you tap while casting it pays for {1} or one mana of that creature's color.)
Doctor's companion (You can have two commanders if the other is the Doctor.)",True,11613.0
romana ii,legendary creature — time lord scientist,rare,Doctor Who,WHO,True,2023-10-13,2023,"[""Doctor's companion"", 'Vigilance']",2,4.0,3.0,3.0,10.0,,['W'],False,"Vigilance
{1}, {T}: Create a tapped token that's a copy of target token that entered this turn.
Doctor's companion (You can have two commanders if the other is the Doctor.)",True,14062.0
tegan jovanka,legendary creature — human,rare,Doctor Who,WHO,True,2023-10-13,2023,"['Brave Heart', ""Doctor's companion""]",2,3.0,2.0,2.0,7.0,,['W'],False,"Brave Heart - Whenever you attack, target attacking historic creature gets +1/+1 and gains indestructible until end of turn. (Artifacts, legendaries, and Sagas are historic.)
Doctor's companion (You can have two commanders if the other is the Doctor.)",True,10709.0
trial of a time lord,enchantment — saga,rare,Doctor Who,WHO,True,2023-10-13,2023,[],0,3.0,,,3.0,,['W'],False,"(As this Saga enters and after your draw step, add a lore counter. Sacrifice after IV.)
I, II, III - Exile target nontoken creature an opponent controls until this Saga leaves the battlefield.
IV - Starting with you, each player votes for innocent or guilty. If guilty gets more votes, the owner of each card exiled with this Saga puts that card on the bottom of their library.",True,9479.0
the war games,enchantment — saga,rare,Doctor Who,WHO,True,2023-10-13,2023,['Goad'],1,4.0,,,4.0,,['W'],False,"(As this Saga enters and after your draw step, add a lore counter. Sacrifice after IV.)
I - Each player creates three tapped 1/1 white Warrior creature tokens. The tokens are goaded for as long as this Saga remains on the battlefield.
II, III - Put a +1/+1 counter on each Warrior creature.
IV - You may exile a nontoken creature you control. When you do, exile all Warriors.",True,12600.0
the wedding of river song,sorcery,rare,Doctor Who,WHO,True,2023-10-13,2023,['Time Travel'],1,3.0,,,3.0,,['W'],False,"Draw two cards, then you may exile a nonland card from your hand with a number of time counters on it equal to its mana value. Then target opponent does the same. Cards exiled this way that don't have suspend gain suspend.
Time travel. (For each suspended card you own and each permanent you control with a time counter on it, you may add or remove a time counter.)",True,9719.0
wilfred mott,legendary creature — human soldier,rare,Doctor Who,WHO,True,2023-10-13,2023,['Look to the Stars'],1,4.0,2.0,4.0,10.0,,['W'],False,"Look to the Stars - At the beginning of your upkeep, put a time counter on Wilfred Mott. Then look at the top X cards of your library, where X is the number of time counters on Wilfred Mott. You may put a nonland permanent card with mana value 3 or less from among them onto the battlefield. Put the rest on the bottom of your library in a random order.",True,11177.0
"adric, mathematical genius",legendary creature — human artificer,rare,Doctor Who,WHO,True,2023-10-13,2023,"[""Doctor's companion"", 'Ultimate Sacrifice']",2,2.0,1.0,1.0,4.0,,['U'],False,"{2}{U}, {T}: Copy target activated or triggered ability you control. You may choose new targets for the copy.
Ultimate Sacrifice - {1}{U}, Sacrifice Adric: Counter target activated or triggered ability.
Doctor's companion (You can have two commanders if the other is the Doctor.)",True,7140.0
"all of history, all at once",sorcery,rare,Doctor Who,WHO,True,2023-10-13,2023,"['Storm', 'Time Travel']",2,4.0,,,4.0,,['U'],False,"Time travel. (For each suspended card you own and each permanent you control with a time counter on it, you may add or remove a time counter.)
Storm (When you cast this spell, copy it for each spell cast before it this turn.)",True,8469.0
an unearthly child,enchantment — saga,rare,Doctor Who,WHO,True,2023-10-13,2023,[],0,3.0,,,3.0,,['U'],False,"(As this Saga enters and after your draw step, add a lore counter. Sacrifice after III.)
I, II, III - Reveal cards from the top of your library until you reveal a Doctor card, a card with doctor's companion, or a Vehicle card. Put that card into your hand and the rest on the bottom of your library in a random order.",True,11914.0
auton soldier,artifact creature — alien soldier,rare,Doctor Who,WHO,True,2023-10-13,2023,[],0,6.0,0.0,0.0,6.0,,['U'],False,"You may have this creature enter as a copy of any creature on the battlefield, except it isn't legendary, is an artifact in addition to its other types, and has myriad. (Whenever it attacks, for each opponent other than defending player, you may create a token copy that's tapped and attacking that player or a planeswalker they control. Exile the tokens at end of combat.)",True,1942.0
become the pilot,enchantment — aura,rare,Doctor Who,WHO,True,2023-10-13,2023,['Enchant'],1,5.0,,,5.0,,['U'],False,"Enchant noncommander creature
You control enchanted creature.
Enchanted creature gets +2/+2 and can't be blocked unless it's attacking its owner or a permanent its owner controls.",True,15375.0
cyber conversion,instant,rare,Doctor Who,WHO,True,2023-10-13,2023,[],0,2.0,,,2.0,,['U'],False,Turn target creature face down. It's a 2/2 Cyberman artifact creature.,True,4078.0
danny pink,legendary creature — human soldier advisor,rare,Doctor Who,WHO,True,2023-10-13,2023,['Mentor'],1,4.0,4.0,3.0,11.0,,['U'],False,"Mentor (Whenever this creature attacks, put a +1/+1 counter on target attacking creature with lesser power.)
Creatures you control have ""Whenever one or more counters are put on this creature for the first time each turn, draw a card.""",True,2754.0
don't blink,instant,uncommon,Doctor Who,WHO,True,2023-10-13,2023,['Cycling'],1,2.0,,,2.0,,['U'],False,"Until end of turn, if one or more creatures would enter from exile or after being cast from exile, their owners shuffle them into their libraries instead.
Cycling {2} ({2}, Discard this card: Draw a card.)",True,17214.0
the eleventh hour,enchantment — saga,rare,Doctor Who,WHO,True,2023-10-13,2023,['Food'],1,4.0,,,4.0,,['U'],False,"(As this Saga enters and after your draw step, add a lore counter. Sacrifice after III.)
I - Search your library for a Doctor card, reveal it, put it into your hand, then shuffle.
II - Create a Food token and a 1/1 white Human creature token with ""Doctor spells you cast cost {1} less to cast.""
III - Create a token that's a copy of target creature, except it's a legendary Alien named Prisoner Zero.",True,10878.0
five hundred year diary,legendary artifact — clue,rare,Doctor Who,WHO,True,2023-10-13,2023,[],0,4.0,,,4.0,,['U'],False,"Five Hundred Year Diary enters tapped.
{T}: Add {U} for each Clue you control.
{2}, Sacrifice Five Hundred Year Diary: Draw a card.",True,5227.0
flatline,instant,rare,Doctor Who,WHO,True,2023-10-13,2023,[],0,3.0,,,3.0,,['U'],False,Creatures your opponents control have base power and toughness 0/1 until end of turn.,True,6346.0
flesh duplicate,creature — shapeshifter rebel,rare,Doctor Who,WHO,True,2023-10-13,2023,[],0,2.0,0.0,0.0,2.0,,['U'],False,"You may have this creature enter as a copy of any creature on the battlefield, except it has vanishing 3 if that creature doesn't have vanishing. (A permanent with vanishing 3 enters with three time counters on it. At the beginning of your upkeep, remove a time counter from it. When the last is removed, sacrifice it.)",True,2320.0
the flood of mars,creature — alien zombie horror,rare,Doctor Who,WHO,True,2023-10-13,2023,"['Islandwalk', 'Landwalk', 'Water Always Wins']",3,4.0,3.0,3.0,10.0,,['U'],False,"Islandwalk (This creature can't be blocked as long as defending player controls an Island.)
Water Always Wins - Whenever this creature attacks, put a flood counter on another target creature or land. If it's a creature, it becomes a copy of this creature. If it's a land, it becomes an Island in addition to its other types.",True,7630.0
hunted by the family,sorcery,rare,Doctor Who,WHO,True,2023-10-13,2023,[],0,7.0,,,7.0,,['U'],False,"Choose up to four target creatures you don't control. For each of them, that creature's controller faces a villainous choice - That creature becomes a 1/1 white Human creature and loses all abilities, or you create a token that's a copy of it.",True,9393.0
"k-9, mark i",legendary artifact creature — robot dog,rare,Doctor Who,WHO,True,2023-10-13,2023,"['Affirmative', ""Doctor's companion"", 'Negative']",3,1.0,1.0,1.0,3.0,,['U'],False,"Negative - As long as K-9 is untapped, other legendary creatures you control have ward {1}.
Affirmative - {1}{U}, {T}: Target legendary creature can't be blocked this turn.
Doctor's companion (You can have two commanders if the other is the Doctor.)",True,3030.0
martha jones,legendary creature — human cleric,rare,Doctor Who,WHO,True,2023-10-13,2023,"[""Doctor's companion"", 'Investigate', 'Woman Who Walked the Earth']",3,3.0,3.0,2.0,8.0,,['U'],False,"Woman Who Walked the Earth - When Martha Jones enters, investigate. (Create a Clue token. It's an artifact with ""{2}, Sacrifice this token: Draw a card."")
Whenever you sacrifice a Clue, Martha Jones and up to one other target creature can't be blocked this turn.
Doctor's companion (You can have two commanders if the other is the Doctor.)",True,7662.0
nanogene conversion,sorcery,rare,Doctor Who,WHO,True,2023-10-13,2023,[],0,4.0,,,4.0,,['U'],False,"Choose target creature you control. Each other creature becomes a copy of that creature until end of turn, except it isn't legendary.",True,4134.0
"nardole, resourceful cyborg",legendary artifact creature — scientist,rare,Doctor Who,WHO,True,2023-10-13,2023,"[""Doctor's companion"", 'Undying']",2,2.0,1.0,2.0,5.0,,['U'],False,"{T}: Add {U} for each counter on Nardole. Spend this mana only to cast noncreature spells.
Undying (When this creature dies, if it had no +1/+1 counters on it, return it to the battlefield under its owner's control with a +1/+1 counter on it.)
Doctor's companion (You can have two commanders if the other is the Doctor.)",True,14435.0
nyssa of traken,legendary creature — human scientist,rare,Doctor Who,WHO,True,2023-10-13,2023,"[""Doctor's companion"", 'Sonic Booster']",2,4.0,3.0,4.0,11.0,,['U'],False,"You have no maximum hand size.
Sonic Booster - Whenever Nyssa of Traken attacks, sacrifice any number of artifacts. When you sacrifice one or more artifacts this way, tap up to that many target creatures and draw that many cards.
Doctor's companion (You can have two commanders if the other is the Doctor.)",True,11557.0
quantum misalignment,sorcery,rare,Doctor Who,WHO,True,2023-10-13,2023,['Rebound'],1,5.0,,,5.0,,['U'],False,"Create a token that's a copy of target creature you control, except it isn't legendary.
Rebound (If you cast this spell from your hand, exile it as it resolves. At the beginning of your next upkeep, you may cast this card from exile without paying its mana cost.)",True,1964.0
renegade silent,creature — alien horror,uncommon,Doctor Who,WHO,True,2023-10-13,2023,['Goad'],1,4.0,3.0,3.0,10.0,,['U'],False,"At the beginning of your end step, goad up to one target creature you don't control and put a +1/+1 counter on this creature. This creature phases out. (Treat it and anything attached to it as though they don't exist until your next turn.)",True,10176.0
reverse the polarity,instant,rare,Doctor Who,WHO,True,2023-10-13,2023,[],0,3.0,,,3.0,,['U'],False,"Choose one -
• Counter all other spells.
• Switch each creature's power and toughness until end of turn.
• Creatures can't be blocked this turn.",True,4376.0
star whale,creature — alien whale,uncommon,Doctor Who,WHO,True,2023-10-13,2023,"['Flying', 'Suspend', 'Vigilance']",3,8.0,8.0,8.0,24.0,,['U'],False,"Flying, vigilance
Other creatures you control have ward {2}.
Suspend 6-{1}{U} (Rather than cast this card from your hand, you may pay {1}{U} and exile it with six time counters on it. At the beginning of your upkeep, remove a time counter. When the last is removed, you may cast it without paying its mana cost. It has haste.)",True,5443.0
start the tardis,sorcery,uncommon,Doctor Who,WHO,True,2023-10-13,2023,"['Jump', 'Jump-start', 'Surveil']",3,2.0,,,2.0,,['U'],False,"Surveil 2, then draw a card. You may planeswalk. (To surveil 2, look at the top two cards of your library, then put any number of them into your graveyard and the rest on top of your library in any order.)
Jump-start (You may cast this card from your graveyard by discarding a card in addition to paying its other costs. Then exile this card.)",True,12156.0
surge of brilliance,instant,uncommon,Doctor Who,WHO,True,2023-10-13,2023,"['Foretell', 'Paradox']",2,2.0,,,2.0,,['U'],False,"Paradox - Draw a card for each spell you've cast this turn from anywhere other than your hand.
Foretell {1}{U} (During your turn, you may pay {2} and exile this card from your hand face down. Cast it on a later turn for its foretell cost.)",True,5887.0
time beetle,creature — alien insect,uncommon,Doctor Who,WHO,True,2023-10-13,2023,"['Parallel Universe', 'Skulk', 'Time Travel']",3,2.0,1.0,1.0,4.0,,['U'],False,"Skulk (This creature can't be blocked by creatures with greater power.)
Parallel Universe - Whenever this creature deals combat damage to a player, time travel. (For each suspended card you own and each permanent you control with a time counter on it, you may add or remove a time counter.)",True,7359.0
time lord regeneration,instant,uncommon,Doctor Who,WHO,True,2023-10-13,2023,[],0,1.0,,,1.0,,['U'],False,"Until end of turn, target Time Lord you control gains ""When this creature dies, reveal cards from the top of your library until you reveal a Time Lord creature card. Put that card onto the battlefield and the rest on the bottom of your library in a random order.""",True,12670.0
traverse eternity,sorcery,rare,Doctor Who,WHO,True,2023-10-13,2023,[],0,4.0,,,4.0,,['U'],False,"Draw cards equal to the greatest mana value among historic permanents you control. (Artifacts, legendaries, and Sagas are historic.)",True,7379.0
twice upon a time // unlikely meeting,sorcery,rare,Doctor Who,WHO,True,2023-10-13,2023,[],0,6.0,,,6.0,,['U'],False,"Cast this spell only if you control two or more Doctors.
Take an extra turn after this one. Exile Twice Upon a Time.",True,10505.0
twice upon a time // unlikely meeting,sorcery — adventure,rare,Doctor Who,WHO,True,2023-10-13,2023,[],0,6.0,,,6.0,,['U'],False,"Search your library for a Doctor card, reveal it, put it into your hand, then shuffle.",True,10505.0
"wibbly-wobbly, timey-wimey",sorcery,common,Doctor Who,WHO,True,2023-10-13,2023,['Time Travel'],1,2.0,,,2.0,,['U'],False,"Time travel. (For each suspended card you own and each permanent you control with a time counter on it, you may add or remove a time counter.)
Draw a card.",True,7371.0
zygon infiltrator,creature — alien shapeshifter soldier,uncommon,Doctor Who,WHO,True,2023-10-13,2023,['Body-print'],1,3.0,3.0,2.0,8.0,,['U'],False,"Body-print - {2}{U}: Tap another target creature and put a stun counter on it. This creature becomes a copy of that creature for as long as that creature remains tapped. Activate only as a sorcery. (If a permanent with a stun counter would become untapped, remove one from it instead.)",True,13913.0
dalek drone,artifact creature — dalek,rare,Doctor Who,WHO,True,2023-10-13,2023,"['Exterminate!', 'Flying', 'Menace']",3,5.0,3.0,3.0,11.0,,['B'],False,"Flying, menace
Exterminate! - When this creature enters, destroy target creature an opponent controls. That player loses 3 life.",True,6618.0
dalek squadron,artifact creature — dalek,uncommon,Doctor Who,WHO,True,2023-10-13,2023,"['Menace', 'Myriad']",2,3.0,3.0,3.0,9.0,,['B'],False,"Menace
Myriad (Whenever this creature attacks, for each opponent other than defending player, you may create a token copy that's tapped and attacking that player or a planeswalker they control. Exile the tokens at end of combat.)",True,4955.0
death in heaven,enchantment — saga,rare,Doctor Who,WHO,True,2023-10-13,2023,['Mill'],1,4.0,,,4.0,,['B'],False,"(As this Saga enters and after your draw step, add a lore counter. Sacrifice after III.)
I, II - Target player mills two cards, then exiles their graveyard.
III - Put all creature cards exiled with this enchantment onto the battlefield face down under your control. They're 2/2 Cyberman artifact creatures.",True,7807.0
doomsday confluence,sorcery,rare,Doctor Who,WHO,True,2023-10-13,2023,[],0,1.0,,,1.0,,['B'],False,"Choose X. You may choose the same mode more than once.
• Each player sacrifices a nonartifact creature of their choice.
• Create a 3/3 black Dalek artifact creature token with menace.
• Each opponent discards a card.",True,8353.0
exterminate!,sorcery,uncommon,Doctor Who,WHO,True,2023-10-13,2023,['Replicate'],1,3.0,,,3.0,,['B'],False,"Replicate-Tap an untapped Dalek you control. (When you cast this spell, copy it for each time you paid its replicate cost. You may choose new targets for the copies.)
Destroy target creature. Its controller loses 3 life.",True,8759.0
genesis of the daleks,enchantment — saga,rare,Doctor Who,WHO,True,2023-10-13,2023,[],0,6.0,,,6.0,,['B'],False,"(As this Saga enters and after your draw step, add a lore counter. Sacrifice after IV.)
I, II, III - Create a 3/3 black Dalek artifact creature token with menace for each lore counter on Genesis of the Daleks.
IV - Target opponent faces a villainous choice - Destroy all Dalek creatures and each of your opponents loses life equal to the total power of Daleks that died this turn, or destroy all non-Dalek creatures.",True,6928.0
this is how it ends,instant,rare,Doctor Who,WHO,True,2023-10-13,2023,[],0,4.0,,,4.0,,['B'],False,"Target creature's owner shuffles it into their library, then faces a villainous choice - They lose 5 life, or they shuffle another creature they own into their library.",True,8140.0
time reaper,creature — alien horror,rare,Doctor Who,WHO,True,2023-10-13,2023,"['Consume Anomaly', 'Flying', 'Haste']",3,5.0,4.0,4.0,13.0,,['B'],False,"Flying, haste
Consume Anomaly - Whenever this creature deals combat damage to a player, put target face-up card they own in exile on the bottom of their library. If you do, you gain 3 life.",True,19455.0
the toymaker's trap,enchantment,rare,Doctor Who,WHO,True,2023-10-13,2023,[],0,3.0,,,3.0,,['B'],False,"At the beginning of your upkeep, secretly choose a number between 1 and 5 that hasn't been chosen. If you do, an opponent guesses which number you chose, then you reveal the number you chose. If they guessed wrong, they lose life equal to the number they guessed and you draw a card. If they guessed right, sacrifice this enchantment.",True,12777.0
vashta nerada,creature — alien horror,rare,Doctor Who,WHO,True,2023-10-13,2023,"['Indestructible', 'Morbid', 'Shadow']",3,3.0,1.0,1.0,5.0,,['B'],False,"Indestructible
Shadow (This creature can block or be blocked by only creatures with shadow.)
Morbid - At the beginning of each end step, if a creature died this turn, put a +1/+1 counter on this creature.",True,4807.0
vislor turlough,legendary creature — rogue,rare,Doctor Who,WHO,True,2023-10-13,2023,"['Deal with the Black Guardian', ""Doctor's companion"", 'Goad']",3,4.0,2.0,5.0,11.0,,['B'],False,"Deal with the Black Guardian - When Vislor Turlough enters, you may have an opponent gain control of it. If you do, it's goaded for as long as they control it.
At the beginning of your end step, draw a card, then you lose life equal to the number of cards in your hand.
Doctor's companion (You can have two commanders if the other is the Doctor.)",True,11445.0
amy pond,legendary creature — human,rare,Doctor Who,WHO,True,2023-10-13,2023,"[""Doctor's companion"", 'Partner', 'Partner with']",3,3.0,2.0,2.0,7.0,,['R'],False,"Partner with Rory Williams (When this creature enters, target player may put Rory into their hand from their library, then shuffle.)
Whenever Amy Pond deals combat damage to a player, choose a suspended card you own and remove that many time counters from it.
Doctor's companion (You can have two commanders if the other is the Doctor.)",True,11863.0
bill potts,legendary creature — human,rare,Doctor Who,WHO,True,2023-10-13,2023,"[""Doctor's companion""]",1,4.0,2.0,4.0,10.0,,['R'],False,"Whenever you cast an instant or sorcery spell that targets only Bill Potts or activate an ability that targets only Bill Potts, copy that spell or ability. You may choose new targets for the copy. This ability triggers only once each turn.
Doctor's companion (You can have two commanders if the other is the Doctor.)",True,20945.0
coward // killer,sorcery,rare,Doctor Who,WHO,True,2023-10-13,2023,['Time Travel'],1,6.0,,,6.0,,['R'],False,"Target creature can't block this turn and becomes a Coward in addition to its other types until end of turn.
Time travel.",True,13826.0
coward // killer,sorcery,rare,Doctor Who,WHO,True,2023-10-13,2023,[],0,6.0,,,6.0,,['R'],False,Killer deals 3 damage to target creature and each other creature that shares a creature type with it.,True,13826.0
dan lewis,legendary creature — human,rare,Doctor Who,WHO,True,2023-10-13,2023,"[""Doctor's companion""]",1,2.0,2.0,2.0,6.0,,['R'],False,"Noncreature, non-Equipment artifacts you control are Equipment in addition to their other types and have ""Equipped creature gets +1/+0"" and equip {1}.
Doctor's companion (You can have two commanders if the other is the Doctor.)",True,16712.0
day of the moon,enchantment — saga,rare,Doctor Who,WHO,True,2023-10-13,2023,['Goad'],1,3.0,,,3.0,,['R'],False,"(As this Saga enters and after your draw step, add a lore counter. Sacrifice after III.)
I, II, III - Choose a creature card name, then goad all creatures with a name chosen for this enchantment. (Until your next turn, they attack each combat if able and attack a player other than you if able.)",True,12639.0
decaying time loop,instant,uncommon,Doctor Who,WHO,True,2023-10-13,2023,['Retrace'],1,4.0,,,4.0,,['R'],False,"Discard all the cards in your hand, then draw that many cards.
Retrace (You may cast this card from your graveyard by discarding a land card in addition to paying its other costs.)",True,7039.0
delete,sorcery,rare,Doctor Who,WHO,True,2023-10-13,2023,[],0,2.0,,,2.0,,['R'],False,Delete deals X damage to each nonartifact creature and each player.,True,4869.0
donna noble,legendary creature — human,rare,Doctor Who,WHO,True,2023-10-13,2023,"[""Doctor's companion"", 'Soulbond']",2,4.0,2.0,4.0,10.0,,['R'],False,"Soulbond (You may pair this creature with another unpaired creature when either enters. They remain paired for as long as you control both of them.)
Whenever Donna Noble or a creature it's paired with is dealt damage, Donna Noble deals that much damage to target opponent.
Doctor's companion (You can have two commanders if the other is the Doctor.)",True,9998.0
ecstatic beauty,sorcery,rare,Doctor Who,WHO,True,2023-10-13,2023,['Suspend'],1,3.0,,,3.0,,['R'],False,"Exile the top three cards of your library. You may play those cards until end of turn. Put four time counters on each of those cards that has suspend.
Suspend 4-{R}",True,9433.0
ensnared by the mara,sorcery,rare,Doctor Who,WHO,True,2023-10-13,2023,[],0,4.0,,,4.0,,['R'],False,"Each opponent faces a villainous choice - They exile cards from the top of their library until they exile a nonland card, then you may cast that card without paying its mana cost, or that player exiles the top four cards of their library and Ensnared by the Mara deals damage equal to the total mana value of those exiled cards to that player.",True,3426.0
flaming tyrannosaurus,creature — dinosaur,rare,Doctor Who,WHO,True,2023-10-13,2023,"['Menace', 'Paradox']",2,7.0,5.0,5.0,17.0,,['R'],False,"Menace
Paradox - Whenever you cast a spell from anywhere other than your hand, this creature deals 3 damage to any target. Then put a +1/+1 counter on this creature.
When this creature dies, it deals damage equal to its power to each opponent.",True,2964.0
the flux,enchantment — saga,rare,Doctor Who,WHO,True,2023-10-13,2023,[],0,4.0,,,4.0,,['R'],False,"(As this Saga enters and after your draw step, add a lore counter. Sacrifice after VI.)
I - This Saga deals 4 damage to target creature an opponent controls.
II, III, IV, V - Exile the top card of your library. You may play that card this turn.
VI - Add six {R}.",True,7547.0
impending flux,sorcery,rare,Doctor Who,WHO,True,2023-10-13,2023,"['Foretell', 'Paradox']",2,3.0,,,3.0,,['R'],False,"Paradox - Impending Flux deals X damage to each opponent and each creature they control, where X is 1 plus the number of spells you've cast from anywhere other than your hand this turn.
Foretell {1}{R}{R} (During your turn, you may pay {2} and exile this card from your hand face down. Cast it on a later turn for its foretell cost.)",True,8460.0
into the time vortex,sorcery,rare,Doctor Who,WHO,True,2023-10-13,2023,"['Cascade', 'Rebound']",2,5.0,,,5.0,,['R'],False,"Cascade (When you cast this spell, exile cards from the top of your library until you exile a nonland card that costs less. You may cast it without paying its mana cost. Put the exiled cards on the bottom in a random order.)
Rebound (If you cast this spell from your hand, exile it as it resolves. At the beginning of your next upkeep, you may cast this card from exile without paying its mana cost.)",True,5334.0
"iraxxa, empress of mars",legendary creature — alien warrior,uncommon,Doctor Who,WHO,True,2023-10-13,2023,"['Battle Cry', 'Paradox', 'Trample']",3,4.0,5.0,4.0,13.0,,['R'],False,"Trample
Battle cry (Whenever this creature attacks, each other attacking creature gets +1/+0 until end of turn.)
Paradox - Whenever you cast a spell from anywhere other than your hand, create a 2/2 red Alien Warrior creature token.",True,5618.0
memory worm,creature — alien worm,uncommon,Doctor Who,WHO,True,2023-10-13,2023,['Paradox'],1,2.0,1.0,1.0,4.0,,['R'],False,"Paradox - Whenever you cast a spell from anywhere other than your hand, this creature deals 2 damage to target player. That player discards a card, then draws a card. Put a +1/+1 counter on this creature.",True,7789.0
the parting of the ways,enchantment — saga,rare,Doctor Who,WHO,True,2023-10-13,2023,['Time Travel'],1,6.0,,,6.0,,['R'],False,"(As this Saga enters and after your draw step, add a lore counter. Sacrifice after III.)
I - Exile the top five cards of your library. For each nonland card exiled this way, put a number of time counters on that card equal to its mana value. If it doesn't have suspend, it gains suspend.
II - Time travel, then time travel.
III - For each opponent, destroy up to one target artifact that player controls.",True,8238.0
return the past,enchantment,rare,Doctor Who,WHO,True,2023-10-13,2023,[],0,6.0,,,6.0,,['R'],False,"During your turn, each instant and sorcery card in your graveyard has flashback. Its flashback cost is equal to its mana cost.",True,8163.0
rms titanic,legendary artifact — vehicle,rare,Doctor Who,WHO,True,2023-10-13,2023,"['Crew', 'Flying', 'Trample', 'Treasure']",4,4.0,7.0,1.0,12.0,,['R'],False,"Flying, trample
When RMS Titanic deals combat damage to a player, sacrifice it and create that many Treasure tokens.
Crew 3 (Tap any number of creatures you control with total power 3 or more: This Vehicle becomes an artifact creature until end of turn.)",True,4793.0
ryan sinclair,legendary creature — human,rare,Doctor Who,WHO,True,2023-10-13,2023,"[""Doctor's companion""]",1,3.0,2.0,2.0,7.0,,['R'],False,"Whenever Ryan attacks, exile cards from the top of your library until you exile a nonland card. You may cast the exiled card without paying its mana cost if it's a spell with mana value less than or equal to Ryan's power. Put the exiled cards not cast this way on the bottom of your library in a random order.
Doctor's companion (You can have two commanders if the other is the Doctor.)",True,11797.0
sibylline soothsayer,creature — human warlock,uncommon,Doctor Who,WHO,True,2023-10-13,2023,['Temporal Foresight'],1,3.0,3.0,2.0,8.0,,['R'],False,"Temporal Foresight - When this creature enters, reveal cards from the top of your library until you reveal a nonland card with mana value 3 or greater. Exile that card with three time counters on it. If it doesn't have suspend, it gains suspend. Put the rest of the revealed cards on the bottom of your library in a random order.",True,10837.0
sontaran general,creature — alien soldier,uncommon,Doctor Who,WHO,True,2023-10-13,2023,"['Battalion', 'Goad', 'Haste', 'Trample']",4,5.0,5.0,5.0,15.0,,['R'],False,"Trample, haste
Battalion - Whenever this creature and at least two other creatures attack, for each opponent, goad up to one target creature that player controls. Those creatures can't block this turn. (Until your next turn, they attack each combat if able and attack a player other than you if able.)",True,13818.0
the sound of drums,enchantment — aura,rare,Doctor Who,WHO,True,2023-10-13,2023,"['Enchant', 'Goad']",2,3.0,,,3.0,,['R'],False,"Enchant creature
Enchanted creature is goaded.
If enchanted creature would deal combat damage to a permanent or player, it deals double that damage instead.
{2}{R}: Return this card from your graveyard to your hand.",True,3289.0
"ace, fearless rebel",legendary creature — human rebel,rare,Doctor Who,WHO,True,2023-10-13,2023,"[""Doctor's companion"", 'Fight', 'Nitro-9']",3,4.0,2.0,2.0,8.0,,['G'],False,"Nitro-9 - Whenever Ace attacks, you may sacrifice an artifact. When you do, put a +1/+1 counter on Ace, then it fights up to one target creature defending player controls.
Doctor's companion (You can have two commanders if the other is the Doctor.)",True,18688.0
city of death,enchantment — saga,rare,Doctor Who,WHO,True,2023-10-13,2023,['Treasure'],1,3.0,,,3.0,,['G'],False,"(As this Saga enters and after your draw step, add a lore counter. Sacrifice after VI.)
I - Create a Treasure token.
II, III, IV, V, VI - Create a token that's a copy of target non-Saga token you control.",True,3689.0
displaced dinosaurs,creature — dinosaur,uncommon,Doctor Who,WHO,True,2023-10-13,2023,[],0,7.0,7.0,7.0,21.0,,['G'],False,"As a historic permanent you control enters, it becomes a 7/7 Dinosaur creature in addition to its other types. (Artifacts, legendaries, and Sagas are historic.)",True,4081.0
the five doctors,sorcery,rare,Doctor Who,WHO,True,2023-10-13,2023,['Kicker'],1,6.0,,,6.0,,['G'],False,"Kicker {5} (You may pay an additional {5} as you cast this spell.)
Search your library and/or graveyard for up to five Doctor cards, reveal them, and put them into your hand. If you search your library this way, shuffle. If this spell was kicked, put those cards onto the battlefield instead of putting them into your hand.",True,13063.0
the foretold soldier,creature — alien zombie soldier,rare,Doctor Who,WHO,True,2023-10-13,2023,['Foretell'],1,4.0,6.0,6.0,16.0,,['G'],False,"This creature must be blocked if able.
This creature can't be blocked by more than one creature.
Whenever this creature deals damage, exile it face down. It becomes foretold.
Foretell {1}{G} (During your turn, you may pay {2} and exile this card from your hand face down. Cast it on a later turn for its foretell cost.)",True,9528.0
fugitive of the judoon,enchantment — saga,rare,Doctor Who,WHO,True,2023-10-13,2023,['Investigate'],1,5.0,,,5.0,,['G'],False,"(As this Saga enters and after your draw step, add a lore counter. Sacrifice after III.)
I - Create a 1/1 white Human creature token with ward {2} and a 4/4 white Alien Rhino creature token.
II - Investigate.
III - You may exile a Human you control and an artifact you control. If you do, search your library for a Doctor card, put it onto the battlefield, then shuffle.",True,16161.0
graham o'brien,legendary creature — human pilot,rare,Doctor Who,WHO,True,2023-10-13,2023,"[""Doctor's companion"", 'Food', 'Paradox']",3,2.0,2.0,2.0,6.0,,['G'],False,"Paradox - Whenever you cast a spell from anywhere other than your hand, create a Food token. (It's an artifact with ""{2}, {T}, Sacrifice this token: You gain 3 life."")
Doctor's companion (You can have two commanders if the other is the Doctor.)",True,13151.0
jamie mccrimmon,legendary creature — human warrior,rare,Doctor Who,WHO,True,2023-10-13,2023,"[""Doctor's companion"", 'Trample']",2,3.0,2.0,2.0,7.0,,['G'],False,"Trample
Whenever you cast a historic spell, Jamie McCrimmon gets +X/+X until end of turn, where X is that spell's mana value. (Artifacts, legendaries, and Sagas are historic.)
Doctor's companion (You can have two commanders if the other is the Doctor.)",True,13543.0
"karvanista, loyal lupari // lupari shield",legendary creature — alien dog soldier,rare,Doctor Who,WHO,True,2023-10-13,2023,"['Haste', 'Trample', 'Vigilance']",3,5.0,5.0,5.0,15.0,,['G'],False,"Vigilance, trample, haste
Whenever Karvanista attacks, put a +1/+1 counter on each Human you control.",True,11650.0
"karvanista, loyal lupari // lupari shield",sorcery — adventure,rare,Doctor Who,WHO,True,2023-10-13,2023,[],0,5.0,,,5.0,,['G'],False,Humans you control gain indestructible until your next turn. (Then exile this card. You may cast the creature later from exile.),True,11650.0
"leela, sevateem warrior",legendary creature — human warrior,rare,Doctor Who,WHO,True,2023-10-13,2023,"[""Doctor's companion""]",1,4.0,3.0,3.0,10.0,,['G'],False,"Whenever an opponent draws a card except the first one they draw in each of their draw steps, put a +1/+1 counter on Leela.
Doctor's companion (You can have two commanders if the other is the Doctor.)",True,16319.0
the sea devils,enchantment — saga,rare,Doctor Who,WHO,True,2023-10-13,2023,[],0,3.0,,,3.0,,['G'],False,"(As this Saga enters and after your draw step, add a lore counter. Sacrifice after III.)
I, II - Create a 2/2 green Alien Salamander creature token with islandwalk. (It can't be blocked as long as defending player controls an Island.)
III - Until end of turn, whenever a Salamander deals combat damage to a player, it deals that much damage to target creature that player controls.",True,15711.0
sisterhood of karn,creature — cleric,rare,Doctor Who,WHO,True,2023-10-13,2023,['Paradox'],1,2.0,0.0,0.0,2.0,,['G'],False,"This creature enters with a +1/+1 counter on it.
Paradox - Whenever you cast a spell from anywhere other than your hand, double the number of +1/+1 counters on this creature.",True,10175.0
susan foreman,legendary creature — time lord,rare,Doctor Who,WHO,True,2023-10-13,2023,"[""Doctor's companion""]",1,2.0,1.0,1.0,4.0,,['G'],False,"If you would planeswalk, instead look at the top two cards of your planar deck, put one on the bottom of your planar deck and the other on top, then planeswalk.
{T}: Add {G}.
Doctor's companion (You can have two commanders if the other is the Doctor.)",True,16797.0
thijarian witness,creature — alien cleric,uncommon,Doctor Who,WHO,True,2023-10-13,2023,"['Bear Witness', 'Flash', 'Investigate']",3,2.0,0.0,4.0,6.0,,['G'],False,"Flash
Bear Witness - Whenever another creature dies, if it was attacking or blocking alone, exile it and investigate. (Create a Clue token. It's an artifact with ""{2}, Sacrifice this token: Draw a card."")",True,20744.0
"alistair, the brigadier",legendary creature — human soldier,rare,Doctor Who,WHO,True,2023-10-13,2023,[],0,4.0,3.0,3.0,10.0,,"['G', 'U', 'W']",True,"Whenever you cast a historic spell, create a 1/1 white Soldier creature token. (Artifacts, legendaries, and Sagas are historic.)
Whenever Alistair attacks, you may pay {8}. If you do, creatures you control get +X/+X until end of turn, where X is the number of historic permanents you control.",True,10459.0
"ashad, the lone cyberman",legendary artifact creature — cyberman,rare,Doctor Who,WHO,True,2023-10-13,2023,[],0,4.0,3.0,3.0,10.0,,"['B', 'R', 'U']",True,"The first nonlegendary artifact spell you cast each turn has casualty 2. (As you cast it, you may sacrifice a creature with power 2 or greater. When you do, copy it. A copy of an artifact spell becomes a token.)
Whenever you sacrifice another creature, put a +1/+1 counter on Ashad.",True,11522.0
"the beast, deathless prince",legendary creature — demon,rare,Doctor Who,WHO,True,2023-10-13,2023,[],0,4.0,6.0,6.0,16.0,,"['B', 'R']",True,"When you cast this spell, gain control of target creature until end of turn. Untap it. It gains menace and haste until end of turn.
The Beast enters tapped with six stun counters on it. (If it would become untapped, remove a stun counter from it instead.)
Whenever a creature deals combat damage to its owner, untap The Beast and draw a card.",True,10008.0
bigger on the inside,enchantment — aura,uncommon,Doctor Who,WHO,True,2023-10-13,2023,['Enchant'],1,5.0,,,5.0,,"['G', 'R']",True,"Enchant artifact or land
Enchanted permanent has ""{T}: Target player adds two mana of any one color. The next spell they cast this turn has cascade."" (When they cast their next spell, they exile cards from the top of their library until they exile a nonland card that costs less. They may cast it without paying its mana cost. They put the exiled cards on the bottom in a random order.)",True,4530.0
blink,enchantment — saga,rare,Doctor Who,WHO,True,2023-10-13,2023,"['Investigate', 'Vigilance']",2,4.0,,,4.0,,"['B', 'U']",True,"(As this Saga enters and after your draw step, add a lore counter. Sacrifice after IV.)
I, III - Choose target creature. Its owner shuffles it into their library, then investigates. (They create a Clue token.)
II, IV - Create a 2/2 black Alien Angel artifact creature token with first strike, vigilance, and ""Whenever an opponent casts a creature spell, this token isn't a creature until end of turn.""",True,11925.0
cult of skaro,legendary artifact creature — dalek,rare,Doctor Who,WHO,True,2023-10-13,2023,"['Caan', 'Jast', 'Sec', 'Thay']",4,4.0,4.0,4.0,12.0,,"['B', 'R', 'U']",True,"Whenever Cult of Skaro attacks, choose one at random -
• Thay - Put a +1/+1 counter on each artifact creature you control.
• Caan - Draw two cards.
• Sec - Create a 3/3 black Dalek artifact creature token with menace.
• Jast - Each opponent loses 4 life.",True,10170.0
the curse of fenric,enchantment — saga,rare,Doctor Who,WHO,True,2023-10-13,2023,['Fight'],1,4.0,,,4.0,,"['G', 'W']",True,"(As this Saga enters and after your draw step, add a lore counter. Sacrifice after III.)
I - For each player, destroy up to one target creature that player controls. For each creature destroyed this way, its controller creates a 3/3 green Mutant creature token with deathtouch.
II - Target nontoken creature becomes a 6/6 legendary Horror creature named Fenric and loses all abilities.
III - Target Mutant fights another target creature named Fenric.",True,16234.0
the cyber-controller,legendary artifact creature — cyberman,rare,Doctor Who,WHO,True,2023-10-13,2023,['Mill'],1,3.0,3.0,3.0,9.0,,"['B', 'U']",True,"When The Cyber-Controller enters, each opponent mills X cards. Put all creature cards milled this way onto the battlefield face down under your control. They're 2/2 Cyberman artifact creatures.
Other artifact creatures you control get +1/+1.",True,7163.0
the dalek emperor,legendary artifact creature — dalek,rare,Doctor Who,WHO,True,2023-10-13,2023,['Affinity'],1,7.0,6.0,6.0,19.0,,"['B', 'R']",True,"Affinity for Daleks (This spell costs {1} less to cast for each Dalek you control.)
Other Daleks you control have haste.
At the beginning of combat on your turn, each opponent faces a villainous choice - That player sacrifices a creature of their choice, or you create a 3/3 black Dalek artifact creature token with menace.",True,8630.0
the day of the doctor,enchantment — saga,rare,Doctor Who,WHO,True,2023-10-13,2023,[],0,5.0,,,5.0,,"['R', 'W']",True,"(As this Saga enters and after your draw step, add a lore counter. Sacrifice after IV.)
I, II, III - Exile cards from the top of your library until you exile a legendary card. You may play that card for as long as this Saga remains on the battlefield. Put the rest of those exiled cards on the bottom of your library in a random order.
IV - Choose up to three Doctors. You may exile all other creatures. If you do, this Saga deals 13 damage to you.",True,12503.0
dinosaurs on a spaceship,creature — dinosaur,rare,Doctor Who,WHO,True,2023-10-13,2023,"['Suspend', 'Trample', 'Vigilance']",3,6.0,7.0,7.0,20.0,,"['R', 'W']",True,"Vigilance, trample
Other Dinosaurs you control get +1/+1 and have vigilance and trample.
Suspend 4-{3}{R}{W}
Whenever a time counter is removed from this card while it's exiled, create a 2/2 red and white Dinosaur creature token with flying and haste.",True,4705.0
"duggan, private detective",legendary creature — human detective,rare,Doctor Who,WHO,True,2023-10-13,2023,"['Investigate', 'The Most Important Punch in History']",2,4.0,,,4.0,,"['G', 'U']",True,"Duggan's power and toughness are each equal to the number of cards in your hand.
Whenever Duggan enters or attacks, investigate.
The Most Important Punch in History - {1}{G}, {T}: Duggan deals damage equal to twice its power to another target creature. Activate only once.",True,12174.0
the eighth doctor,legendary creature — time lord doctor,rare,Doctor Who,WHO,True,2023-10-13,2023,['Mill'],1,6.0,4.0,4.0,14.0,,"['U', 'W']",True,"When The Eighth Doctor enters, mill three cards.
Once during each of your turns, you may play a historic land or cast a historic permanent spell from your graveyard. If you do, it gains ""If this permanent would leave the battlefield, exile it instead of putting it anywhere else.""",True,9995.0
the eleventh doctor,legendary creature — time lord doctor,rare,Doctor Who,WHO,True,2023-10-13,2023,['I. AM. TALKING!'],1,3.0,3.0,2.0,8.0,,"['U', 'W']",True,"I. AM. TALKING! - Whenever The Eleventh Doctor deals combat damage to a player, you may exile a card from your hand with a number of time counters on it equal to its mana value. If it doesn't have suspend, it gains suspend.
{2}: Target creature with power 3 or less can't be blocked this turn.",True,7976.0
the face of boe,legendary creature — alien advisor,rare,Doctor Who,WHO,True,2023-10-13,2023,[],0,4.0,0.0,4.0,8.0,,"['R', 'U', 'W']",True,"{T}: You may cast a spell with suspend from your hand. If you do, pay its suspend cost rather than its mana cost. Activate only as a sorcery.",True,14686.0
the fifth doctor,legendary creature — time lord doctor,rare,Doctor Who,WHO,True,2023-10-13,2023,['Peaceful Coexistence'],1,4.0,2.0,2.0,8.0,,"['U', 'W']",True,"Peaceful Coexistence - At the beginning of your end step, put a +1/+1 counter on each creature you control that didn't attack or enter this turn. Untap those creatures.",True,9613.0
the first doctor,legendary creature — time lord doctor,rare,Doctor Who,WHO,True,2023-10-13,2023,[],0,3.0,2.0,2.0,7.0,,"['U', 'W']",True,"When The First Doctor enters, search your library and/or graveyard for a card named TARDIS, reveal it, and put it into your hand. If you search your library this way, shuffle.
Whenever you cast a spell with cascade, put a +1/+1 counter on target artifact or creature.",True,10713.0
frost fair lure fish,creature — fish,rare,Doctor Who,WHO,True,2023-10-13,2023,"['Foretell', 'Treasure']",2,7.0,7.0,7.0,21.0,,"['R', 'U']",True,"When this creature enters, create two 1/1 blue Fish creature tokens and create two tapped Treasure tokens.
Fish you control have haste and can't be blocked by Humans.
Foretell {3}{U}{R}",True,18612.0
the fugitive doctor,legendary creature — time lord doctor,rare,Doctor Who,WHO,True,2023-10-13,2023,['Investigate'],1,5.0,4.0,4.0,13.0,,"['G', 'R']",True,"When The Fugitive Doctor enters, investigate.
Whenever The Fugitive Doctor attacks, you may sacrifice a Clue. When you do, target instant or sorcery card in your graveyard gains flashback {2}{R}{G} until end of turn. (You may cast that card from your graveyard for its flashback cost. Then exile it.)",True,12456.0
gallifrey falls // no more,instant,rare,Doctor Who,WHO,True,2023-10-13,2023,['Fuse'],1,9.0,,,9.0,,['R'],False,"Gallifrey Falls deals 4 damage to each creature. If a creature dealt damage this way would die this turn, exile it instead.
Fuse (You may cast one or both halves of this card from your hand.)",True,8935.0
gallifrey falls // no more,instant,rare,Doctor Who,WHO,True,2023-10-13,2023,['Fuse'],1,9.0,,,9.0,,['W'],False,"Any number of target creatures you control phase out.
Fuse (You may cast one or both halves of this card from your hand.)",True,8935.0
gallifrey stands,legendary enchantment,rare,Doctor Who,WHO,True,2023-10-13,2023,[],0,6.0,,,6.0,,"['U', 'W']",True,"When Gallifrey Stands enters, return all Doctor cards from your graveyard to your hand.
At the beginning of your upkeep, you may put a Doctor creature card from your hand onto the battlefield. Then if you control thirteen or more Doctors, you win the game.",True,11906.0
great intelligence's plan,sorcery,uncommon,Doctor Who,WHO,True,2023-10-13,2023,[],0,6.0,,,6.0,,"['B', 'U']",True,"Draw three cards. Then target opponent faces a villainous choice - They discard three cards, or you may cast a spell from your hand without paying its mana cost.",True,6637.0
heaven sent,enchantment — saga,rare,Doctor Who,WHO,True,2023-10-13,2023,['Investigate'],1,2.0,,,2.0,,"['R', 'U']",True,"(As this Saga enters and after your draw step, add a lore counter. Sacrifice after III.)
I, II - Investigate.
III - This Saga deals 1 damage to each opponent. Then if an opponent has 0 or less life, draw seven cards. Otherwise, exile this Saga and you may cast it this turn.",True,10124.0
"idris, soul of the tardis",legendary creature — human incarnation,rare,Doctor Who,WHO,True,2023-10-13,2023,"['Imprint', 'Vanishing']",2,3.0,3.0,3.0,9.0,,"['R', 'U']",True,"Vanishing 3
Imprint - When Idris enters, exile another artifact you control until Idris leaves the battlefield.
Idris has all activated and triggered abilities of the exiled card and gets +X/+X, where X is the exiled card's mana value.",True,18246.0
jenny flint,legendary creature — human detective,rare,Doctor Who,WHO,True,2023-10-13,2023,"['First strike', 'Partner', 'Partner with', 'Training']",4,3.0,2.0,2.0,7.0,,"['R', 'U']",True,"Partner with Madame Vastra
First strike
Training (Whenever this creature attacks with another creature with greater power, put a +1/+1 counter on this creature.)
Whenever you sacrifice a Clue or Food, put a +1/+1 counter on another target creature you control.",True,14326.0
"jenny, generated anomaly",legendary creature — time lord soldier,rare,Doctor Who,WHO,True,2023-10-13,2023,"['Double strike', 'Explore']",2,4.0,2.0,3.0,9.0,,"['R', 'W']",True,"Double strike
Whenever Jenny deals combat damage to a player, it explores. (Reveal the top card of your library. Put that card into your hand if it's a land. Otherwise, put a +1/+1 counter on this creature, then put the card back or put it into your graveyard.)",True,16847.0
judoon enforcers,creature — alien rhino soldier,uncommon,Doctor Who,WHO,True,2023-10-13,2023,"['Suspend', 'Trample']",2,7.0,8.0,8.0,23.0,,"['R', 'W']",True,"Trample
No more than one creature can attack you each combat.
Suspend 6-{1}{R}{W} (Rather than cast this card from your hand, you may pay {1}{R}{W} and exile it with six time counters on it. At the beginning of your upkeep, remove a time counter. When the last is removed, you may cast it without paying its mana cost. It has haste.)",True,11026.0
kate stewart,legendary creature — human scientist,rare,Doctor Who,WHO,True,2023-10-13,2023,[],0,4.0,3.0,3.0,10.0,,"['R', 'U', 'W']",True,"Whenever you put one or more time counters on a permanent you control, create a 1/1 white Soldier creature token.
Whenever Kate Stewart attacks, you may pay {8}. If you do, attacking creatures get +X/+X until end of turn, where X is the number of time counters among permanents you control.",True,13389.0
last night together,sorcery,rare,Doctor Who,WHO,True,2023-10-13,2023,[],0,5.0,,,5.0,,"['G', 'R']",True,"Choose two target creatures. Untap them. Put two +1/+1 counters on each of them. They gain vigilance, indestructible, and haste until end of turn. After this main phase, there is an additional combat phase. Only the chosen creatures can attack during that combat phase.",True,8343.0
lunar hatchling,creature — alien beast,rare,Doctor Who,WHO,True,2023-10-13,2023,"['Basic landcycling', 'Cycling', 'Escape', 'Flying', 'Landcycling', 'Trample']",6,6.0,6.0,6.0,18.0,,"['G', 'U']",True,"Flying, trample
Basic landcycling {2} ({2}, Discard this card: Search your library for a basic land card, reveal it, put it into your hand, then shuffle.)
Escape-{4}{G}{U}, Exile a land you control, Exile five other cards from your graveyard. (You may cast this card from your graveyard for its escape cost.)",True,15077.0
madame vastra,legendary creature — lizard detective,rare,Doctor Who,WHO,True,2023-10-13,2023,"['Food', 'Partner', 'Partner with']",3,4.0,3.0,3.0,10.0,,"['G', 'U']",True,"Partner with Jenny Flint (When this creature enters, target player may put Jenny Flint into their hand from their library, then shuffle.)
Madame Vastra must be blocked if able.
Whenever a creature dealt damage by Madame Vastra this turn dies, create a Clue token and a Food token.",True,17638.0
"the master, formed anew",legendary creature — time lord rogue,rare,Doctor Who,WHO,True,2023-10-13,2023,['Body Thief'],1,2.0,0.0,1.0,3.0,,"['B', 'U']",True,"Body Thief - When you cast this spell, you may exile a creature you control and put a takeover counter on it.
You may have The Master enter as a copy of a creature card in exile with a takeover counter on it.",True,17740.0
"the master, gallifrey's end",legendary creature — time lord rogue,rare,Doctor Who,WHO,True,2023-10-13,2023,['Make Them Pay'],1,4.0,4.0,3.0,11.0,,"['B', 'R']",True,"Make Them Pay - Whenever a nontoken artifact creature you control dies, you may exile it. If you do, choose an opponent with the most life among your opponents. That player faces a villainous choice - They lose 4 life, or you create a token that's a copy of that card.",True,11402.0
"the master, mesmerist",legendary creature — time lord rogue,rare,Doctor Who,WHO,True,2023-10-13,2023,['Goad'],1,4.0,3.0,3.0,10.0,,"['B', 'U']",True,"{T}: Target creature an opponent controls with power less than or equal to The Master's power gains skulk until end of turn. Goad it. (A creature with skulk can't be blocked by creatures with greater power.)
Whenever a creature with skulk deals combat damage to one of your opponents, put a +1/+1 counter on The Master and draw a card.",True,11645.0
"the master, multiplied",legendary creature — time lord rogue,rare,Doctor Who,WHO,True,2023-10-13,2023,['Myriad'],1,6.0,4.0,3.0,13.0,,"['B', 'R']",True,"Myriad
The ""legend rule"" doesn't apply to creature tokens you control.
Triggered abilities you control can't cause you to sacrifice or exile creature tokens you control.",True,3325.0
"me, the immortal",legendary creature — human rogue,rare,Doctor Who,WHO,True,2023-10-13,2023,[],0,5.0,3.0,3.0,11.0,,"['G', 'R', 'U']",True,"At the beginning of combat on your turn, put your choice of a +1/+1, first strike, vigilance, or menace counter on Me.
Counters remain on Me as it moves to any zone other than a player's hand or library.
You may cast this card from your graveyard by discarding two cards in addition to paying its other costs.",True,13816.0
the ninth doctor,legendary creature — time lord doctor,rare,Doctor Who,WHO,True,2023-10-13,2023,"['Haste', 'Into the TARDIS']",2,3.0,2.0,4.0,9.0,,"['R', 'U']",True,"Haste
Into the TARDIS - Whenever The Ninth Doctor becomes untapped during your untap step, you get an additional upkeep step after this step.",True,5676.0
the rani,legendary creature — time lord scientist,rare,Doctor Who,WHO,True,2023-10-13,2023,"['Goad', 'Investigate']",2,4.0,3.0,4.0,11.0,,"['B', 'R', 'U']",True,"Whenever The Rani enters or attacks, create a red Aura enchantment token named Mark of the Rani attached to another target creature. That token has enchant creature and ""Enchanted creature gets +2/+2 and is goaded.""
Whenever a goaded creature deals combat damage to one of your opponents, investigate.",True,11831.0
"rassilon, the war president",legendary creature — time lord noble,rare,Doctor Who,WHO,True,2023-10-13,2023,[],0,5.0,3.0,4.0,12.0,,"['B', 'U']",True,"At the beginning of your upkeep, you lose 2 life and exile the top card of your library. You may play that card for as long as it remains exiled.
Each noncreature spell you cast from exile has conspire. (As you cast that spell, you may tap two untapped creatures you control that share a color with it. When you do, copy it and you may choose new targets for the copy.)",True,16187.0
regenerations restored,enchantment,rare,Doctor Who,WHO,True,2023-10-13,2023,"['Scry', 'Vanishing']",2,2.0,,,2.0,,"['U', 'W']",True,"Vanishing 12 (This enchantment enters with twelve time counters on it. At the beginning of your upkeep, remove a time counter from it. When the last is removed, sacrifice it.)
Whenever one or more time counters are removed from this enchantment, scry 1 and you gain 1 life. Then if this enchantment has no time counters on it, exile it. When you do, take an extra turn after this one.",True,9623.0
river song,legendary creature — human time lord rogue,rare,Doctor Who,WHO,True,2023-10-13,2023,"['Meet in Reverse', 'Spoilers']",2,3.0,2.0,2.0,7.0,,"['R', 'U']",True,"Meet in Reverse - You draw cards from the bottom of your library rather than the top.
Spoilers - Whenever an opponent scries, surveils, or searches their library, put a +1/+1 counter on River Song. Then River Song deals damage to that player equal to its power.",True,9448.0
rory williams,legendary creature — human soldier,rare,Doctor Who,WHO,True,2023-10-13,2023,"['First strike', 'Investigate', 'Lifelink', 'Partner', 'Partner with', 'The Last Centurion']",6,2.0,3.0,3.0,8.0,,"['U', 'W']",True,"Partner with Amy Pond
First strike, lifelink
The Last Centurion - When you cast this spell from anywhere other than exile, exile it with three time counters on it. It gains suspend. Then investigate. (Create a Clue token. It's an artifact with ""{2}, Sacrifice this token: Draw a card."")",True,12706.0
run for your life,instant,rare,Doctor Who,WHO,True,2023-10-13,2023,['Escape'],1,2.0,,,2.0,,"['R', 'U']",True,"One or two target creatures each gain haste until end of turn. They can't be blocked this turn except by creatures with haste.
Escape-{2}{U}{R}, Exile four other cards from your graveyard. (You may cast this card from your graveyard for its escape cost.)",True,11316.0
sally sparrow,legendary creature — human detective,rare,Doctor Who,WHO,True,2023-10-13,2023,['Investigate'],1,4.0,2.0,3.0,9.0,,"['U', 'W']",True,"You may cast creature spells as though they had flash.
Whenever one or more other creatures you control leave the battlefield, investigate. This ability triggers only once each turn. (Create a Clue token. It's an artifact with ""{2}, Sacrifice this token: Draw a card."")",True,12383.0
the second doctor,legendary creature — time lord doctor,rare,Doctor Who,WHO,True,2023-10-13,2023,['How Civil of You'],1,4.0,2.0,4.0,10.0,,"['U', 'W']",True,"Players have no maximum hand size.
How Civil of You - At the beginning of your end step, each player may draw a card. Each opponent who does can't attack you or permanents you control during their next turn.",True,3601.0
sergeant john benton,legendary creature — human soldier,rare,Doctor Who,WHO,True,2023-10-13,2023,"['Haste', 'Share Intelligence', 'Trample']",3,3.0,2.0,4.0,9.0,,"['G', 'W']",True,"Trample, haste
Share Intelligence - Whenever Sergeant John Benton deals combat damage to a player, you and that player each draw that many cards.",True,8089.0
the seventh doctor,legendary creature — time lord doctor,rare,Doctor Who,WHO,True,2023-10-13,2023,['Investigate'],1,5.0,3.0,6.0,14.0,,"['U', 'W']",True,"Whenever The Seventh Doctor attacks, choose a card in your hand. Defending player guesses whether that card's mana value is greater than the number of artifacts you control. If they guessed wrong, you may cast it without paying its mana cost. If you don't cast a spell this way, investigate. (Create a Clue token. It's an artifact with ""{2}, Sacrifice this token: Draw a card."")",True,9384.0
the sixth doctor,legendary creature — time lord doctor,rare,Doctor Who,WHO,True,2023-10-13,2023,"[""Time Lord's Prerogative""]",1,6.0,3.0,3.0,12.0,,"['G', 'U']",True,"Time Lord's Prerogative - Whenever you cast a historic spell, copy it, except the copy isn't legendary. This ability triggers only once each turn. (Artifacts, legendaries, and Sagas are historic. A copy of a permanent spell becomes a token.)",True,5611.0
"strax, sontaran nurse",legendary creature — alien cleric,rare,Doctor Who,WHO,True,2023-10-13,2023,"['Fight', 'Glory of Battle', 'Grenades!', 'Trample', 'Vigilance']",5,5.0,5.0,5.0,15.0,,"['G', 'R']",True,"Vigilance, trample
Grenades! - {2}, {T}, Sacrifice an artifact: Choose a player at random. When you do, Strax fights another target creature that player controls.
Glory of Battle - Whenever Strax deals damage to a creature, put a +1/+1 counter on Strax.",True,18241.0
sycorax commander,creature — alien soldier,rare,Doctor Who,WHO,True,2023-10-13,2023,"['First strike', 'Haste', 'Sanctified Rules of Combat']",3,4.0,4.0,2.0,10.0,,"['B', 'R']",True,"First strike, haste
Sanctified Rules of Combat - When this creature enters, each opponent faces a villainous choice - That opponent discards all the cards in their hand, then draws that many cards minus one, or this creature deals damage to that player equal to the number of cards in their hand.",True,9825.0
the third doctor,legendary creature — time lord doctor,rare,Doctor Who,WHO,True,2023-10-13,2023,"['Food', 'Trample', 'Treasure']",3,4.0,2.0,2.0,8.0,,"['G', 'U']",True,"Trample
The Third Doctor gets +1/+1 for each noncreature token you control.
When The Third Doctor enters, create your choice of a Clue token, a Food token, or a Treasure token.",True,7857.0
truth or consequences,sorcery,uncommon,Doctor Who,WHO,True,2023-10-13,2023,['Secret council'],1,4.0,,,4.0,,"['R', 'U']",True,"Secret council - Each player secretly votes for truth or consequences, then those votes are revealed. You draw cards equal to the number of truth votes. Then choose an opponent at random. Truth or Consequences deals 3 damage to that player for each consequences vote.",True,10250.0
the twelfth doctor,legendary creature — time lord doctor,rare,Doctor Who,WHO,True,2023-10-13,2023,[],0,5.0,4.0,4.0,13.0,,"['R', 'U']",True,"The first spell you cast from anywhere other than your hand each turn has demonstrate. (When you cast that spell, you may copy it. If you do, choose an opponent to also copy it. A copy of a permanent spell becomes a token.)
Whenever you copy a spell, put a +1/+1 counter on The Twelfth Doctor.",True,6248.0
the valeyard,legendary creature — time lord noble,rare,Doctor Who,WHO,True,2023-10-13,2023,[],0,5.0,4.0,5.0,14.0,,"['B', 'R', 'U']",True,"If an opponent would face a villainous choice, they face that choice an additional time. (They can make the same or different choices.)
While voting, you may vote an additional time.",True,8636.0
"vrestin, menoptra leader",legendary creature — alien insect scout,rare,Doctor Who,WHO,True,2023-10-13,2023,['Flying'],1,3.0,0.0,0.0,3.0,,"['G', 'W']",True,"Flying
Vrestin enters with X +1/+1 counters on it.
When Vrestin enters, create X 1/1 green and white Alien Insect creature tokens with flying.
Whenever you attack with one or more Insects, put a +1/+1 counter on each of them.",True,12417.0
the war doctor,legendary creature — time lord doctor,rare,Doctor Who,WHO,True,2023-10-13,2023,[],0,4.0,3.0,5.0,12.0,,"['R', 'W']",True,"Whenever one or more other permanents phase out and whenever one or more other cards are put into exile from anywhere, put a time counter on The War Doctor.
Whenever The War Doctor attacks, it deals damage equal to the number of time counters on it to any target. If a creature dealt damage this way would die this turn, exile it instead.",True,6524.0
weeping angel,artifact creature — alien angel,rare,Doctor Who,WHO,True,2023-10-13,2023,"['First strike', 'Flash', 'Vigilance']",3,3.0,2.0,2.0,7.0,,"['B', 'U']",True,"Flash
First strike, vigilance
Whenever an opponent casts a creature spell, this creature isn't a creature until end of turn.
If this creature would deal combat damage to a creature, prevent that damage and that creature's owner shuffles it into their library.",True,8237.0
wreck and rebuild,sorcery,uncommon,Doctor Who,WHO,True,2023-10-13,2023,"['Flashback', 'Mill']",2,3.0,,,3.0,,"['G', 'R']",True,"Choose one -
• Destroy target artifact or enchantment.
• Mill five cards, then you may put a land card from your graveyard onto the battlefield tapped.
Flashback {3}{R}{G}",True,7682.0
ace's baseball bat,legendary artifact — equipment,rare,Doctor Who,WHO,True,2023-10-13,2023,['Equip'],1,2.0,,,2.0,,[],False,"Equipped creature gets +3/+0.
As long as equipped creature is attacking, it has first strike and must be blocked by a Dalek if able.
Equip legendary creature {1}
Equip {3}",True,11015.0
"bessie, the doctor's roadster",legendary artifact — vehicle,rare,Doctor Who,WHO,True,2023-10-13,2023,"['Crew', 'Haste']",2,2.0,3.0,4.0,9.0,,[],False,"Haste
Whenever Bessie attacks, another target legendary creature can't be blocked this turn.
Crew 2 (Tap any number of creatures you control with total power 2 or more: This Vehicle becomes an artifact creature until end of turn.)",True,10244.0
clockwork droid,artifact creature — robot,uncommon,Doctor Who,WHO,True,2023-10-13,2023,"['Exert', 'Scry']",2,2.0,3.0,1.0,6.0,,[],False,"You may exert this creature as it attacks. When you do, it can't be blocked this turn and you scry 1. (An exerted creature won't untap during your next untap step. To scry 1, look at the top card of your library. You may put that card on the bottom.)",True,14682.0
confession dial,artifact,rare,Doctor Who,WHO,True,2023-10-13,2023,['Surveil'],1,3.0,,,3.0,,[],False,"When this artifact enters, surveil 3.
{T}: Target legendary creature card in your graveyard gains escape until end of turn. The escape cost is equal to its mana cost plus exile three other cards from your graveyard. (You may cast it from your graveyard for its escape cost this turn.)",True,12428.0
cyberman patrol,artifact creature — cyberman,uncommon,Doctor Who,WHO,True,2023-10-13,2023,[],0,2.0,2.0,2.0,6.0,,[],False,"Artifact creatures you control have afflict 3. (Whenever a creature with afflict 3 becomes blocked, defending player loses 3 life.)",True,2608.0
cybermat,artifact creature — robot,uncommon,Doctor Who,WHO,True,2023-10-13,2023,['Skulk'],1,2.0,2.0,1.0,5.0,,[],False,"Skulk (This creature can't be blocked by creatures with greater power.)
Whenever this creature attacks and isn't blocked, it gets +X/+0 until end of turn, where X is the number of attacking artifact creatures.",True,11155.0
cybermen squadron,artifact creature — cyberman,rare,Doctor Who,WHO,True,2023-10-13,2023,[],0,7.0,5.0,5.0,17.0,,[],False,"Nonlegendary artifact creatures you control have myriad. (Whenever a creature with myriad attacks, for each opponent other than defending player, you may create a token copy that's tapped and attacking that player or a planeswalker they control. Exile the tokens at end of combat.)",True,1999.0
cybership,artifact — vehicle,rare,Doctor Who,WHO,True,2023-10-13,2023,"['Crew', 'Flying']",2,6.0,8.0,8.0,22.0,,[],False,"Flying
Whenever this Vehicle deals combat damage to a player, put the top two cards of that player's library onto the battlefield face down under your control. They're 2/2 Cyberman artifact creatures.
Crew 4",True,5479.0
laser screwdriver,artifact,uncommon,Doctor Who,WHO,True,2023-10-13,2023,"['Goad', 'Surveil']",2,3.0,,,3.0,,[],False,"{T}: Add one mana of any color.
{1}, {T}: Tap target artifact.
{2}, {T}: Surveil 1. (Look at the top card of your library. You may put that card into your graveyard.)
{3}, {T}: Goad target creature. (Until your next turn, it attacks each combat if able and attacks a player other than you if able.)",True,5872.0
midnight crusader shuttle,artifact — vehicle,uncommon,Doctor Who,WHO,True,2023-10-13,2023,"['Crew', 'Midnight Entity']",2,4.0,3.0,4.0,11.0,,[],False,"Midnight Entity - Whenever this Vehicle attacks, defending player faces a villainous choice - That player sacrifices a creature of their choice, or you gain control of a creature of your choice that player controls until end of turn. If you gain control of a creature this way, tap it, and it's attacking that player.
Crew 2",True,7963.0
the moment,legendary artifact,rare,Doctor Who,WHO,True,2023-10-13,2023,[],0,2.0,,,2.0,,[],False,"At the beginning of your upkeep, put a time counter on The Moment.
{2}, {T}: Untap target creature you control. It phases out until The Moment leaves the battlefield.
{3}, {T}: Destroy each nonland permanent with mana value less than or equal to the number of time counters on The Moment. Then sacrifice The Moment. Activate only as a sorcery.",True,12283.0
psychic paper,artifact — equipment,uncommon,Doctor Who,WHO,True,2023-10-13,2023,['Equip'],1,2.0,,,2.0,,[],False,"As this Equipment becomes attached to a creature, choose a creature card name and a creature type.
Equipped creature has ward {1}, it can't be blocked, and its name and creature type are the last chosen name and creature type.
Equip {2}",True,5820.0
river song's diary,artifact,rare,Doctor Who,WHO,True,2023-10-13,2023,['Imprint'],1,3.0,,,3.0,,[],False,"Imprint - Whenever a player casts an instant or sorcery spell from their hand, exile it instead of putting it into a graveyard as it resolves.
At the beginning of your upkeep, if there are four or more cards exiled with this artifact, choose one of them at random. You may cast it without paying its mana cost.",True,5204.0
rotating fireplace,artifact,rare,Doctor Who,WHO,True,2023-10-13,2023,['Time Travel'],1,3.0,,,3.0,,[],False,"This artifact enters tapped with a time counter on it.
{T}: Add an amount of {C} equal to the number of time counters on this artifact.
{4}, {T}: Time travel. Activate only as a sorcery. (For each suspended card you own and each permanent you control with a time counter on it, you may add or remove a time counter.)",True,7699.0
sonic screwdriver,artifact,uncommon,Doctor Who,WHO,True,2023-10-13,2023,['Scry'],1,3.0,,,3.0,,[],False,"{T}: Add one mana of any color.
{1}, {T}: Untap another target artifact.
{2}, {T}: Scry 1. (Look at the top card of your library. You may put that card on the bottom.)
{3}, {T}: Target creature can't be blocked this turn.",True,1675.0
sonic screwdriver,artifact,uncommon,Doctor Who,WHO,True,2023-10-13,2023,['Scry'],1,3.0,,,3.0,,[],False,"{T}: Add one mana of any color.
{1}, {T}: Untap another target artifact.
{2}, {T}: Scry 1. (Look at the top card of your library. You may put that card on the bottom.)
{3}, {T}: Target creature can't be blocked this turn.",True,1675.0
sonic screwdriver,artifact,uncommon,Doctor Who,WHO,True,2023-10-13,2023,['Scry'],1,3.0,,,3.0,,[],False,"{T}: Add one mana of any color.
{1}, {T}: Untap another target artifact.
{2}, {T}: Scry 1. (Look at the top card of your library. You may put that card on the bottom.)
{3}, {T}: Target creature can't be blocked this turn.",True,1675.0
tardis,artifact — vehicle,uncommon,Doctor Who,WHO,True,2023-10-13,2023,"['Crew', 'Flying']",2,2.0,2.0,4.0,8.0,,[],False,"Flying
Whenever this Vehicle attacks, if you control a Time Lord, the next spell you cast this turn has cascade and you may planeswalk.
Crew 2 (Tap any number of creatures you control with total power 2 or more: This Vehicle becomes an artifact creature until end of turn.)",True,6083.0
gallifrey council chamber,legendary land,rare,Doctor Who,WHO,True,2023-10-13,2023,['Surveil'],1,0.0,,,0.0,,[],False,"When Gallifrey Council Chamber enters, surveil 1. (Look at the top card of your library. You may put that card into your graveyard.)
{T}: Add {C}.
{T}: Add one mana of any color. Spend this mana only to cast a Time Lord or Alien spell or activate an ability of a Time Lord or Alien.",True,4951.0
ominous cemetery,land,uncommon,Doctor Who,WHO,True,2023-10-13,2023,[],0,0.0,,,0.0,,[],False,"{T}: Add {C}.
{5}, {T}, Exile this land: Target creature's owner shuffles it into their library.",True,5184.0
trenzalore clocktower,legendary land,rare,Doctor Who,WHO,True,2023-10-13,2023,[],0,0.0,,,0.0,,[],False,"{T}: Add {U}. Put a time counter on Trenzalore Clocktower.
{1}{U}, {T}, Remove twelve time counters from Trenzalore Clocktower and exile it: Shuffle your graveyard and hand into your library, then draw seven cards. Activate only if you control a Time Lord.",True,3950.0
"osgood, operation double",legendary creature — human alien shapeshifter,rare,Doctor Who,WHO,True,2023-10-13,2023,"['Investigate', 'Paradox']",2,4.0,2.0,2.0,8.0,,['U'],False,"When you cast this spell, create a token that's a copy of it, except it isn't legendary.
{T}: Add {C}. Spend this mana only to cast an artifact spell or activate an ability of an artifact.
Paradox - Whenever you cast a spell from anywhere other than your hand, investigate. (Create a Clue token. It's an artifact with ""{2}, Sacrifice this token: Draw a card."")",True,11778.0
"davros, dalek creator",legendary artifact creature — alien scientist,mythic,Doctor Who,WHO,True,2023-10-13,2023,['Menace'],1,4.0,3.0,4.0,11.0,,"['B', 'R', 'U']",True,"Menace
At the beginning of your end step, create a 3/3 black Dalek artifact creature token with menace if an opponent lost 3 or more life this turn. Then each opponent who lost 3 or more life this turn faces a villainous choice - You draw a card, or that player discards a card.",True,7339.0
the fourth doctor,legendary creature — time lord doctor,mythic,Doctor Who,WHO,True,2023-10-13,2023,['Food'],1,4.0,4.0,4.0,12.0,,"['G', 'U']",True,"You may look at the top card of your library any time.
Would You Like A...? - Once each turn, you may play a historic land or cast a historic spell from the top of your library. When you do, create a Food token. (Artifacts, legendaries, and Sagas are historic.)",True,8404.0
the tenth doctor,legendary creature — time lord doctor,mythic,Doctor Who,WHO,True,2023-10-13,2023,"['Allons-y!', 'Time Travel', 'Timey-Wimey']",3,5.0,3.0,5.0,13.0,,"['R', 'U']",True,"Allons-y! - Whenever you attack, exile cards from the top of your library until you exile a nonland card. Put three time counters on it. If it doesn't have suspend, it gains suspend.
Timey-Wimey - {7}: Time travel three times. Activate only as a sorcery. (For each suspended card you own and each permanent you control with a time counter on it, you may add or remove a time counter. Then do it two more times.)",True,5385.0
the thirteenth doctor,legendary creature — time lord doctor,mythic,Doctor Who,WHO,True,2023-10-13,2023,"['Paradox', 'Team TARDIS']",2,3.0,2.0,2.0,7.0,,"['G', 'U']",True,"Paradox - Whenever you cast a spell from anywhere other than your hand, put a +1/+1 counter on target creature.
Team TARDIS - At the beginning of your end step, untap each creature you control with a counter on it.",True,4263.0
plains,basic land — plains,common,Doctor Who,WHO,True,2023-10-13,2023,[],0,0.0,,,0.0,,[],False,({T}: Add {W}.),True,
plains,basic land — plains,common,Doctor Who,WHO,True,2023-10-13,2023,[],0,0.0,,,0.0,,[],False,({T}: Add {W}.),True,
island,basic land — island,common,Doctor Who,WHO,True,2023-10-13,2023,[],0,0.0,,,0.0,,[],False,({T}: Add {U}.),True,
island,basic land — island,common,Doctor Who,WHO,True,2023-10-13,2023,[],0,0.0,,,0.0,,[],False,({T}: Add {U}.),True,
swamp,basic land — swamp,common,Doctor Who,WHO,True,2023-10-13,2023,[],0,0.0,,,0.0,,[],False,({T}: Add {B}.),True,
swamp,basic land — swamp,common,Doctor Who,WHO,True,2023-10-13,2023,[],0,0.0,,,0.0,,[],False,({T}: Add {B}.),True,
mountain,basic land — mountain,common,Doctor Who,WHO,True,2023-10-13,2023,[],0,0.0,,,0.0,,[],False,({T}: Add {R}.),True,
mountain,basic land — mountain,common,Doctor Who,WHO,True,2023-10-13,2023,[],0,0.0,,,0.0,,[],False,({T}: Add {R}.),True,
forest,basic land — forest,common,Doctor Who,WHO,True,2023-10-13,2023,[],0,0.0,,,0.0,,[],False,({T}: Add {G}.),True,
forest,basic land — forest,common,Doctor Who,WHO,True,2023-10-13,2023,[],0,0.0,,,0.0,,[],False,({T}: Add {G}.),True,
day of destiny,legendary enchantment,rare,Doctor Who,WHO,True,2023-10-13,2023,[],0,4.0,,,4.0,,['W'],False,Legendary creatures you control get +2/+2.,True,5684.0
farewell,sorcery,rare,Doctor Who,WHO,True,2023-10-13,2023,[],0,6.0,,,6.0,,['W'],False,"Choose one or more -
• Exile all artifacts.
• Exile all creatures.
• Exile all enchantments.
• Exile all graveyards.",True,140.0
grasp of fate,enchantment,rare,Doctor Who,WHO,True,2023-10-13,2023,[],0,3.0,,,3.0,,['W'],False,"When this enchantment enters, for each opponent, exile up to one target nonland permanent that player controls until this enchantment leaves the battlefield. (Those permanents return under their owners' control.)",True,1039.0
out of time,enchantment,rare,Doctor Who,WHO,True,2023-10-13,2023,['Vanishing'],1,3.0,,,3.0,,['W'],False,"When this enchantment enters, untap all creatures, then those creatures phase out until this enchantment leaves the battlefield. Put a time counter on this enchantment for each creature that phased out this way.
Vanishing (At the beginning of your upkeep, remove a time counter from this enchantment. When the last is removed, sacrifice it.)",True,5384.0
path to exile,instant,uncommon,Doctor Who,WHO,True,2023-10-13,2023,[],0,1.0,,,1.0,,['W'],False,"Exile target creature. Its controller may search their library for a basic land card, put that card onto the battlefield tapped, then shuffle.",True,15.0
return to dust,instant,uncommon,Doctor Who,WHO,True,2023-10-13,2023,[],0,4.0,,,4.0,,['W'],False,"Exile target artifact or enchantment. If you cast this spell during your main phase, you may exile up to one other target artifact or enchantment.",True,1181.0
swords to plowshares,instant,uncommon,Doctor Who,WHO,True,2023-10-13,2023,[],0,1.0,,,1.0,,['W'],False,Exile target creature. Its controller gains life equal to its power.,True,11.0
wedding ring,artifact,mythic,Doctor Who,WHO,True,2023-10-13,2023,[],0,4.0,,,4.0,,['W'],False,"When this artifact enters, if it was cast, target opponent creates a token that's a copy of it.
Whenever an opponent who controls an artifact named Wedding Ring draws a card during their turn, you draw a card.
Whenever an opponent who controls an artifact named Wedding Ring gains life during their turn, you gain that much life.",True,2095.0
as foretold,enchantment,rare,Doctor Who,WHO,True,2023-10-13,2023,[],0,3.0,,,3.0,,['U'],False,"At the beginning of your upkeep, put a time counter on this enchantment.
Once each turn, you may pay {0} rather than pay the mana cost for a spell you cast with mana value X or less, where X is the number of time counters on this enchantment.",True,1578.0
clockspinning,instant,common,Doctor Who,WHO,True,2023-10-13,2023,['Buyback'],1,1.0,,,1.0,,['U'],False,"Buyback {3} (You may pay an additional {3} as you cast this spell. If you do, put this card into your hand as it resolves.)
Choose a counter on target permanent or suspended card. Remove that counter from that permanent or card or put another of those counters on it.",True,3866.0
inspiring refrain,sorcery,rare,Doctor Who,WHO,True,2023-10-13,2023,['Suspend'],1,6.0,,,6.0,,['U'],False,"Draw two cards. Exile Inspiring Refrain with three time counters on it.
Suspend 3-{2}{U} (Rather than cast this card from your hand, you may pay {2}{U} and exile it with three time counters on it. At the beginning of your upkeep, remove a time counter. When the last is removed, you may cast it without paying its mana cost.)",True,3277.0
ponder,sorcery,common,Doctor Who,WHO,True,2023-10-13,2023,[],0,1.0,,,1.0,,['U'],False,"Look at the top three cards of your library, then put them back in any order. You may shuffle.
Draw a card.",True,148.0
preordain,sorcery,common,Doctor Who,WHO,True,2023-10-13,2023,['Scry'],1,1.0,,,1.0,,['U'],False,"Scry 2, then draw a card. (To scry 2, look at the top two cards of your library, then put any number of them on the bottom and the rest on top in any order.)",True,207.0
propaganda,enchantment,uncommon,Doctor Who,WHO,True,2023-10-13,2023,[],0,3.0,,,3.0,,['U'],False,Creatures can't attack you unless their controller pays {2} for each creature they control that's attacking you.,True,120.0
think twice,instant,common,Doctor Who,WHO,True,2023-10-13,2023,['Flashback'],1,2.0,,,2.0,,['U'],False,"Draw a card.
Flashback {2}{U} (You may cast this card from your graveyard for its flashback cost. Then exile it.)",True,2307.0
feed the swarm,sorcery,common,Doctor Who,WHO,True,2023-10-13,2023,[],0,2.0,,,2.0,,['B'],False,Destroy target creature or enchantment an opponent controls. You lose life equal to that permanent's mana value.,True,82.0
snuff out,instant,uncommon,Doctor Who,WHO,True,2023-10-13,2023,[],0,4.0,,,4.0,,['B'],False,"If you control a Swamp, you may pay 4 life rather than pay this spell's mana cost.
Destroy target nonblack creature. It can't be regenerated.",True,895.0
wound reflection,enchantment,rare,Doctor Who,WHO,True,2023-10-13,2023,[],0,6.0,,,6.0,,['B'],False,"At the beginning of each end step, each opponent loses life equal to the life they lost this turn. (Damage causes loss of life.)",True,1886.0
blasphemous act,sorcery,rare,Doctor Who,WHO,True,2023-10-13,2023,[],0,9.0,,,9.0,,['R'],False,"This spell costs {1} less to cast for each creature on the battlefield.
Blasphemous Act deals 13 damage to each creature.",True,23.0
chaos warp,instant,rare,Doctor Who,WHO,True,2023-10-13,2023,[],0,3.0,,,3.0,,['R'],False,"The owner of target permanent shuffles it into their library, then reveals the top card of their library. If it's a permanent card, they put it onto the battlefield.",True,29.0
cursed mirror,artifact,rare,Doctor Who,WHO,True,2023-10-13,2023,[],0,3.0,,,3.0,,['R'],False,"{T}: Add {R}.
As this artifact enters, you may have it become a copy of any creature on the battlefield until end of turn, except it has haste.",True,443.0
throes of chaos,sorcery,uncommon,Doctor Who,WHO,True,2023-10-13,2023,"['Cascade', 'Retrace']",2,4.0,,,4.0,,['R'],False,"Cascade (When you cast this spell, exile cards from the top of your library until you exile a nonland card that costs less. You may cast it without paying its mana cost. Put the exiled cards on the bottom in a random order.)
Retrace (You may cast this card from your graveyard by discarding a land card in addition to paying its other costs.)",True,5169.0
beast within,instant,uncommon,Doctor Who,WHO,True,2023-10-13,2023,[],0,3.0,,,3.0,,['G'],False,Destroy target permanent. Its controller creates a 3/3 green Beast creature token.,True,25.0
carpet of flowers,enchantment,rare,Doctor Who,WHO,True,2023-10-13,2023,[],0,1.0,,,1.0,,['G'],False,"At the beginning of each of your main phases, if you haven't added mana with this ability this turn, you may add X mana of any one color, where X is the number of Islands target opponent controls.",True,1046.0
cultivate,sorcery,common,Doctor Who,WHO,True,2023-10-13,2023,[],0,3.0,,,3.0,,['G'],False,"Search your library for up to two basic land cards, reveal those cards, put one onto the battlefield tapped and the other into your hand, then shuffle.",True,20.0
explore,sorcery,common,Doctor Who,WHO,True,2023-10-13,2023,[],0,2.0,,,2.0,,['G'],False,"You may play an additional land this turn.
Draw a card.",True,230.0
farseek,sorcery,common,Doctor Who,WHO,True,2023-10-13,2023,[],0,2.0,,,2.0,,['G'],False,"Search your library for a Plains, Island, Swamp, or Mountain card, put it onto the battlefield tapped, then shuffle.",True,24.0
heroic intervention,instant,rare,Doctor Who,WHO,True,2023-10-13,2023,[],0,2.0,,,2.0,,['G'],False,Permanents you control gain hexproof and indestructible until end of turn.,True,32.0
search for tomorrow,sorcery,common,Doctor Who,WHO,True,2023-10-13,2023,['Suspend'],1,3.0,,,3.0,,['G'],False,"Search your library for a basic land card, put it onto the battlefield, then shuffle.
Suspend 2-{G} (Rather than cast this card from your hand, you may pay {G} and exile it with two time counters on it. At the beginning of your upkeep, remove a time counter. When the last is removed, you may cast it without paying its mana cost.)",True,1360.0
three visits,sorcery,uncommon,Doctor Who,WHO,True,2023-10-13,2023,[],0,2.0,,,2.0,,['G'],False,"Search your library for a Forest card, put it onto the battlefield, then shuffle.",True,44.0
fractured identity,sorcery,rare,Doctor Who,WHO,True,2023-10-13,2023,[],0,5.0,,,5.0,,"['U', 'W']",True,Exile target nonland permanent. Each player other than its controller creates a token that's a copy of it.,True,4385.0
growth spiral,instant,common,Doctor Who,WHO,True,2023-10-13,2023,[],0,2.0,,,2.0,,"['G', 'U']",True,Draw a card. You may put a land card from your hand onto the battlefield.,True,208.0
time wipe,sorcery,rare,Doctor Who,WHO,True,2023-10-13,2023,[],0,5.0,,,5.0,,"['U', 'W']",True,"Return a creature you control to its owner's hand, then destroy all creatures.",True,1223.0
arcane signet,artifact,common,Doctor Who,WHO,True,2023-10-13,2023,[],0,2.0,,,2.0,,[],False,{T}: Add one mana of any color in your commander's color identity.,True,3.0
commander's sphere,artifact,common,Doctor Who,WHO,True,2023-10-13,2023,[],0,3.0,,,3.0,,[],False,"{T}: Add one mana of any color in your commander's color identity.
Sacrifice this artifact: Draw a card.",True,36.0
hero's blade,artifact — equipment,uncommon,Doctor Who,WHO,True,2023-10-13,2023,['Equip'],1,2.0,,,2.0,,[],False,"Equipped creature gets +3/+2.
Whenever a legendary creature you control enters, you may attach this Equipment to it.
Equip {4} ({4}: Attach to target creature you control. Equip only as a sorcery.)",True,1976.0
heroes' podium,legendary artifact,rare,Doctor Who,WHO,True,2023-10-13,2023,[],0,5.0,,,5.0,,[],False,"Each legendary creature you control gets +1/+1 for each other legendary creature you control.
{X}, {T}: Look at the top X cards of your library. You may reveal a legendary creature card from among them and put it into your hand. Put the rest on the bottom of your library in a random order.",True,2406.0
lightning greaves,artifact — equipment,uncommon,Doctor Who,WHO,True,2023-10-13,2023,['Equip'],1,2.0,,,2.0,,[],False,"Equipped creature has haste and shroud. (It can't be the target of spells or abilities.)
Equip {0}",True,13.0
mind stone,artifact,uncommon,Doctor Who,WHO,True,2023-10-13,2023,[],0,2.0,,,2.0,,[],False,"{T}: Add {C}.
{1}, {T}, Sacrifice this artifact: Draw a card.",True,28.0
sol ring,artifact,uncommon,Doctor Who,WHO,True,2023-10-13,2023,[],0,1.0,,,1.0,,[],False,{T}: Add {C}{C}.,True,1.0
solemn simulacrum,artifact creature — golem,rare,Doctor Who,WHO,True,2023-10-13,2023,[],0,4.0,2.0,2.0,8.0,,[],False,"When this creature enters, you may search your library for a basic land card, put that card onto the battlefield tapped, then shuffle.
When this creature dies, you may draw a card.",True,33.0
talisman of conviction,artifact,uncommon,Doctor Who,WHO,True,2023-10-13,2023,[],0,2.0,,,2.0,,[],False,"{T}: Add {C}.
{T}: Add {R} or {W}. This artifact deals 1 damage to you.",True,157.0
talisman of creativity,artifact,uncommon,Doctor Who,WHO,True,2023-10-13,2023,[],0,2.0,,,2.0,,[],False,"{T}: Add {C}.
{T}: Add {U} or {R}. This artifact deals 1 damage to you.",True,123.0
talisman of curiosity,artifact,uncommon,Doctor Who,WHO,True,2023-10-13,2023,[],0,2.0,,,2.0,,[],False,"{T}: Add {C}.
{T}: Add {G} or {U}. This artifact deals 1 damage to you.",True,432.0
talisman of dominance,artifact,uncommon,Doctor Who,WHO,True,2023-10-13,2023,[],0,2.0,,,2.0,,[],False,"{T}: Add {C}.
{T}: Add {U} or {B}. This artifact deals 1 damage to you.",True,87.0
talisman of impulse,artifact,uncommon,Doctor Who,WHO,True,2023-10-13,2023,[],0,2.0,,,2.0,,[],False,"{T}: Add {C}.
{T}: Add {R} or {G}. This artifact deals 1 damage to you.",True,590.0
talisman of indulgence,artifact,uncommon,Doctor Who,WHO,True,2023-10-13,2023,[],0,2.0,,,2.0,,[],False,"{T}: Add {C}.
{T}: Add {B} or {R}. This artifact deals 1 damage to you.",True,128.0
talisman of progress,artifact,uncommon,Doctor Who,WHO,True,2023-10-13,2023,[],0,2.0,,,2.0,,[],False,"{T}: Add {C}.
{T}: Add {W} or {U}. This artifact deals 1 damage to you.",True,152.0
talisman of unity,artifact,uncommon,Doctor Who,WHO,True,2023-10-13,2023,[],0,2.0,,,2.0,,[],False,"{T}: Add {C}.
{T}: Add {G} or {W}. This artifact deals 1 damage to you.",True,918.0
thought vessel,artifact,uncommon,Doctor Who,WHO,True,2023-10-13,2023,[],0,2.0,,,2.0,,[],False,"You have no maximum hand size.
{T}: Add {C}.",True,21.0
wayfarer's bauble,artifact,common,Doctor Who,WHO,True,2023-10-13,2023,[],0,1.0,,,1.0,,[],False,"{2}, {T}, Sacrifice this artifact: Search your library for a basic land card, put that card onto the battlefield tapped, then shuffle.",True,94.0
ash barrens,land,uncommon,Doctor Who,WHO,True,2023-10-13,2023,"['Basic landcycling', 'Cycling', 'Landcycling']",3,0.0,,,0.0,,[],False,"{T}: Add {C}.
Basic landcycling {1} ({1}, Discard this card: Search your library for a basic land card, reveal it, put it into your hand, then shuffle.)",True,184.0
canopy vista,land — forest plains,rare,Doctor Who,WHO,True,2023-10-13,2023,[],0,0.0,,,0.0,,[],False,"({T}: Add {G} or {W}.)
This land enters tapped unless you control two or more basic lands.",True,103.0
canyon slough,land — swamp mountain,rare,Doctor Who,WHO,True,2023-10-13,2023,['Cycling'],1,0.0,,,0.0,,[],False,"({T}: Add {B} or {R}.)
This land enters tapped.
Cycling {2} ({2}, Discard this card: Draw a card.)",True,789.0
celestial colonnade,land,rare,Doctor Who,WHO,True,2023-10-13,2023,[],0,0.0,,,0.0,,[],False,"This land enters tapped.
{T}: Add {W} or {U}.
{3}{W}{U}: Until end of turn, this land becomes a 4/4 white and blue Elemental creature with flying and vigilance. It's still a land.",True,5210.0
choked estuary,land,rare,Doctor Who,WHO,True,2023-10-13,2023,[],0,0.0,,,0.0,,[],False,"As this land enters, you may reveal an Island or Swamp card from your hand. If you don't, this land enters tapped.
{T}: Add {U} or {B}.",True,273.0
cinder glade,land — mountain forest,rare,Doctor Who,WHO,True,2023-10-13,2023,[],0,0.0,,,0.0,,[],False,"({T}: Add {R} or {G}.)
This land enters tapped unless you control two or more basic lands.",True,84.0
command tower,land,common,Doctor Who,WHO,True,2023-10-13,2023,[],0,0.0,,,0.0,,[],False,{T}: Add one mana of any color in your commander's color identity.,True,2.0
command tower,land,common,Doctor Who,WHO,True,2023-10-13,2023,[],0,0.0,,,0.0,,[],False,{T}: Add one mana of any color in your commander's color identity.,True,2.0
command tower,land,common,Doctor Who,WHO,True,2023-10-13,2023,[],0,0.0,,,0.0,,[],False,{T}: Add one mana of any color in your commander's color identity.,True,2.0
command tower,land,common,Doctor Who,WHO,True,2023-10-13,2023,[],0,0.0,,,0.0,,[],False,{T}: Add one mana of any color in your commander's color identity.,True,2.0
creeping tar pit,land,rare,Doctor Who,WHO,True,2023-10-13,2023,[],0,0.0,,,0.0,,[],False,"This land enters tapped.
{T}: Add {U} or {B}.
{1}{U}{B}: This land becomes a 3/2 blue and black Elemental creature until end of turn and can't be blocked this turn. It's still a land.",True,2569.0
crumbling necropolis,land,uncommon,Doctor Who,WHO,True,2023-10-13,2023,[],0,0.0,,,0.0,,[],False,"This land enters tapped.
{T}: Add {U}, {B}, or {R}.",True,330.0
darkwater catacombs,land,rare,Doctor Who,WHO,True,2023-10-13,2023,[],0,0.0,,,0.0,,[],False,"{1}, {T}: Add {U}{B}.",True,294.0
deserted beach,land,rare,Doctor Who,WHO,True,2023-10-13,2023,[],0,0.0,,,0.0,,[],False,"This land enters tapped unless you control two or more other lands.
{T}: Add {W} or {U}.",True,274.0
desolate lighthouse,land,rare,Doctor Who,WHO,True,2023-10-13,2023,[],0,0.0,,,0.0,,[],False,"{T}: Add {C}.
{1}{U}{R}, {T}: Draw a card, then discard a card.",True,1967.0
dragonskull summit,land,rare,Doctor Who,WHO,True,2023-10-13,2023,[],0,0.0,,,0.0,,[],False,"This land enters tapped unless you control a Swamp or a Mountain.
{T}: Add {B} or {R}.",True,99.0
dreamroot cascade,land,rare,Doctor Who,WHO,True,2023-10-13,2023,[],0,0.0,,,0.0,,[],False,"This land enters tapped unless you control two or more other lands.
{T}: Add {G} or {U}.",True,196.0
drowned catacomb,land,rare,Doctor Who,WHO,True,2023-10-13,2023,[],0,0.0,,,0.0,,[],False,"This land enters tapped unless you control an Island or a Swamp.
{T}: Add {U} or {B}.",True,114.0
evolving wilds,land,common,Doctor Who,WHO,True,2023-10-13,2023,[],0,0.0,,,0.0,,[],False,"{T}, Sacrifice this land: Search your library for a basic land card, put it onto the battlefield tapped, then shuffle.",True,16.0
exotic orchard,land,rare,Doctor Who,WHO,True,2023-10-13,2023,[],0,0.0,,,0.0,,[],False,{T}: Add one mana of any color that a land an opponent controls could produce.,True,9.0
fetid pools,land — island swamp,rare,Doctor Who,WHO,True,2023-10-13,2023,['Cycling'],1,0.0,,,0.0,,[],False,"({T}: Add {U} or {B}.)
This land enters tapped.
Cycling {2} ({2}, Discard this card: Draw a card.)",True,827.0
fiery islet,land,rare,Doctor Who,WHO,True,2023-10-13,2023,[],0,0.0,,,0.0,,[],False,"{T}, Pay 1 life: Add {U} or {R}.
{1}, {T}, Sacrifice this land: Draw a card.",True,773.0
foreboding ruins,land,rare,Doctor Who,WHO,True,2023-10-13,2023,[],0,0.0,,,0.0,,[],False,"As this land enters, you may reveal a Swamp or Mountain card from your hand. If you don't, this land enters tapped.
{T}: Add {B} or {R}.",True,307.0
fortified village,land,rare,Doctor Who,WHO,True,2023-10-13,2023,[],0,0.0,,,0.0,,[],False,"As this land enters, you may reveal a Forest or Plains card from your hand. If you don't, this land enters tapped.
{T}: Add {G} or {W}.",True,326.0
frontier bivouac,land,uncommon,Doctor Who,WHO,True,2023-10-13,2023,[],0,0.0,,,0.0,,[],False,"This land enters tapped.
{T}: Add {G}, {U}, or {R}.",True,389.0
frostboil snarl,land,rare,Doctor Who,WHO,True,2023-10-13,2023,[],0,0.0,,,0.0,,[],False,"As this land enters, you may reveal an Island or Mountain card from your hand. If you don't, this land enters tapped.
{T}: Add {U} or {R}.",True,342.0
furycalm snarl,land,rare,Doctor Who,WHO,True,2023-10-13,2023,[],0,0.0,,,0.0,,[],False,"As this land enters, you may reveal a Mountain or Plains card from your hand. If you don't, this land enters tapped.
{T}: Add {R} or {W}.",True,359.0
game trail,land,rare,Doctor Who,WHO,True,2023-10-13,2023,[],0,0.0,,,0.0,,[],False,"As this land enters, you may reveal a Mountain or Forest card from your hand. If you don't, this land enters tapped.
{T}: Add {R} or {G}.",True,334.0
glacial fortress,land,rare,Doctor Who,WHO,True,2023-10-13,2023,[],0,0.0,,,0.0,,[],False,"This land enters tapped unless you control a Plains or an Island.
{T}: Add {W} or {U}.",True,111.0
haunted ridge,land,rare,Doctor Who,WHO,True,2023-10-13,2023,[],0,0.0,,,0.0,,[],False,"This land enters tapped unless you control two or more other lands.
{T}: Add {B} or {R}.",True,272.0
horizon canopy,land,rare,Doctor Who,WHO,True,2023-10-13,2023,[],0,0.0,,,0.0,,[],False,"{T}, Pay 1 life: Add {G} or {W}.
{1}, {T}, Sacrifice this land: Draw a card.",True,1561.0
irrigated farmland,land — plains island,rare,Doctor Who,WHO,True,2023-10-13,2023,['Cycling'],1,0.0,,,0.0,,[],False,"({T}: Add {W} or {U}.)
This land enters tapped.
Cycling {2} ({2}, Discard this card: Draw a card.)",True,770.0
lavaclaw reaches,land,rare,Doctor Who,WHO,True,2023-10-13,2023,[],0,0.0,,,0.0,,[],False,"This land enters tapped.
{T}: Add {B} or {R}.
{1}{B}{R}: Until end of turn, this land becomes a 2/2 black and red Elemental creature with ""{X}: This creature gets +X/+0 until end of turn."" It's still a land.",True,6973.0
myriad landscape,land,uncommon,Doctor Who,WHO,True,2023-10-13,2023,[],0,0.0,,,0.0,,[],False,"This land enters tapped.
{T}: Add {C}.
{2}, {T}, Sacrifice this land: Search your library for up to two basic land cards that share a land type, put them onto the battlefield tapped, then shuffle.",True,22.0
mystic monastery,land,uncommon,Doctor Who,WHO,True,2023-10-13,2023,[],0,0.0,,,0.0,,[],False,"This land enters tapped.
{T}: Add {U}, {R}, or {W}.",True,369.0
overgrown farmland,land,rare,Doctor Who,WHO,True,2023-10-13,2023,[],0,0.0,,,0.0,,[],False,"This land enters tapped unless you control two or more other lands.
{T}: Add {G} or {W}.",True,297.0
path of ancestry,land,common,Doctor Who,WHO,True,2023-10-13,2023,['Scry'],1,0.0,,,0.0,,[],False,"This land enters tapped.
{T}: Add one mana of any color in your commander's color identity. When that mana is spent to cast a creature spell that shares a creature type with your commander, scry 1. (Look at the top card of your library. You may put that card on the bottom.)",True,14.0
port town,land,rare,Doctor Who,WHO,True,2023-10-13,2023,[],0,0.0,,,0.0,,[],False,"As this land enters, you may reveal a Plains or Island card from your hand. If you don't, this land enters tapped.
{T}: Add {W} or {U}.",True,328.0
prairie stream,land — plains island,rare,Doctor Who,WHO,True,2023-10-13,2023,[],0,0.0,,,0.0,,[],False,"({T}: Add {W} or {U}.)
This land enters tapped unless you control two or more basic lands.",True,105.0
reliquary tower,land,uncommon,Doctor Who,WHO,True,2023-10-13,2023,[],0,0.0,,,0.0,,[],False,"You have no maximum hand size.
{T}: Add {C}.",True,10.0
river of tears,land,rare,Doctor Who,WHO,True,2023-10-13,2023,[],0,0.0,,,0.0,,[],False,"{T}: Add {U}. If you played a land this turn, add {B} instead.",True,2261.0
rockfall vale,land,rare,Doctor Who,WHO,True,2023-10-13,2023,[],0,0.0,,,0.0,,[],False,"This land enters tapped unless you control two or more other lands.
{T}: Add {R} or {G}.",True,201.0
rogue's passage,land,uncommon,Doctor Who,WHO,True,2023-10-13,2023,[],0,0.0,,,0.0,,[],False,"{T}: Add {C}.
{4}, {T}: Target creature can't be blocked this turn.",True,19.0
rootbound crag,land,rare,Doctor Who,WHO,True,2023-10-13,2023,[],0,0.0,,,0.0,,[],False,"This land enters tapped unless you control a Mountain or a Forest.
{T}: Add {R} or {G}.",True,144.0
scattered groves,land — forest plains,rare,Doctor Who,WHO,True,2023-10-13,2023,['Cycling'],1,0.0,,,0.0,,[],False,"({T}: Add {G} or {W}.)
This land enters tapped.
Cycling {2} ({2}, Discard this card: Draw a card.)",True,835.0
seaside citadel,land,uncommon,Doctor Who,WHO,True,2023-10-13,2023,[],0,0.0,,,0.0,,[],False,"This land enters tapped.
{T}: Add {G}, {W}, or {U}.",True,404.0
shadowblood ridge,land,rare,Doctor Who,WHO,True,2023-10-13,2023,[],0,0.0,,,0.0,,[],False,"{1}, {T}: Add {B}{R}.",True,418.0
sheltered thicket,land — mountain forest,rare,Doctor Who,WHO,True,2023-10-13,2023,['Cycling'],1,0.0,,,0.0,,[],False,"({T}: Add {R} or {G}.)
This land enters tapped.
Cycling {2} ({2}, Discard this card: Draw a card.)",True,671.0
shipwreck marsh,land,rare,Doctor Who,WHO,True,2023-10-13,2023,[],0,0.0,,,0.0,,[],False,"This land enters tapped unless you control two or more other lands.
{T}: Add {U} or {B}.",True,213.0
skycloud expanse,land,rare,Doctor Who,WHO,True,2023-10-13,2023,[],0,0.0,,,0.0,,[],False,"{1}, {T}: Add {W}{U}.",True,363.0
smoldering marsh,land — swamp mountain,rare,Doctor Who,WHO,True,2023-10-13,2023,[],0,0.0,,,0.0,,[],False,"({T}: Add {B} or {R}.)
This land enters tapped unless you control two or more basic lands.",True,104.0
stormcarved coast,land,rare,Doctor Who,WHO,True,2023-10-13,2023,[],0,0.0,,,0.0,,[],False,"This land enters tapped unless you control two or more other lands.
{T}: Add {U} or {R}.",True,221.0
sunbaked canyon,land,rare,Doctor Who,WHO,True,2023-10-13,2023,[],0,0.0,,,0.0,,[],False,"{T}, Pay 1 life: Add {R} or {W}.
{1}, {T}, Sacrifice this land: Draw a card.",True,1487.0
sundown pass,land,rare,Doctor Who,WHO,True,2023-10-13,2023,[],0,0.0,,,0.0,,[],False,"This land enters tapped unless you control two or more other lands.
{T}: Add {R} or {W}.",True,306.0
sungrass prairie,land,rare,Doctor Who,WHO,True,2023-10-13,2023,[],0,0.0,,,0.0,,[],False,"{1}, {T}: Add {G}{W}.",True,437.0
sunken hollow,land — island swamp,rare,Doctor Who,WHO,True,2023-10-13,2023,[],0,0.0,,,0.0,,[],False,"({T}: Add {U} or {B}.)
This land enters tapped unless you control two or more basic lands.",True,80.0
temple of abandon,land,rare,Doctor Who,WHO,True,2023-10-13,2023,['Scry'],1,0.0,,,0.0,,[],False,"This land enters tapped.
When this land enters, scry 1. (Look at the top card of your library. You may put that card on the bottom.)
{T}: Add {R} or {G}.",True,429.0
temple of deceit,land,rare,Doctor Who,WHO,True,2023-10-13,2023,['Scry'],1,0.0,,,0.0,,[],False,"This land enters tapped.
When this land enters, scry 1. (Look at the top card of your library. You may put that card on the bottom.)
{T}: Add {U} or {B}.",True,289.0
temple of enlightenment,land,rare,Doctor Who,WHO,True,2023-10-13,2023,['Scry'],1,0.0,,,0.0,,[],False,"This land enters tapped.
When this land enters, scry 1. (Look at the top card of your library. You may put that card on the bottom.)
{T}: Add {W} or {U}.",True,292.0
temple of epiphany,land,rare,Doctor Who,WHO,True,2023-10-13,2023,['Scry'],1,0.0,,,0.0,,[],False,"This land enters tapped.
When this land enters, scry 1. (Look at the top card of your library. You may put that card on the bottom.)
{T}: Add {U} or {R}.",True,258.0
temple of malice,land,rare,Doctor Who,WHO,True,2023-10-13,2023,['Scry'],1,0.0,,,0.0,,[],False,"This land enters tapped.
When this land enters, scry 1. (Look at the top card of your library. You may put that card on the bottom.)
{T}: Add {B} or {R}.",True,378.0
temple of mystery,land,rare,Doctor Who,WHO,True,2023-10-13,2023,['Scry'],1,0.0,,,0.0,,[],False,"This land enters tapped.
When this land enters, scry 1. (Look at the top card of your library. You may put that card on the bottom.)
{T}: Add {G} or {U}.",True,282.0
temple of plenty,land,rare,Doctor Who,WHO,True,2023-10-13,2023,['Scry'],1,0.0,,,0.0,,[],False,"This land enters tapped.
When this land enters, scry 1. (Look at the top card of your library. You may put that card on the bottom.)
{T}: Add {G} or {W}.",True,444.0
temple of the false god,land,uncommon,Doctor Who,WHO,True,2023-10-13,2023,[],0,0.0,,,0.0,,[],False,{T}: Add {C}{C}. Activate only if you control five or more lands.,True,61.0
temple of triumph,land,rare,Doctor Who,WHO,True,2023-10-13,2023,['Scry'],1,0.0,,,0.0,,[],False,"This land enters tapped.
When this land enters, scry 1. (Look at the top card of your library. You may put that card on the bottom.)
{T}: Add {R} or {W}.",True,277.0
terramorphic expanse,land,common,Doctor Who,WHO,True,2023-10-13,2023,[],0,0.0,,,0.0,,[],False,"{T}, Sacrifice this land: Search your library for a basic land card, put it onto the battlefield tapped, then shuffle.",True,27.0
thespian's stage,land,rare,Doctor Who,WHO,True,2023-10-13,2023,[],0,0.0,,,0.0,,[],False,"{T}: Add {C}.
{2}, {T}: This land becomes a copy of target land, except it has this ability.",True,531.0
thriving bluff,land,common,Doctor Who,WHO,True,2023-10-13,2023,[],0,0.0,,,0.0,,[],False,"This land enters tapped. As it enters, choose a color other than red.
{T}: Add {R} or one mana of the chosen color.",True,1288.0
thriving grove,land,common,Doctor Who,WHO,True,2023-10-13,2023,[],0,0.0,,,0.0,,[],False,"This land enters tapped. As it enters, choose a color other than green.
{T}: Add {G} or one mana of the chosen color.",True,1423.0
thriving heath,land,common,Doctor Who,WHO,True,2023-10-13,2023,[],0,0.0,,,0.0,,[],False,"This land enters tapped. As it enters, choose a color other than white.
{T}: Add {W} or one mana of the chosen color.",True,1157.0
thriving isle,land,common,Doctor Who,WHO,True,2023-10-13,2023,[],0,0.0,,,0.0,,[],False,"This land enters tapped. As it enters, choose a color other than blue.
{T}: Add {U} or one mana of the chosen color.",True,1176.0
thriving moor,land,common,Doctor Who,WHO,True,2023-10-13,2023,[],0,0.0,,,0.0,,[],False,"This land enters tapped. As it enters, choose a color other than black.
{T}: Add {B} or one mana of the chosen color.",True,1377.0
vineglimmer snarl,land,rare,Doctor Who,WHO,True,2023-10-13,2023,[],0,0.0,,,0.0,,[],False,"As this land enters, you may reveal a Forest or Island card from your hand. If you don't, this land enters tapped.
{T}: Add {G} or {U}.",True,540.0
war room,land,rare,Doctor Who,WHO,True,2023-10-13,2023,[],0,0.0,,,0.0,,[],False,"{T}: Add {C}.
{3}, {T}, Pay life equal to the number of colors in your commanders' color identity: Draw a card.",True,145.0
waterlogged grove,land,rare,Doctor Who,WHO,True,2023-10-13,2023,[],0,0.0,,,0.0,,[],False,"{T}, Pay 1 life: Add {G} or {U}.
{1}, {T}, Sacrifice this land: Draw a card.",True,972.0
clara oswald,legendary creature — human advisor,rare,Doctor Who,WHO,True,2023-10-13,2023,"[""Doctor's companion"", 'Impossible Girl']",2,6.0,2.0,6.0,14.0,,[],False,"Impossible Girl - If Clara Oswald is your commander, choose a color before the game begins. Clara Oswald is the chosen color.
If a triggered ability of a Doctor you control triggers, that ability triggers an additional time.
Doctor's companion (You can have two commanders if the other is the Doctor.)",True,11120.0
adipose offspring,creature — alien,rare,Doctor Who,WHO,True,2023-10-13,2023,['Emerge'],1,4.0,2.0,2.0,8.0,,['W'],False,"Emerge {5}{W} (You may cast this spell by sacrificing a creature and paying the emerge cost reduced by that creature's mana value.)
When this creature enters, create a 2/2 white Alien creature token. If this creature's emerge cost was paid, instead create X of those tokens, where X is the sacrificed creature's toughness.",True,16103.0
astrid peth,legendary creature — human,rare,Doctor Who,WHO,True,2023-10-13,2023,"['Brand-new Sky', 'Explore', 'Food']",3,2.0,2.0,2.0,6.0,,['W'],False,"Whenever Astrid Peth enters or attacks, create a Food token.
Brand-new Sky - Whenever you sacrifice a Clue or Food, Astrid Peth explores. (Reveal the top card of your library. Put that card into your hand if it's a land. Otherwise, put a +1/+1 counter on this creature, then put the card back or put it into your graveyard.)",True,5255.0
barbara wright,legendary creature — human advisor,rare,Doctor Who,WHO,True,2023-10-13,2023,"[""Doctor's companion"", 'History Teacher']",2,2.0,1.0,3.0,6.0,,['W'],False,"History Teacher - Sagas you control have read ahead. (As a Saga enters, choose a chapter and start with that many lore counters. Skipped chapters don't trigger.)
Doctor's companion (You can have two commanders if the other is the Doctor.)",True,6921.0
crack in time,enchantment,rare,Doctor Who,WHO,True,2023-10-13,2023,['Vanishing'],1,4.0,,,4.0,,['W'],False,"Vanishing 3 (This enchantment enters with three time counters on it. At the beginning of your upkeep, remove a time counter from it. When the last is removed, sacrifice it.)
When this enchantment enters and at the beginning of your first main phase, exile target creature an opponent controls until this enchantment leaves the battlefield.",True,12038.0
crisis of conscience,sorcery,rare,Doctor Who,WHO,True,2023-10-13,2023,[],0,6.0,,,6.0,,['W'],False,"Choose one -
• Destroy all tokens.
• Destroy all nonland, nontoken permanents.",True,11297.0
everybody lives!,instant,rare,Doctor Who,WHO,True,2023-10-13,2023,[],0,2.0,,,2.0,,['W'],False,All creatures gain hexproof and indestructible until end of turn. Players gain hexproof until end of turn. Players can't lose life this turn and players can't lose the game or win the game this turn.,True,1892.0
everything comes to dust,sorcery,rare,Doctor Who,WHO,True,2023-10-13,2023,['Convoke'],1,10.0,,,10.0,,['W'],False,"Convoke (Your creatures can help cast this spell. Each creature you tap while casting this spell pays for {1} or one mana of that creature's color.)
Exile all creatures except those that share a creature type with a creature that convoked this spell, all artifacts, and all enchantments.",True,4115.0
four knocks,enchantment,rare,Doctor Who,WHO,True,2023-10-13,2023,['Vanishing'],1,3.0,,,3.0,,['W'],False,"Vanishing 4 (This enchantment enters with four time counters on it. At the beginning of your upkeep, remove a time counter from it. When the last is removed, sacrifice it.)
At the beginning of your first main phase, draw a card.",True,7560.0
ian chesterton,legendary creature — human scientist,rare,Doctor Who,WHO,True,2023-10-13,2023,"[""Doctor's companion"", 'Science Teacher']",2,3.0,2.0,3.0,8.0,,['W'],False,"Science Teacher - Each Saga spell you cast has replicate. The replicate cost is equal to its mana cost. (When you cast that Saga, copy it for each time you paid its replicate cost. Copies of Saga spells become tokens.)
Doctor's companion (You can have two commanders if the other is the Doctor.)",True,11345.0
jo grant,legendary creature — human soldier,rare,Doctor Who,WHO,True,2023-10-13,2023,"[""Doctor's companion""]",1,3.0,3.0,2.0,8.0,,['W'],False,"Each historic card in your hand has cycling {2}{W}. ({2}{W}, Discard that card: Draw a card.)
Whenever you cycle a card, put a +1/+1 counter on Jo Grant.
Doctor's companion (You can have two commanders if the other is the Doctor.)",True,14210.0
the pandorica,legendary artifact,rare,Doctor Who,WHO,True,2023-10-13,2023,[],0,3.0,,,3.0,,['W'],False,"You may choose not to untap The Pandorica during your untap step.
{1}{W}, {T}: Untap another target nonland permanent, then it phases out. It can't phase in for as long as The Pandorica remains tapped. When The Pandorica becomes untapped or leaves the battlefield, that permanent phases in. Activate only as a sorcery.",True,12068.0
peri brown,legendary creature — human,rare,Doctor Who,WHO,True,2023-10-13,2023,"[""Doctor's companion""]",1,4.0,2.0,3.0,9.0,,['W'],False,"The first historic spell you cast each turn has convoke. (Your creatures can help cast it. Each creature you tap while casting it pays for {1} or one mana of that creature's color.)
Doctor's companion (You can have two commanders if the other is the Doctor.)",True,11613.0
romana ii,legendary creature — time lord scientist,rare,Doctor Who,WHO,True,2023-10-13,2023,"[""Doctor's companion"", 'Vigilance']",2,4.0,3.0,3.0,10.0,,['W'],False,"Vigilance
{1}, {T}: Create a tapped token that's a copy of target token that entered this turn.
Doctor's companion (You can have two commanders if the other is the Doctor.)",True,14062.0
rose tyler,legendary creature — human,rare,Doctor Who,WHO,True,2023-10-13,2023,"['Bad Wolf', ""Doctor's companion""]",2,2.0,2.0,2.0,6.0,,['W'],False,"Rose Tyler gets +1/+1 for each time counter on it.
Bad Wolf - Whenever Rose Tyler attacks, put a time counter on it for each suspended card you own and each other permanent you control with a time counter on it.
Doctor's companion (You can have two commanders if the other is the Doctor.)",True,15095.0
sarah jane smith,legendary creature — human detective,rare,Doctor Who,WHO,True,2023-10-13,2023,"[""Doctor's companion"", 'Investigate']",2,2.0,2.0,1.0,5.0,,['W'],False,"Whenever you cast a historic spell, investigate. This ability triggers only once each turn. (Artifacts, legendaries, and Sagas are historic. To investigate, create a Clue token. It's an artifact with ""{2}, Sacrifice this token: Draw a card."")
Doctor's companion (You can have two commanders if the other is the Doctor.)",True,7821.0
tegan jovanka,legendary creature — human,rare,Doctor Who,WHO,True,2023-10-13,2023,"['Brave Heart', ""Doctor's companion""]",2,3.0,2.0,2.0,7.0,,['W'],False,"Brave Heart - Whenever you attack, target attacking historic creature gets +1/+1 and gains indestructible until end of turn. (Artifacts, legendaries, and Sagas are historic.)
Doctor's companion (You can have two commanders if the other is the Doctor.)",True,10709.0
the wedding of river song,sorcery,rare,Doctor Who,WHO,True,2023-10-13,2023,['Time Travel'],1,3.0,,,3.0,,['W'],False,"Draw two cards, then you may exile a nonland card from your hand with a number of time counters on it equal to its mana value. Then target opponent does the same. Cards exiled this way that don't have suspend gain suspend.
Time travel. (For each suspended card you own and each permanent you control with a time counter on it, you may add or remove a time counter.)",True,9719.0
wilfred mott,legendary creature — human soldier,rare,Doctor Who,WHO,True,2023-10-13,2023,['Look to the Stars'],1,4.0,2.0,4.0,10.0,,['W'],False,"Look to the Stars - At the beginning of your upkeep, put a time counter on Wilfred Mott. Then look at the top X cards of your library, where X is the number of time counters on Wilfred Mott. You may put a nonland permanent card with mana value 3 or less from among them onto the battlefield. Put the rest on the bottom of your library in a random order.",True,11177.0
"adric, mathematical genius",legendary creature — human artificer,rare,Doctor Who,WHO,True,2023-10-13,2023,"[""Doctor's companion"", 'Ultimate Sacrifice']",2,2.0,1.0,1.0,4.0,,['U'],False,"{2}{U}, {T}: Copy target activated or triggered ability you control. You may choose new targets for the copy.
Ultimate Sacrifice - {1}{U}, Sacrifice Adric: Counter target activated or triggered ability.
Doctor's companion (You can have two commanders if the other is the Doctor.)",True,7140.0
"all of history, all at once",sorcery,rare,Doctor Who,WHO,True,2023-10-13,2023,"['Storm', 'Time Travel']",2,4.0,,,4.0,,['U'],False,"Time travel. (For each suspended card you own and each permanent you control with a time counter on it, you may add or remove a time counter.)
Storm (When you cast this spell, copy it for each spell cast before it this turn.)",True,8469.0
auton soldier,artifact creature — alien soldier,rare,Doctor Who,WHO,True,2023-10-13,2023,[],0,6.0,0.0,0.0,6.0,,['U'],False,"You may have this creature enter as a copy of any creature on the battlefield, except it isn't legendary, is an artifact in addition to its other types, and has myriad. (Whenever it attacks, for each opponent other than defending player, you may create a token copy that's tapped and attacking that player or a planeswalker they control. Exile the tokens at end of combat.)",True,1942.0
become the pilot,enchantment — aura,rare,Doctor Who,WHO,True,2023-10-13,2023,['Enchant'],1,5.0,,,5.0,,['U'],False,"Enchant noncommander creature
You control enchanted creature.
Enchanted creature gets +2/+2 and can't be blocked unless it's attacking its owner or a permanent its owner controls.",True,15375.0
cyber conversion,instant,rare,Doctor Who,WHO,True,2023-10-13,2023,[],0,2.0,,,2.0,,['U'],False,Turn target creature face down. It's a 2/2 Cyberman artifact creature.,True,4078.0
danny pink,legendary creature — human soldier advisor,rare,Doctor Who,WHO,True,2023-10-13,2023,['Mentor'],1,4.0,4.0,3.0,11.0,,['U'],False,"Mentor (Whenever this creature attacks, put a +1/+1 counter on target attacking creature with lesser power.)
Creatures you control have ""Whenever one or more counters are put on this creature for the first time each turn, draw a card.""",True,2754.0
five hundred year diary,legendary artifact — clue,rare,Doctor Who,WHO,True,2023-10-13,2023,[],0,4.0,,,4.0,,['U'],False,"Five Hundred Year Diary enters tapped.
{T}: Add {U} for each Clue you control.
{2}, Sacrifice Five Hundred Year Diary: Draw a card.",True,5227.0
flatline,instant,rare,Doctor Who,WHO,True,2023-10-13,2023,[],0,3.0,,,3.0,,['U'],False,Creatures your opponents control have base power and toughness 0/1 until end of turn.,True,6346.0
flesh duplicate,creature — shapeshifter rebel,rare,Doctor Who,WHO,True,2023-10-13,2023,[],0,2.0,0.0,0.0,2.0,,['U'],False,"You may have this creature enter as a copy of any creature on the battlefield, except it has vanishing 3 if that creature doesn't have vanishing. (A permanent with vanishing 3 enters with three time counters on it. At the beginning of your upkeep, remove a time counter from it. When the last is removed, sacrifice it.)",True,2320.0
the flood of mars,creature — alien zombie horror,rare,Doctor Who,WHO,True,2023-10-13,2023,"['Islandwalk', 'Landwalk', 'Water Always Wins']",3,4.0,3.0,3.0,10.0,,['U'],False,"Islandwalk (This creature can't be blocked as long as defending player controls an Island.)
Water Always Wins - Whenever this creature attacks, put a flood counter on another target creature or land. If it's a creature, it becomes a copy of this creature. If it's a land, it becomes an Island in addition to its other types.",True,7630.0
hunted by the family,sorcery,rare,Doctor Who,WHO,True,2023-10-13,2023,[],0,7.0,,,7.0,,['U'],False,"Choose up to four target creatures you don't control. For each of them, that creature's controller faces a villainous choice - That creature becomes a 1/1 white Human creature and loses all abilities, or you create a token that's a copy of it.",True,9393.0
"k-9, mark i",legendary artifact creature — robot dog,rare,Doctor Who,WHO,True,2023-10-13,2023,"['Affirmative', ""Doctor's companion"", 'Negative']",3,1.0,1.0,1.0,3.0,,['U'],False,"Negative - As long as K-9 is untapped, other legendary creatures you control have ward {1}.
Affirmative - {1}{U}, {T}: Target legendary creature can't be blocked this turn.
Doctor's companion (You can have two commanders if the other is the Doctor.)",True,3030.0
martha jones,legendary creature — human cleric,rare,Doctor Who,WHO,True,2023-10-13,2023,"[""Doctor's companion"", 'Investigate', 'Woman Who Walked the Earth']",3,3.0,3.0,2.0,8.0,,['U'],False,"Woman Who Walked the Earth - When Martha Jones enters, investigate. (Create a Clue token. It's an artifact with ""{2}, Sacrifice this token: Draw a card."")
Whenever you sacrifice a Clue, Martha Jones and up to one other target creature can't be blocked this turn.
Doctor's companion (You can have two commanders if the other is the Doctor.)",True,7662.0
nanogene conversion,sorcery,rare,Doctor Who,WHO,True,2023-10-13,2023,[],0,4.0,,,4.0,,['U'],False,"Choose target creature you control. Each other creature becomes a copy of that creature until end of turn, except it isn't legendary.",True,4134.0
"nardole, resourceful cyborg",legendary artifact creature — scientist,rare,Doctor Who,WHO,True,2023-10-13,2023,"[""Doctor's companion"", 'Undying']",2,2.0,1.0,2.0,5.0,,['U'],False,"{T}: Add {U} for each counter on Nardole. Spend this mana only to cast noncreature spells.
Undying (When this creature dies, if it had no +1/+1 counters on it, return it to the battlefield under its owner's control with a +1/+1 counter on it.)
Doctor's companion (You can have two commanders if the other is the Doctor.)",True,14435.0
nyssa of traken,legendary creature — human scientist,rare,Doctor Who,WHO,True,2023-10-13,2023,"[""Doctor's companion"", 'Sonic Booster']",2,4.0,3.0,4.0,11.0,,['U'],False,"You have no maximum hand size.
Sonic Booster - Whenever Nyssa of Traken attacks, sacrifice any number of artifacts. When you sacrifice one or more artifacts this way, tap up to that many target creatures and draw that many cards.
Doctor's companion (You can have two commanders if the other is the Doctor.)",True,11557.0
"osgood, operation double",legendary creature — human alien shapeshifter,rare,Doctor Who,WHO,True,2023-10-13,2023,"['Investigate', 'Paradox']",2,4.0,2.0,2.0,8.0,,['U'],False,"When you cast this spell, create a token that's a copy of it, except it isn't legendary.
{T}: Add {C}. Spend this mana only to cast an artifact spell or activate an ability of an artifact.
Paradox - Whenever you cast a spell from anywhere other than your hand, investigate. (Create a Clue token. It's an artifact with ""{2}, Sacrifice this token: Draw a card."")",True,11778.0
quantum misalignment,sorcery,rare,Doctor Who,WHO,True,2023-10-13,2023,['Rebound'],1,5.0,,,5.0,,['U'],False,"Create a token that's a copy of target creature you control, except it isn't legendary.
Rebound (If you cast this spell from your hand, exile it as it resolves. At the beginning of your next upkeep, you may cast this card from exile without paying its mana cost.)",True,1964.0
reverse the polarity,instant,rare,Doctor Who,WHO,True,2023-10-13,2023,[],0,3.0,,,3.0,,['U'],False,"Choose one -
• Counter all other spells.
• Switch each creature's power and toughness until end of turn.
• Creatures can't be blocked this turn.",True,4376.0
traverse eternity,sorcery,rare,Doctor Who,WHO,True,2023-10-13,2023,[],0,4.0,,,4.0,,['U'],False,"Draw cards equal to the greatest mana value among historic permanents you control. (Artifacts, legendaries, and Sagas are historic.)",True,7379.0
dalek drone,artifact creature — dalek,rare,Doctor Who,WHO,True,2023-10-13,2023,"['Exterminate!', 'Flying', 'Menace']",3,5.0,3.0,3.0,11.0,,['B'],False,"Flying, menace
Exterminate! - When this creature enters, destroy target creature an opponent controls. That player loses 3 life.",True,6618.0
doomsday confluence,sorcery,rare,Doctor Who,WHO,True,2023-10-13,2023,[],0,1.0,,,1.0,,['B'],False,"Choose X. You may choose the same mode more than once.
• Each player sacrifices a nonartifact creature of their choice.
• Create a 3/3 black Dalek artifact creature token with menace.
• Each opponent discards a card.",True,8353.0
this is how it ends,instant,rare,Doctor Who,WHO,True,2023-10-13,2023,[],0,4.0,,,4.0,,['B'],False,"Target creature's owner shuffles it into their library, then faces a villainous choice - They lose 5 life, or they shuffle another creature they own into their library.",True,8140.0
time reaper,creature — alien horror,rare,Doctor Who,WHO,True,2023-10-13,2023,"['Consume Anomaly', 'Flying', 'Haste']",3,5.0,4.0,4.0,13.0,,['B'],False,"Flying, haste
Consume Anomaly - Whenever this creature deals combat damage to a player, put target face-up card they own in exile on the bottom of their library. If you do, you gain 3 life.",True,19455.0
the toymaker's trap,enchantment,rare,Doctor Who,WHO,True,2023-10-13,2023,[],0,3.0,,,3.0,,['B'],False,"At the beginning of your upkeep, secretly choose a number between 1 and 5 that hasn't been chosen. If you do, an opponent guesses which number you chose, then you reveal the number you chose. If they guessed wrong, they lose life equal to the number they guessed and you draw a card. If they guessed right, sacrifice this enchantment.",True,12777.0
vashta nerada,creature — alien horror,rare,Doctor Who,WHO,True,2023-10-13,2023,"['Indestructible', 'Morbid', 'Shadow']",3,3.0,1.0,1.0,5.0,,['B'],False,"Indestructible
Shadow (This creature can block or be blocked by only creatures with shadow.)
Morbid - At the beginning of each end step, if a creature died this turn, put a +1/+1 counter on this creature.",True,4807.0
vislor turlough,legendary creature — rogue,rare,Doctor Who,WHO,True,2023-10-13,2023,"['Deal with the Black Guardian', ""Doctor's companion"", 'Goad']",3,4.0,2.0,5.0,11.0,,['B'],False,"Deal with the Black Guardian - When Vislor Turlough enters, you may have an opponent gain control of it. If you do, it's goaded for as long as they control it.
At the beginning of your end step, draw a card, then you lose life equal to the number of cards in your hand.
Doctor's companion (You can have two commanders if the other is the Doctor.)",True,11445.0
amy pond,legendary creature — human,rare,Doctor Who,WHO,True,2023-10-13,2023,"[""Doctor's companion"", 'Partner', 'Partner with']",3,3.0,2.0,2.0,7.0,,['R'],False,"Partner with Rory Williams (When this creature enters, target player may put Rory into their hand from their library, then shuffle.)
Whenever Amy Pond deals combat damage to a player, choose a suspended card you own and remove that many time counters from it.
Doctor's companion (You can have two commanders if the other is the Doctor.)",True,11863.0
bill potts,legendary creature — human,rare,Doctor Who,WHO,True,2023-10-13,2023,"[""Doctor's companion""]",1,4.0,2.0,4.0,10.0,,['R'],False,"Whenever you cast an instant or sorcery spell that targets only Bill Potts or activate an ability that targets only Bill Potts, copy that spell or ability. You may choose new targets for the copy. This ability triggers only once each turn.
Doctor's companion (You can have two commanders if the other is the Doctor.)",True,20945.0
dan lewis,legendary creature — human,rare,Doctor Who,WHO,True,2023-10-13,2023,"[""Doctor's companion""]",1,2.0,2.0,2.0,6.0,,['R'],False,"Noncreature, non-Equipment artifacts you control are Equipment in addition to their other types and have ""Equipped creature gets +1/+0"" and equip {1}.
Doctor's companion (You can have two commanders if the other is the Doctor.)",True,16712.0
delete,sorcery,rare,Doctor Who,WHO,True,2023-10-13,2023,[],0,2.0,,,2.0,,['R'],False,Delete deals X damage to each nonartifact creature and each player.,True,4869.0
donna noble,legendary creature — human,rare,Doctor Who,WHO,True,2023-10-13,2023,"[""Doctor's companion"", 'Soulbond']",2,4.0,2.0,4.0,10.0,,['R'],False,"Soulbond (You may pair this creature with another unpaired creature when either enters. They remain paired for as long as you control both of them.)
Whenever Donna Noble or a creature it's paired with is dealt damage, Donna Noble deals that much damage to target opponent.
Doctor's companion (You can have two commanders if the other is the Doctor.)",True,9998.0
ecstatic beauty,sorcery,rare,Doctor Who,WHO,True,2023-10-13,2023,['Suspend'],1,3.0,,,3.0,,['R'],False,"Exile the top three cards of your library. You may play those cards until end of turn. Put four time counters on each of those cards that has suspend.
Suspend 4-{R}",True,9433.0
ensnared by the mara,sorcery,rare,Doctor Who,WHO,True,2023-10-13,2023,[],0,4.0,,,4.0,,['R'],False,"Each opponent faces a villainous choice - They exile cards from the top of their library until they exile a nonland card, then you may cast that card without paying its mana cost, or that player exiles the top four cards of their library and Ensnared by the Mara deals damage equal to the total mana value of those exiled cards to that player.",True,3426.0
flaming tyrannosaurus,creature — dinosaur,rare,Doctor Who,WHO,True,2023-10-13,2023,"['Menace', 'Paradox']",2,7.0,5.0,5.0,17.0,,['R'],False,"Menace
Paradox - Whenever you cast a spell from anywhere other than your hand, this creature deals 3 damage to any target. Then put a +1/+1 counter on this creature.
When this creature dies, it deals damage equal to its power to each opponent.",True,2964.0
impending flux,sorcery,rare,Doctor Who,WHO,True,2023-10-13,2023,"['Foretell', 'Paradox']",2,3.0,,,3.0,,['R'],False,"Paradox - Impending Flux deals X damage to each opponent and each creature they control, where X is 1 plus the number of spells you've cast from anywhere other than your hand this turn.
Foretell {1}{R}{R} (During your turn, you may pay {2} and exile this card from your hand face down. Cast it on a later turn for its foretell cost.)",True,8460.0
into the time vortex,sorcery,rare,Doctor Who,WHO,True,2023-10-13,2023,"['Cascade', 'Rebound']",2,5.0,,,5.0,,['R'],False,"Cascade (When you cast this spell, exile cards from the top of your library until you exile a nonland card that costs less. You may cast it without paying its mana cost. Put the exiled cards on the bottom in a random order.)
Rebound (If you cast this spell from your hand, exile it as it resolves. At the beginning of your next upkeep, you may cast this card from exile without paying its mana cost.)",True,5334.0
return the past,enchantment,rare,Doctor Who,WHO,True,2023-10-13,2023,[],0,6.0,,,6.0,,['R'],False,"During your turn, each instant and sorcery card in your graveyard has flashback. Its flashback cost is equal to its mana cost.",True,8163.0
rms titanic,legendary artifact — vehicle,rare,Doctor Who,WHO,True,2023-10-13,2023,"['Crew', 'Flying', 'Trample', 'Treasure']",4,4.0,7.0,1.0,12.0,,['R'],False,"Flying, trample
When RMS Titanic deals combat damage to a player, sacrifice it and create that many Treasure tokens.
Crew 3 (Tap any number of creatures you control with total power 3 or more: This Vehicle becomes an artifact creature until end of turn.)",True,4793.0
ryan sinclair,legendary creature — human,rare,Doctor Who,WHO,True,2023-10-13,2023,"[""Doctor's companion""]",1,3.0,2.0,2.0,7.0,,['R'],False,"Whenever Ryan attacks, exile cards from the top of your library until you exile a nonland card. You may cast the exiled card without paying its mana cost if it's a spell with mana value less than or equal to Ryan's power. Put the exiled cards not cast this way on the bottom of your library in a random order.
Doctor's companion (You can have two commanders if the other is the Doctor.)",True,11797.0
the sound of drums,enchantment — aura,rare,Doctor Who,WHO,True,2023-10-13,2023,"['Enchant', 'Goad']",2,3.0,,,3.0,,['R'],False,"Enchant creature
Enchanted creature is goaded.
If enchanted creature would deal combat damage to a permanent or player, it deals double that damage instead.
{2}{R}: Return this card from your graveyard to your hand.",True,3289.0
yasmin khan,legendary creature — human detective,rare,Doctor Who,WHO,True,2023-10-13,2023,"[""Doctor's companion""]",1,4.0,3.0,3.0,10.0,,['R'],False,"{T}: Exile the top card of your library. Until your next end step, you may play it.
Doctor's companion (You can have two commanders if the other is the Doctor.)",True,13475.0
"ace, fearless rebel",legendary creature — human rebel,rare,Doctor Who,WHO,True,2023-10-13,2023,"[""Doctor's companion"", 'Fight', 'Nitro-9']",3,4.0,2.0,2.0,8.0,,['G'],False,"Nitro-9 - Whenever Ace attacks, you may sacrifice an artifact. When you do, put a +1/+1 counter on Ace, then it fights up to one target creature defending player controls.
Doctor's companion (You can have two commanders if the other is the Doctor.)",True,18688.0
the five doctors,sorcery,rare,Doctor Who,WHO,True,2023-10-13,2023,['Kicker'],1,6.0,,,6.0,,['G'],False,"Kicker {5} (You may pay an additional {5} as you cast this spell.)
Search your library and/or graveyard for up to five Doctor cards, reveal them, and put them into your hand. If you search your library this way, shuffle. If this spell was kicked, put those cards onto the battlefield instead of putting them into your hand.",True,13063.0
the foretold soldier,creature — alien zombie soldier,rare,Doctor Who,WHO,True,2023-10-13,2023,['Foretell'],1,4.0,6.0,6.0,16.0,,['G'],False,"This creature must be blocked if able.
This creature can't be blocked by more than one creature.
Whenever this creature deals damage, exile it face down. It becomes foretold.
Foretell {1}{G} (During your turn, you may pay {2} and exile this card from your hand face down. Cast it on a later turn for its foretell cost.)",True,9528.0
graham o'brien,legendary creature — human pilot,rare,Doctor Who,WHO,True,2023-10-13,2023,"[""Doctor's companion"", 'Food', 'Paradox']",3,2.0,2.0,2.0,6.0,,['G'],False,"Paradox - Whenever you cast a spell from anywhere other than your hand, create a Food token. (It's an artifact with ""{2}, {T}, Sacrifice this token: You gain 3 life."")
Doctor's companion (You can have two commanders if the other is the Doctor.)",True,13151.0
jamie mccrimmon,legendary creature — human warrior,rare,Doctor Who,WHO,True,2023-10-13,2023,"[""Doctor's companion"", 'Trample']",2,3.0,2.0,2.0,7.0,,['G'],False,"Trample
Whenever you cast a historic spell, Jamie McCrimmon gets +X/+X until end of turn, where X is that spell's mana value. (Artifacts, legendaries, and Sagas are historic.)
Doctor's companion (You can have two commanders if the other is the Doctor.)",True,13543.0
"leela, sevateem warrior",legendary creature — human warrior,rare,Doctor Who,WHO,True,2023-10-13,2023,"[""Doctor's companion""]",1,4.0,3.0,3.0,10.0,,['G'],False,"Whenever an opponent draws a card except the first one they draw in each of their draw steps, put a +1/+1 counter on Leela.
Doctor's companion (You can have two commanders if the other is the Doctor.)",True,16319.0
sisterhood of karn,creature — cleric,rare,Doctor Who,WHO,True,2023-10-13,2023,['Paradox'],1,2.0,0.0,0.0,2.0,,['G'],False,"This creature enters with a +1/+1 counter on it.
Paradox - Whenever you cast a spell from anywhere other than your hand, double the number of +1/+1 counters on this creature.",True,10175.0
susan foreman,legendary creature — time lord,rare,Doctor Who,WHO,True,2023-10-13,2023,"[""Doctor's companion""]",1,2.0,1.0,1.0,4.0,,['G'],False,"If you would planeswalk, instead look at the top two cards of your planar deck, put one on the bottom of your planar deck and the other on top, then planeswalk.
{T}: Add {G}.
Doctor's companion (You can have two commanders if the other is the Doctor.)",True,16797.0
"alistair, the brigadier",legendary creature — human soldier,rare,Doctor Who,WHO,True,2023-10-13,2023,[],0,4.0,3.0,3.0,10.0,,"['G', 'U', 'W']",True,"Whenever you cast a historic spell, create a 1/1 white Soldier creature token. (Artifacts, legendaries, and Sagas are historic.)
Whenever Alistair attacks, you may pay {8}. If you do, creatures you control get +X/+X until end of turn, where X is the number of historic permanents you control.",True,10459.0
"ashad, the lone cyberman",legendary artifact creature — cyberman,rare,Doctor Who,WHO,True,2023-10-13,2023,[],0,4.0,3.0,3.0,10.0,,"['B', 'R', 'U']",True,"The first nonlegendary artifact spell you cast each turn has casualty 2. (As you cast it, you may sacrifice a creature with power 2 or greater. When you do, copy it. A copy of an artifact spell becomes a token.)
Whenever you sacrifice another creature, put a +1/+1 counter on Ashad.",True,11522.0
"the beast, deathless prince",legendary creature — demon,rare,Doctor Who,WHO,True,2023-10-13,2023,[],0,4.0,6.0,6.0,16.0,,"['B', 'R']",True,"When you cast this spell, gain control of target creature until end of turn. Untap it. It gains menace and haste until end of turn.
The Beast enters tapped with six stun counters on it. (If it would become untapped, remove a stun counter from it instead.)
Whenever a creature deals combat damage to its owner, untap The Beast and draw a card.",True,10008.0
cult of skaro,legendary artifact creature — dalek,rare,Doctor Who,WHO,True,2023-10-13,2023,"['Caan', 'Jast', 'Sec', 'Thay']",4,4.0,4.0,4.0,12.0,,"['B', 'R', 'U']",True,"Whenever Cult of Skaro attacks, choose one at random -
• Thay - Put a +1/+1 counter on each artifact creature you control.
• Caan - Draw two cards.
• Sec - Create a 3/3 black Dalek artifact creature token with menace.
• Jast - Each opponent loses 4 life.",True,10170.0
the cyber-controller,legendary artifact creature — cyberman,rare,Doctor Who,WHO,True,2023-10-13,2023,['Mill'],1,3.0,3.0,3.0,9.0,,"['B', 'U']",True,"When The Cyber-Controller enters, each opponent mills X cards. Put all creature cards milled this way onto the battlefield face down under your control. They're 2/2 Cyberman artifact creatures.
Other artifact creatures you control get +1/+1.",True,7163.0
the dalek emperor,legendary artifact creature — dalek,rare,Doctor Who,WHO,True,2023-10-13,2023,['Affinity'],1,7.0,6.0,6.0,19.0,,"['B', 'R']",True,"Affinity for Daleks (This spell costs {1} less to cast for each Dalek you control.)
Other Daleks you control have haste.
At the beginning of combat on your turn, each opponent faces a villainous choice - That player sacrifices a creature of their choice, or you create a 3/3 black Dalek artifact creature token with menace.",True,8630.0
"davros, dalek creator",legendary artifact creature — alien scientist,mythic,Doctor Who,WHO,True,2023-10-13,2023,['Menace'],1,4.0,3.0,4.0,11.0,,"['B', 'R', 'U']",True,"Menace
At the beginning of your end step, create a 3/3 black Dalek artifact creature token with menace if an opponent lost 3 or more life this turn. Then each opponent who lost 3 or more life this turn faces a villainous choice - You draw a card, or that player discards a card.",True,7339.0
dinosaurs on a spaceship,creature — dinosaur,rare,Doctor Who,WHO,True,2023-10-13,2023,"['Suspend', 'Trample', 'Vigilance']",3,6.0,7.0,7.0,20.0,,"['R', 'W']",True,"Vigilance, trample
Other Dinosaurs you control get +1/+1 and have vigilance and trample.
Suspend 4-{3}{R}{W}
Whenever a time counter is removed from this card while it's exiled, create a 2/2 red and white Dinosaur creature token with flying and haste.",True,4705.0
"duggan, private detective",legendary creature — human detective,rare,Doctor Who,WHO,True,2023-10-13,2023,"['Investigate', 'The Most Important Punch in History']",2,4.0,,,4.0,,"['G', 'U']",True,"Duggan's power and toughness are each equal to the number of cards in your hand.
Whenever Duggan enters or attacks, investigate.
The Most Important Punch in History - {1}{G}, {T}: Duggan deals damage equal to twice its power to another target creature. Activate only once.",True,12174.0
the eighth doctor,legendary creature — time lord doctor,rare,Doctor Who,WHO,True,2023-10-13,2023,['Mill'],1,6.0,4.0,4.0,14.0,,"['U', 'W']",True,"When The Eighth Doctor enters, mill three cards.
Once during each of your turns, you may play a historic land or cast a historic permanent spell from your graveyard. If you do, it gains ""If this permanent would leave the battlefield, exile it instead of putting it anywhere else.""",True,9995.0
the eleventh doctor,legendary creature — time lord doctor,rare,Doctor Who,WHO,True,2023-10-13,2023,['I. AM. TALKING!'],1,3.0,3.0,2.0,8.0,,"['U', 'W']",True,"I. AM. TALKING! - Whenever The Eleventh Doctor deals combat damage to a player, you may exile a card from your hand with a number of time counters on it equal to its mana value. If it doesn't have suspend, it gains suspend.
{2}: Target creature with power 3 or less can't be blocked this turn.",True,7976.0
the face of boe,legendary creature — alien advisor,rare,Doctor Who,WHO,True,2023-10-13,2023,[],0,4.0,0.0,4.0,8.0,,"['R', 'U', 'W']",True,"{T}: You may cast a spell with suspend from your hand. If you do, pay its suspend cost rather than its mana cost. Activate only as a sorcery.",True,14686.0
the fifth doctor,legendary creature — time lord doctor,rare,Doctor Who,WHO,True,2023-10-13,2023,['Peaceful Coexistence'],1,4.0,2.0,2.0,8.0,,"['U', 'W']",True,"Peaceful Coexistence - At the beginning of your end step, put a +1/+1 counter on each creature you control that didn't attack or enter this turn. Untap those creatures.",True,9613.0
the first doctor,legendary creature — time lord doctor,rare,Doctor Who,WHO,True,2023-10-13,2023,[],0,3.0,2.0,2.0,7.0,,"['U', 'W']",True,"When The First Doctor enters, search your library and/or graveyard for a card named TARDIS, reveal it, and put it into your hand. If you search your library this way, shuffle.
Whenever you cast a spell with cascade, put a +1/+1 counter on target artifact or creature.",True,10713.0
the fourth doctor,legendary creature — time lord doctor,mythic,Doctor Who,WHO,True,2023-10-13,2023,['Food'],1,4.0,4.0,4.0,12.0,,"['G', 'U']",True,"You may look at the top card of your library any time.
Would You Like A...? - Once each turn, you may play a historic land or cast a historic spell from the top of your library. When you do, create a Food token. (Artifacts, legendaries, and Sagas are historic.)",True,8404.0
frost fair lure fish,creature — fish,rare,Doctor Who,WHO,True,2023-10-13,2023,"['Foretell', 'Treasure']",2,7.0,7.0,7.0,21.0,,"['R', 'U']",True,"When this creature enters, create two 1/1 blue Fish creature tokens and create two tapped Treasure tokens.
Fish you control have haste and can't be blocked by Humans.
Foretell {3}{U}{R}",True,18612.0
the fugitive doctor,legendary creature — time lord doctor,rare,Doctor Who,WHO,True,2023-10-13,2023,['Investigate'],1,5.0,4.0,4.0,13.0,,"['G', 'R']",True,"When The Fugitive Doctor enters, investigate.
Whenever The Fugitive Doctor attacks, you may sacrifice a Clue. When you do, target instant or sorcery card in your graveyard gains flashback {2}{R}{G} until end of turn. (You may cast that card from your graveyard for its flashback cost. Then exile it.)",True,12456.0
gallifrey stands,legendary enchantment,rare,Doctor Who,WHO,True,2023-10-13,2023,[],0,6.0,,,6.0,,"['U', 'W']",True,"When Gallifrey Stands enters, return all Doctor cards from your graveyard to your hand.
At the beginning of your upkeep, you may put a Doctor creature card from your hand onto the battlefield. Then if you control thirteen or more Doctors, you win the game.",True,11906.0
"idris, soul of the tardis",legendary creature — human incarnation,rare,Doctor Who,WHO,True,2023-10-13,2023,"['Imprint', 'Vanishing']",2,3.0,3.0,3.0,9.0,,"['R', 'U']",True,"Vanishing 3
Imprint - When Idris enters, exile another artifact you control until Idris leaves the battlefield.
Idris has all activated and triggered abilities of the exiled card and gets +X/+X, where X is the exiled card's mana value.",True,18246.0
jenny flint,legendary creature — human detective,rare,Doctor Who,WHO,True,2023-10-13,2023,"['First strike', 'Partner', 'Partner with', 'Training']",4,3.0,2.0,2.0,7.0,,"['R', 'U']",True,"Partner with Madame Vastra
First strike
Training (Whenever this creature attacks with another creature with greater power, put a +1/+1 counter on this creature.)
Whenever you sacrifice a Clue or Food, put a +1/+1 counter on another target creature you control.",True,14326.0
"jenny, generated anomaly",legendary creature — time lord soldier,rare,Doctor Who,WHO,True,2023-10-13,2023,"['Double strike', 'Explore']",2,4.0,2.0,3.0,9.0,,"['R', 'W']",True,"Double strike
Whenever Jenny deals combat damage to a player, it explores. (Reveal the top card of your library. Put that card into your hand if it's a land. Otherwise, put a +1/+1 counter on this creature, then put the card back or put it into your graveyard.)",True,16847.0
kate stewart,legendary creature — human scientist,rare,Doctor Who,WHO,True,2023-10-13,2023,[],0,4.0,3.0,3.0,10.0,,"['R', 'U', 'W']",True,"Whenever you put one or more time counters on a permanent you control, create a 1/1 white Soldier creature token.
Whenever Kate Stewart attacks, you may pay {8}. If you do, attacking creatures get +X/+X until end of turn, where X is the number of time counters among permanents you control.",True,13389.0
last night together,sorcery,rare,Doctor Who,WHO,True,2023-10-13,2023,[],0,5.0,,,5.0,,"['G', 'R']",True,"Choose two target creatures. Untap them. Put two +1/+1 counters on each of them. They gain vigilance, indestructible, and haste until end of turn. After this main phase, there is an additional combat phase. Only the chosen creatures can attack during that combat phase.",True,8343.0
lunar hatchling,creature — alien beast,rare,Doctor Who,WHO,True,2023-10-13,2023,"['Basic landcycling', 'Cycling', 'Escape', 'Flying', 'Landcycling', 'Trample']",6,6.0,6.0,6.0,18.0,,"['G', 'U']",True,"Flying, trample
Basic landcycling {2} ({2}, Discard this card: Search your library for a basic land card, reveal it, put it into your hand, then shuffle.)
Escape-{4}{G}{U}, Exile a land you control, Exile five other cards from your graveyard. (You may cast this card from your graveyard for its escape cost.)",True,15077.0
madame vastra,legendary creature — lizard detective,rare,Doctor Who,WHO,True,2023-10-13,2023,"['Food', 'Partner', 'Partner with']",3,4.0,3.0,3.0,10.0,,"['G', 'U']",True,"Partner with Jenny Flint (When this creature enters, target player may put Jenny Flint into their hand from their library, then shuffle.)
Madame Vastra must be blocked if able.
Whenever a creature dealt damage by Madame Vastra this turn dies, create a Clue token and a Food token.",True,17638.0
"the master, formed anew",legendary creature — time lord rogue,rare,Doctor Who,WHO,True,2023-10-13,2023,['Body Thief'],1,2.0,0.0,1.0,3.0,,"['B', 'U']",True,"Body Thief - When you cast this spell, you may exile a creature you control and put a takeover counter on it.
You may have The Master enter as a copy of a creature card in exile with a takeover counter on it.",True,17740.0
"the master, gallifrey's end",legendary creature — time lord rogue,rare,Doctor Who,WHO,True,2023-10-13,2023,['Make Them Pay'],1,4.0,4.0,3.0,11.0,,"['B', 'R']",True,"Make Them Pay - Whenever a nontoken artifact creature you control dies, you may exile it. If you do, choose an opponent with the most life among your opponents. That player faces a villainous choice - They lose 4 life, or you create a token that's a copy of that card.",True,11402.0
"the master, mesmerist",legendary creature — time lord rogue,rare,Doctor Who,WHO,True,2023-10-13,2023,['Goad'],1,4.0,3.0,3.0,10.0,,"['B', 'U']",True,"{T}: Target creature an opponent controls with power less than or equal to The Master's power gains skulk until end of turn. Goad it. (A creature with skulk can't be blocked by creatures with greater power.)
Whenever a creature with skulk deals combat damage to one of your opponents, put a +1/+1 counter on The Master and draw a card.",True,11645.0
"the master, multiplied",legendary creature — time lord rogue,rare,Doctor Who,WHO,True,2023-10-13,2023,['Myriad'],1,6.0,4.0,3.0,13.0,,"['B', 'R']",True,"Myriad
The ""legend rule"" doesn't apply to creature tokens you control.
Triggered abilities you control can't cause you to sacrifice or exile creature tokens you control.",True,3325.0
"me, the immortal",legendary creature — human rogue,rare,Doctor Who,WHO,True,2023-10-13,2023,[],0,5.0,3.0,3.0,11.0,,"['G', 'R', 'U']",True,"At the beginning of combat on your turn, put your choice of a +1/+1, first strike, vigilance, or menace counter on Me.
Counters remain on Me as it moves to any zone other than a player's hand or library.
You may cast this card from your graveyard by discarding two cards in addition to paying its other costs.",True,13816.0
missy,legendary creature — time lord rogue,rare,Doctor Who,WHO,True,2023-10-13,2023,[],0,6.0,4.0,5.0,15.0,,"['B', 'R', 'U']",True,"Whenever another nonartifact creature dies, return it to the battlefield under your control face down and tapped. It's a 2/2 Cyberman artifact creature.
At the beginning of your end step, each opponent faces a villainous choice - Each artifact creature you control deals 1 damage to that opponent, or you draw a card and chaos ensues.",True,9127.0
the ninth doctor,legendary creature — time lord doctor,rare,Doctor Who,WHO,True,2023-10-13,2023,"['Haste', 'Into the TARDIS']",2,3.0,2.0,4.0,9.0,,"['R', 'U']",True,"Haste
Into the TARDIS - Whenever The Ninth Doctor becomes untapped during your untap step, you get an additional upkeep step after this step.",True,5676.0
the rani,legendary creature — time lord scientist,rare,Doctor Who,WHO,True,2023-10-13,2023,"['Goad', 'Investigate']",2,4.0,3.0,4.0,11.0,,"['B', 'R', 'U']",True,"Whenever The Rani enters or attacks, create a red Aura enchantment token named Mark of the Rani attached to another target creature. That token has enchant creature and ""Enchanted creature gets +2/+2 and is goaded.""
Whenever a goaded creature deals combat damage to one of your opponents, investigate.",True,11831.0
"rassilon, the war president",legendary creature — time lord noble,rare,Doctor Who,WHO,True,2023-10-13,2023,[],0,5.0,3.0,4.0,12.0,,"['B', 'U']",True,"At the beginning of your upkeep, you lose 2 life and exile the top card of your library. You may play that card for as long as it remains exiled.
Each noncreature spell you cast from exile has conspire. (As you cast that spell, you may tap two untapped creatures you control that share a color with it. When you do, copy it and you may choose new targets for the copy.)",True,16187.0
regenerations restored,enchantment,rare,Doctor Who,WHO,True,2023-10-13,2023,"['Scry', 'Vanishing']",2,2.0,,,2.0,,"['U', 'W']",True,"Vanishing 12 (This enchantment enters with twelve time counters on it. At the beginning of your upkeep, remove a time counter from it. When the last is removed, sacrifice it.)
Whenever one or more time counters are removed from this enchantment, scry 1 and you gain 1 life. Then if this enchantment has no time counters on it, exile it. When you do, take an extra turn after this one.",True,9623.0
river song,legendary creature — human time lord rogue,rare,Doctor Who,WHO,True,2023-10-13,2023,"['Meet in Reverse', 'Spoilers']",2,3.0,2.0,2.0,7.0,,"['R', 'U']",True,"Meet in Reverse - You draw cards from the bottom of your library rather than the top.
Spoilers - Whenever an opponent scries, surveils, or searches their library, put a +1/+1 counter on River Song. Then River Song deals damage to that player equal to its power.",True,9448.0
rory williams,legendary creature — human soldier,rare,Doctor Who,WHO,True,2023-10-13,2023,"['First strike', 'Investigate', 'Lifelink', 'Partner', 'Partner with', 'The Last Centurion']",6,2.0,3.0,3.0,8.0,,"['U', 'W']",True,"Partner with Amy Pond
First strike, lifelink
The Last Centurion - When you cast this spell from anywhere other than exile, exile it with three time counters on it. It gains suspend. Then investigate. (Create a Clue token. It's an artifact with ""{2}, Sacrifice this token: Draw a card."")",True,12706.0
run for your life,instant,rare,Doctor Who,WHO,True,2023-10-13,2023,['Escape'],1,2.0,,,2.0,,"['R', 'U']",True,"One or two target creatures each gain haste until end of turn. They can't be blocked this turn except by creatures with haste.
Escape-{2}{U}{R}, Exile four other cards from your graveyard. (You may cast this card from your graveyard for its escape cost.)",True,11316.0
sally sparrow,legendary creature — human detective,rare,Doctor Who,WHO,True,2023-10-13,2023,['Investigate'],1,4.0,2.0,3.0,9.0,,"['U', 'W']",True,"You may cast creature spells as though they had flash.
Whenever one or more other creatures you control leave the battlefield, investigate. This ability triggers only once each turn. (Create a Clue token. It's an artifact with ""{2}, Sacrifice this token: Draw a card."")",True,12383.0
the second doctor,legendary creature — time lord doctor,rare,Doctor Who,WHO,True,2023-10-13,2023,['How Civil of You'],1,4.0,2.0,4.0,10.0,,"['U', 'W']",True,"Players have no maximum hand size.
How Civil of You - At the beginning of your end step, each player may draw a card. Each opponent who does can't attack you or permanents you control during their next turn.",True,3601.0
sergeant john benton,legendary creature — human soldier,rare,Doctor Who,WHO,True,2023-10-13,2023,"['Haste', 'Share Intelligence', 'Trample']",3,3.0,2.0,4.0,9.0,,"['G', 'W']",True,"Trample, haste
Share Intelligence - Whenever Sergeant John Benton deals combat damage to a player, you and that player each draw that many cards.",True,8089.0
the seventh doctor,legendary creature — time lord doctor,rare,Doctor Who,WHO,True,2023-10-13,2023,['Investigate'],1,5.0,3.0,6.0,14.0,,"['U', 'W']",True,"Whenever The Seventh Doctor attacks, choose a card in your hand. Defending player guesses whether that card's mana value is greater than the number of artifacts you control. If they guessed wrong, you may cast it without paying its mana cost. If you don't cast a spell this way, investigate. (Create a Clue token. It's an artifact with ""{2}, Sacrifice this token: Draw a card."")",True,9384.0
the sixth doctor,legendary creature — time lord doctor,rare,Doctor Who,WHO,True,2023-10-13,2023,"[""Time Lord's Prerogative""]",1,6.0,3.0,3.0,12.0,,"['G', 'U']",True,"Time Lord's Prerogative - Whenever you cast a historic spell, copy it, except the copy isn't legendary. This ability triggers only once each turn. (Artifacts, legendaries, and Sagas are historic. A copy of a permanent spell becomes a token.)",True,5611.0
"strax, sontaran nurse",legendary creature — alien cleric,rare,Doctor Who,WHO,True,2023-10-13,2023,"['Fight', 'Glory of Battle', 'Grenades!', 'Trample', 'Vigilance']",5,5.0,5.0,5.0,15.0,,"['G', 'R']",True,"Vigilance, trample
Grenades! - {2}, {T}, Sacrifice an artifact: Choose a player at random. When you do, Strax fights another target creature that player controls.
Glory of Battle - Whenever Strax deals damage to a creature, put a +1/+1 counter on Strax.",True,18241.0
sycorax commander,creature — alien soldier,rare,Doctor Who,WHO,True,2023-10-13,2023,"['First strike', 'Haste', 'Sanctified Rules of Combat']",3,4.0,4.0,2.0,10.0,,"['B', 'R']",True,"First strike, haste
Sanctified Rules of Combat - When this creature enters, each opponent faces a villainous choice - That opponent discards all the cards in their hand, then draws that many cards minus one, or this creature deals damage to that player equal to the number of cards in their hand.",True,9825.0
the tenth doctor,legendary creature — time lord doctor,mythic,Doctor Who,WHO,True,2023-10-13,2023,"['Allons-y!', 'Time Travel', 'Timey-Wimey']",3,5.0,3.0,5.0,13.0,,"['R', 'U']",True,"Allons-y! - Whenever you attack, exile cards from the top of your library until you exile a nonland card. Put three time counters on it. If it doesn't have suspend, it gains suspend.
Timey-Wimey - {7}: Time travel three times. Activate only as a sorcery. (For each suspended card you own and each permanent you control with a time counter on it, you may add or remove a time counter. Then do it two more times.)",True,5385.0
the third doctor,legendary creature — time lord doctor,rare,Doctor Who,WHO,True,2023-10-13,2023,"['Food', 'Trample', 'Treasure']",3,4.0,2.0,2.0,8.0,,"['G', 'U']",True,"Trample
The Third Doctor gets +1/+1 for each noncreature token you control.
When The Third Doctor enters, create your choice of a Clue token, a Food token, or a Treasure token.",True,7857.0
the thirteenth doctor,legendary creature — time lord doctor,mythic,Doctor Who,WHO,True,2023-10-13,2023,"['Paradox', 'Team TARDIS']",2,3.0,2.0,2.0,7.0,,"['G', 'U']",True,"Paradox - Whenever you cast a spell from anywhere other than your hand, put a +1/+1 counter on target creature.
Team TARDIS - At the beginning of your end step, untap each creature you control with a counter on it.",True,4263.0
the twelfth doctor,legendary creature — time lord doctor,rare,Doctor Who,WHO,True,2023-10-13,2023,[],0,5.0,4.0,4.0,13.0,,"['R', 'U']",True,"The first spell you cast from anywhere other than your hand each turn has demonstrate. (When you cast that spell, you may copy it. If you do, choose an opponent to also copy it. A copy of a permanent spell becomes a token.)
Whenever you copy a spell, put a +1/+1 counter on The Twelfth Doctor.",True,6248.0
the valeyard,legendary creature — time lord noble,rare,Doctor Who,WHO,True,2023-10-13,2023,[],0,5.0,4.0,5.0,14.0,,"['B', 'R', 'U']",True,"If an opponent would face a villainous choice, they face that choice an additional time. (They can make the same or different choices.)
While voting, you may vote an additional time.",True,8636.0
"vrestin, menoptra leader",legendary creature — alien insect scout,rare,Doctor Who,WHO,True,2023-10-13,2023,['Flying'],1,3.0,0.0,0.0,3.0,,"['G', 'W']",True,"Flying
Vrestin enters with X +1/+1 counters on it.
When Vrestin enters, create X 1/1 green and white Alien Insect creature tokens with flying.
Whenever you attack with one or more Insects, put a +1/+1 counter on each of them.",True,12417.0
the war doctor,legendary creature — time lord doctor,rare,Doctor Who,WHO,True,2023-10-13,2023,[],0,4.0,3.0,5.0,12.0,,"['R', 'W']",True,"Whenever one or more other permanents phase out and whenever one or more other cards are put into exile from anywhere, put a time counter on The War Doctor.
Whenever The War Doctor attacks, it deals damage equal to the number of time counters on it to any target. If a creature dealt damage this way would die this turn, exile it instead.",True,6524.0
weeping angel,artifact creature — alien angel,rare,Doctor Who,WHO,True,2023-10-13,2023,"['First strike', 'Flash', 'Vigilance']",3,3.0,2.0,2.0,7.0,,"['B', 'U']",True,"Flash
First strike, vigilance
Whenever an opponent casts a creature spell, this creature isn't a creature until end of turn.
If this creature would deal combat damage to a creature, prevent that damage and that creature's owner shuffles it into their library.",True,8237.0
ace's baseball bat,legendary artifact — equipment,rare,Doctor Who,WHO,True,2023-10-13,2023,['Equip'],1,2.0,,,2.0,,[],False,"Equipped creature gets +3/+0.
As long as equipped creature is attacking, it has first strike and must be blocked by a Dalek if able.
Equip legendary creature {1}
Equip {3}",True,11015.0
"bessie, the doctor's roadster",legendary artifact — vehicle,rare,Doctor Who,WHO,True,2023-10-13,2023,"['Crew', 'Haste']",2,2.0,3.0,4.0,9.0,,[],False,"Haste
Whenever Bessie attacks, another target legendary creature can't be blocked this turn.
Crew 2 (Tap any number of creatures you control with total power 2 or more: This Vehicle becomes an artifact creature until end of turn.)",True,10244.0
confession dial,artifact,rare,Doctor Who,WHO,True,2023-10-13,2023,['Surveil'],1,3.0,,,3.0,,[],False,"When this artifact enters, surveil 3.
{T}: Target legendary creature card in your graveyard gains escape until end of turn. The escape cost is equal to its mana cost plus exile three other cards from your graveyard. (You may cast it from your graveyard for its escape cost this turn.)",True,12428.0
cybermen squadron,artifact creature — cyberman,rare,Doctor Who,WHO,True,2023-10-13,2023,[],0,7.0,5.0,5.0,17.0,,[],False,"Nonlegendary artifact creatures you control have myriad. (Whenever a creature with myriad attacks, for each opponent other than defending player, you may create a token copy that's tapped and attacking that player or a planeswalker they control. Exile the tokens at end of combat.)",True,1999.0
cybership,artifact — vehicle,rare,Doctor Who,WHO,True,2023-10-13,2023,"['Crew', 'Flying']",2,6.0,8.0,8.0,22.0,,[],False,"Flying
Whenever this Vehicle deals combat damage to a player, put the top two cards of that player's library onto the battlefield face down under your control. They're 2/2 Cyberman artifact creatures.
Crew 4",True,5479.0
the moment,legendary artifact,rare,Doctor Who,WHO,True,2023-10-13,2023,[],0,2.0,,,2.0,,[],False,"At the beginning of your upkeep, put a time counter on The Moment.
{2}, {T}: Untap target creature you control. It phases out until The Moment leaves the battlefield.
{3}, {T}: Destroy each nonland permanent with mana value less than or equal to the number of time counters on The Moment. Then sacrifice The Moment. Activate only as a sorcery.",True,12283.0
river song's diary,artifact,rare,Doctor Who,WHO,True,2023-10-13,2023,['Imprint'],1,3.0,,,3.0,,[],False,"Imprint - Whenever a player casts an instant or sorcery spell from their hand, exile it instead of putting it into a graveyard as it resolves.
At the beginning of your upkeep, if there are four or more cards exiled with this artifact, choose one of them at random. You may cast it without paying its mana cost.",True,5204.0
rotating fireplace,artifact,rare,Doctor Who,WHO,True,2023-10-13,2023,['Time Travel'],1,3.0,,,3.0,,[],False,"This artifact enters tapped with a time counter on it.
{T}: Add an amount of {C} equal to the number of time counters on this artifact.
{4}, {T}: Time travel. Activate only as a sorcery. (For each suspended card you own and each permanent you control with a time counter on it, you may add or remove a time counter.)",True,7699.0
gallifrey council chamber,legendary land,rare,Doctor Who,WHO,True,2023-10-13,2023,['Surveil'],1,0.0,,,0.0,,[],False,"When Gallifrey Council Chamber enters, surveil 1. (Look at the top card of your library. You may put that card into your graveyard.)
{T}: Add {C}.
{T}: Add one mana of any color. Spend this mana only to cast a Time Lord or Alien spell or activate an ability of a Time Lord or Alien.",True,4951.0
trenzalore clocktower,legendary land,rare,Doctor Who,WHO,True,2023-10-13,2023,[],0,0.0,,,0.0,,[],False,"{T}: Add {U}. Put a time counter on Trenzalore Clocktower.
{1}{U}, {T}, Remove twelve time counters from Trenzalore Clocktower and exile it: Shuffle your graveyard and hand into your library, then draw seven cards. Activate only if you control a Time Lord.",True,3950.0
day of destiny,legendary enchantment,rare,Doctor Who,WHO,True,2023-10-13,2023,[],0,4.0,,,4.0,,['W'],False,Legendary creatures you control get +2/+2.,True,5684.0
farewell,sorcery,rare,Doctor Who,WHO,True,2023-10-13,2023,[],0,6.0,,,6.0,,['W'],False,"Choose one or more -
• Exile all artifacts.
• Exile all creatures.
• Exile all enchantments.
• Exile all graveyards.",True,140.0
grasp of fate,enchantment,rare,Doctor Who,WHO,True,2023-10-13,2023,[],0,3.0,,,3.0,,['W'],False,"When this enchantment enters, for each opponent, exile up to one target nonland permanent that player controls until this enchantment leaves the battlefield. (Those permanents return under their owners' control.)",True,1039.0
out of time,enchantment,rare,Doctor Who,WHO,True,2023-10-13,2023,['Vanishing'],1,3.0,,,3.0,,['W'],False,"When this enchantment enters, untap all creatures, then those creatures phase out until this enchantment leaves the battlefield. Put a time counter on this enchantment for each creature that phased out this way.
Vanishing (At the beginning of your upkeep, remove a time counter from this enchantment. When the last is removed, sacrifice it.)",True,5384.0
wedding ring,artifact,mythic,Doctor Who,WHO,True,2023-10-13,2023,[],0,4.0,,,4.0,,['W'],False,"When this artifact enters, if it was cast, target opponent creates a token that's a copy of it.
Whenever an opponent who controls an artifact named Wedding Ring draws a card during their turn, you draw a card.
Whenever an opponent who controls an artifact named Wedding Ring gains life during their turn, you gain that much life.",True,2095.0
as foretold,enchantment,rare,Doctor Who,WHO,True,2023-10-13,2023,[],0,3.0,,,3.0,,['U'],False,"At the beginning of your upkeep, put a time counter on this enchantment.
Once each turn, you may pay {0} rather than pay the mana cost for a spell you cast with mana value X or less, where X is the number of time counters on this enchantment.",True,1578.0
inspiring refrain,sorcery,rare,Doctor Who,WHO,True,2023-10-13,2023,['Suspend'],1,6.0,,,6.0,,['U'],False,"Draw two cards. Exile Inspiring Refrain with three time counters on it.
Suspend 3-{2}{U} (Rather than cast this card from your hand, you may pay {2}{U} and exile it with three time counters on it. At the beginning of your upkeep, remove a time counter. When the last is removed, you may cast it without paying its mana cost.)",True,3277.0
wound reflection,enchantment,rare,Doctor Who,WHO,True,2023-10-13,2023,[],0,6.0,,,6.0,,['B'],False,"At the beginning of each end step, each opponent loses life equal to the life they lost this turn. (Damage causes loss of life.)",True,1886.0
blasphemous act,sorcery,rare,Doctor Who,WHO,True,2023-10-13,2023,[],0,9.0,,,9.0,,['R'],False,"This spell costs {1} less to cast for each creature on the battlefield.
Blasphemous Act deals 13 damage to each creature.",True,23.0
chaos warp,instant,rare,Doctor Who,WHO,True,2023-10-13,2023,[],0,3.0,,,3.0,,['R'],False,"The owner of target permanent shuffles it into their library, then reveals the top card of their library. If it's a permanent card, they put it onto the battlefield.",True,29.0
cursed mirror,artifact,rare,Doctor Who,WHO,True,2023-10-13,2023,[],0,3.0,,,3.0,,['R'],False,"{T}: Add {R}.
As this artifact enters, you may have it become a copy of any creature on the battlefield until end of turn, except it has haste.",True,443.0
carpet of flowers,enchantment,rare,Doctor Who,WHO,True,2023-10-13,2023,[],0,1.0,,,1.0,,['G'],False,"At the beginning of each of your main phases, if you haven't added mana with this ability this turn, you may add X mana of any one color, where X is the number of Islands target opponent controls.",True,1046.0
heroic intervention,instant,rare,Doctor Who,WHO,True,2023-10-13,2023,[],0,2.0,,,2.0,,['G'],False,Permanents you control gain hexproof and indestructible until end of turn.,True,32.0
fractured identity,sorcery,rare,Doctor Who,WHO,True,2023-10-13,2023,[],0,5.0,,,5.0,,"['U', 'W']",True,Exile target nonland permanent. Each player other than its controller creates a token that's a copy of it.,True,4385.0
time wipe,sorcery,rare,Doctor Who,WHO,True,2023-10-13,2023,[],0,5.0,,,5.0,,"['U', 'W']",True,"Return a creature you control to its owner's hand, then destroy all creatures.",True,1223.0
heroes' podium,legendary artifact,rare,Doctor Who,WHO,True,2023-10-13,2023,[],0,5.0,,,5.0,,[],False,"Each legendary creature you control gets +1/+1 for each other legendary creature you control.
{X}, {T}: Look at the top X cards of your library. You may reveal a legendary creature card from among them and put it into your hand. Put the rest on the bottom of your library in a random order.",True,2406.0
solemn simulacrum,artifact creature — golem,rare,Doctor Who,WHO,True,2023-10-13,2023,[],0,4.0,2.0,2.0,8.0,,[],False,"When this creature enters, you may search your library for a basic land card, put that card onto the battlefield tapped, then shuffle.
When this creature dies, you may draw a card.",True,33.0
canopy vista,land — forest plains,rare,Doctor Who,WHO,True,2023-10-13,2023,[],0,0.0,,,0.0,,[],False,"({T}: Add {G} or {W}.)
This land enters tapped unless you control two or more basic lands.",True,103.0
canyon slough,land — swamp mountain,rare,Doctor Who,WHO,True,2023-10-13,2023,['Cycling'],1,0.0,,,0.0,,[],False,"({T}: Add {B} or {R}.)
This land enters tapped.
Cycling {2} ({2}, Discard this card: Draw a card.)",True,789.0
celestial colonnade,land,rare,Doctor Who,WHO,True,2023-10-13,2023,[],0,0.0,,,0.0,,[],False,"This land enters tapped.
{T}: Add {W} or {U}.
{3}{W}{U}: Until end of turn, this land becomes a 4/4 white and blue Elemental creature with flying and vigilance. It's still a land.",True,5210.0
choked estuary,land,rare,Doctor Who,WHO,True,2023-10-13,2023,[],0,0.0,,,0.0,,[],False,"As this land enters, you may reveal an Island or Swamp card from your hand. If you don't, this land enters tapped.
{T}: Add {U} or {B}.",True,273.0
cinder glade,land — mountain forest,rare,Doctor Who,WHO,True,2023-10-13,2023,[],0,0.0,,,0.0,,[],False,"({T}: Add {R} or {G}.)
This land enters tapped unless you control two or more basic lands.",True,84.0
creeping tar pit,land,rare,Doctor Who,WHO,True,2023-10-13,2023,[],0,0.0,,,0.0,,[],False,"This land enters tapped.
{T}: Add {U} or {B}.
{1}{U}{B}: This land becomes a 3/2 blue and black Elemental creature until end of turn and can't be blocked this turn. It's still a land.",True,2569.0
darkwater catacombs,land,rare,Doctor Who,WHO,True,2023-10-13,2023,[],0,0.0,,,0.0,,[],False,"{1}, {T}: Add {U}{B}.",True,294.0
deserted beach,land,rare,Doctor Who,WHO,True,2023-10-13,2023,[],0,0.0,,,0.0,,[],False,"This land enters tapped unless you control two or more other lands.
{T}: Add {W} or {U}.",True,274.0
desolate lighthouse,land,rare,Doctor Who,WHO,True,2023-10-13,2023,[],0,0.0,,,0.0,,[],False,"{T}: Add {C}.
{1}{U}{R}, {T}: Draw a card, then discard a card.",True,1967.0
dragonskull summit,land,rare,Doctor Who,WHO,True,2023-10-13,2023,[],0,0.0,,,0.0,,[],False,"This land enters tapped unless you control a Swamp or a Mountain.
{T}: Add {B} or {R}.",True,99.0
dreamroot cascade,land,rare,Doctor Who,WHO,True,2023-10-13,2023,[],0,0.0,,,0.0,,[],False,"This land enters tapped unless you control two or more other lands.
{T}: Add {G} or {U}.",True,196.0
drowned catacomb,land,rare,Doctor Who,WHO,True,2023-10-13,2023,[],0,0.0,,,0.0,,[],False,"This land enters tapped unless you control an Island or a Swamp.
{T}: Add {U} or {B}.",True,114.0
exotic orchard,land,rare,Doctor Who,WHO,True,2023-10-13,2023,[],0,0.0,,,0.0,,[],False,{T}: Add one mana of any color that a land an opponent controls could produce.,True,9.0
fetid pools,land — island swamp,rare,Doctor Who,WHO,True,2023-10-13,2023,['Cycling'],1,0.0,,,0.0,,[],False,"({T}: Add {U} or {B}.)
This land enters tapped.
Cycling {2} ({2}, Discard this card: Draw a card.)",True,827.0
fiery islet,land,rare,Doctor Who,WHO,True,2023-10-13,2023,[],0,0.0,,,0.0,,[],False,"{T}, Pay 1 life: Add {U} or {R}.
{1}, {T}, Sacrifice this land: Draw a card.",True,773.0
foreboding ruins,land,rare,Doctor Who,WHO,True,2023-10-13,2023,[],0,0.0,,,0.0,,[],False,"As this land enters, you may reveal a Swamp or Mountain card from your hand. If you don't, this land enters tapped.
{T}: Add {B} or {R}.",True,307.0
fortified village,land,rare,Doctor Who,WHO,True,2023-10-13,2023,[],0,0.0,,,0.0,,[],False,"As this land enters, you may reveal a Forest or Plains card from your hand. If you don't, this land enters tapped.
{T}: Add {G} or {W}.",True,326.0
frostboil snarl,land,rare,Doctor Who,WHO,True,2023-10-13,2023,[],0,0.0,,,0.0,,[],False,"As this land enters, you may reveal an Island or Mountain card from your hand. If you don't, this land enters tapped.
{T}: Add {U} or {R}.",True,342.0
furycalm snarl,land,rare,Doctor Who,WHO,True,2023-10-13,2023,[],0,0.0,,,0.0,,[],False,"As this land enters, you may reveal a Mountain or Plains card from your hand. If you don't, this land enters tapped.
{T}: Add {R} or {W}.",True,359.0
game trail,land,rare,Doctor Who,WHO,True,2023-10-13,2023,[],0,0.0,,,0.0,,[],False,"As this land enters, you may reveal a Mountain or Forest card from your hand. If you don't, this land enters tapped.
{T}: Add {R} or {G}.",True,334.0
glacial fortress,land,rare,Doctor Who,WHO,True,2023-10-13,2023,[],0,0.0,,,0.0,,[],False,"This land enters tapped unless you control a Plains or an Island.
{T}: Add {W} or {U}.",True,111.0
haunted ridge,land,rare,Doctor Who,WHO,True,2023-10-13,2023,[],0,0.0,,,0.0,,[],False,"This land enters tapped unless you control two or more other lands.
{T}: Add {B} or {R}.",True,272.0
horizon canopy,land,rare,Doctor Who,WHO,True,2023-10-13,2023,[],0,0.0,,,0.0,,[],False,"{T}, Pay 1 life: Add {G} or {W}.
{1}, {T}, Sacrifice this land: Draw a card.",True,1561.0
irrigated farmland,land — plains island,rare,Doctor Who,WHO,True,2023-10-13,2023,['Cycling'],1,0.0,,,0.0,,[],False,"({T}: Add {W} or {U}.)
This land enters tapped.
Cycling {2} ({2}, Discard this card: Draw a card.)",True,770.0
lavaclaw reaches,land,rare,Doctor Who,WHO,True,2023-10-13,2023,[],0,0.0,,,0.0,,[],False,"This land enters tapped.
{T}: Add {B} or {R}.
{1}{B}{R}: Until end of turn, this land becomes a 2/2 black and red Elemental creature with ""{X}: This creature gets +X/+0 until end of turn."" It's still a land.",True,6973.0
overgrown farmland,land,rare,Doctor Who,WHO,True,2023-10-13,2023,[],0,0.0,,,0.0,,[],False,"This land enters tapped unless you control two or more other lands.
{T}: Add {G} or {W}.",True,297.0
port town,land,rare,Doctor Who,WHO,True,2023-10-13,2023,[],0,0.0,,,0.0,,[],False,"As this land enters, you may reveal a Plains or Island card from your hand. If you don't, this land enters tapped.
{T}: Add {W} or {U}.",True,328.0
prairie stream,land — plains island,rare,Doctor Who,WHO,True,2023-10-13,2023,[],0,0.0,,,0.0,,[],False,"({T}: Add {W} or {U}.)
This land enters tapped unless you control two or more basic lands.",True,105.0
river of tears,land,rare,Doctor Who,WHO,True,2023-10-13,2023,[],0,0.0,,,0.0,,[],False,"{T}: Add {U}. If you played a land this turn, add {B} instead.",True,2261.0
rockfall vale,land,rare,Doctor Who,WHO,True,2023-10-13,2023,[],0,0.0,,,0.0,,[],False,"This land enters tapped unless you control two or more other lands.
{T}: Add {R} or {G}.",True,201.0
rootbound crag,land,rare,Doctor Who,WHO,True,2023-10-13,2023,[],0,0.0,,,0.0,,[],False,"This land enters tapped unless you control a Mountain or a Forest.
{T}: Add {R} or {G}.",True,144.0
scattered groves,land — forest plains,rare,Doctor Who,WHO,True,2023-10-13,2023,['Cycling'],1,0.0,,,0.0,,[],False,"({T}: Add {G} or {W}.)
This land enters tapped.
Cycling {2} ({2}, Discard this card: Draw a card.)",True,835.0
shadowblood ridge,land,rare,Doctor Who,WHO,True,2023-10-13,2023,[],0,0.0,,,0.0,,[],False,"{1}, {T}: Add {B}{R}.",True,418.0
sheltered thicket,land — mountain forest,rare,Doctor Who,WHO,True,2023-10-13,2023,['Cycling'],1,0.0,,,0.0,,[],False,"({T}: Add {R} or {G}.)
This land enters tapped.
Cycling {2} ({2}, Discard this card: Draw a card.)",True,671.0
shipwreck marsh,land,rare,Doctor Who,WHO,True,2023-10-13,2023,[],0,0.0,,,0.0,,[],False,"This land enters tapped unless you control two or more other lands.
{T}: Add {U} or {B}.",True,213.0
skycloud expanse,land,rare,Doctor Who,WHO,True,2023-10-13,2023,[],0,0.0,,,0.0,,[],False,"{1}, {T}: Add {W}{U}.",True,363.0
smoldering marsh,land — swamp mountain,rare,Doctor Who,WHO,True,2023-10-13,2023,[],0,0.0,,,0.0,,[],False,"({T}: Add {B} or {R}.)
This land enters tapped unless you control two or more basic lands.",True,104.0
stormcarved coast,land,rare,Doctor Who,WHO,True,2023-10-13,2023,[],0,0.0,,,0.0,,[],False,"This land enters tapped unless you control two or more other lands.
{T}: Add {U} or {R}.",True,221.0
sunbaked canyon,land,rare,Doctor Who,WHO,True,2023-10-13,2023,[],0,0.0,,,0.0,,[],False,"{T}, Pay 1 life: Add {R} or {W}.
{1}, {T}, Sacrifice this land: Draw a card.",True,1487.0
sundown pass,land,rare,Doctor Who,WHO,True,2023-10-13,2023,[],0,0.0,,,0.0,,[],False,"This land enters tapped unless you control two or more other lands.
{T}: Add {R} or {W}.",True,306.0
sungrass prairie,land,rare,Doctor Who,WHO,True,2023-10-13,2023,[],0,0.0,,,0.0,,[],False,"{1}, {T}: Add {G}{W}.",True,437.0
sunken hollow,land — island swamp,rare,Doctor Who,WHO,True,2023-10-13,2023,[],0,0.0,,,0.0,,[],False,"({T}: Add {U} or {B}.)
This land enters tapped unless you control two or more basic lands.",True,80.0
temple of abandon,land,rare,Doctor Who,WHO,True,2023-10-13,2023,['Scry'],1,0.0,,,0.0,,[],False,"This land enters tapped.
When this land enters, scry 1. (Look at the top card of your library. You may put that card on the bottom.)
{T}: Add {R} or {G}.",True,429.0
temple of deceit,land,rare,Doctor Who,WHO,True,2023-10-13,2023,['Scry'],1,0.0,,,0.0,,[],False,"This land enters tapped.
When this land enters, scry 1. (Look at the top card of your library. You may put that card on the bottom.)
{T}: Add {U} or {B}.",True,289.0
temple of enlightenment,land,rare,Doctor Who,WHO,True,2023-10-13,2023,['Scry'],1,0.0,,,0.0,,[],False,"This land enters tapped.
When this land enters, scry 1. (Look at the top card of your library. You may put that card on the bottom.)
{T}: Add {W} or {U}.",True,292.0
temple of epiphany,land,rare,Doctor Who,WHO,True,2023-10-13,2023,['Scry'],1,0.0,,,0.0,,[],False,"This land enters tapped.
When this land enters, scry 1. (Look at the top card of your library. You may put that card on the bottom.)
{T}: Add {U} or {R}.",True,258.0
temple of malice,land,rare,Doctor Who,WHO,True,2023-10-13,2023,['Scry'],1,0.0,,,0.0,,[],False,"This land enters tapped.
When this land enters, scry 1. (Look at the top card of your library. You may put that card on the bottom.)
{T}: Add {B} or {R}.",True,378.0
temple of mystery,land,rare,Doctor Who,WHO,True,2023-10-13,2023,['Scry'],1,0.0,,,0.0,,[],False,"This land enters tapped.
When this land enters, scry 1. (Look at the top card of your library. You may put that card on the bottom.)
{T}: Add {G} or {U}.",True,282.0
temple of plenty,land,rare,Doctor Who,WHO,True,2023-10-13,2023,['Scry'],1,0.0,,,0.0,,[],False,"This land enters tapped.
When this land enters, scry 1. (Look at the top card of your library. You may put that card on the bottom.)
{T}: Add {G} or {W}.",True,444.0
temple of triumph,land,rare,Doctor Who,WHO,True,2023-10-13,2023,['Scry'],1,0.0,,,0.0,,[],False,"This land enters tapped.
When this land enters, scry 1. (Look at the top card of your library. You may put that card on the bottom.)
{T}: Add {R} or {W}.",True,277.0
thespian's stage,land,rare,Doctor Who,WHO,True,2023-10-13,2023,[],0,0.0,,,0.0,,[],False,"{T}: Add {C}.
{2}, {T}: This land becomes a copy of target land, except it has this ability.",True,531.0
vineglimmer snarl,land,rare,Doctor Who,WHO,True,2023-10-13,2023,[],0,0.0,,,0.0,,[],False,"As this land enters, you may reveal a Forest or Island card from your hand. If you don't, this land enters tapped.
{T}: Add {G} or {U}.",True,540.0
war room,land,rare,Doctor Who,WHO,True,2023-10-13,2023,[],0,0.0,,,0.0,,[],False,"{T}: Add {C}.
{3}, {T}, Pay life equal to the number of colors in your commanders' color identity: Draw a card.",True,145.0
waterlogged grove,land,rare,Doctor Who,WHO,True,2023-10-13,2023,[],0,0.0,,,0.0,,[],False,"{T}, Pay 1 life: Add {G} or {U}.
{1}, {T}, Sacrifice this land: Draw a card.",True,972.0
rose tyler,legendary creature — human,rare,Doctor Who,WHO,True,2023-10-13,2023,"['Bad Wolf', ""Doctor's companion""]",2,2.0,2.0,2.0,6.0,,['W'],False,"Rose Tyler gets +1/+1 for each time counter on it.
Bad Wolf - Whenever Rose Tyler attacks, put a time counter on it for each suspended card you own and each other permanent you control with a time counter on it.
Doctor's companion (You can have two commanders if the other is the Doctor.)",True,15095.0
sarah jane smith,legendary creature — human detective,rare,Doctor Who,WHO,True,2023-10-13,2023,"[""Doctor's companion"", 'Investigate']",2,2.0,2.0,1.0,5.0,,['W'],False,"Whenever you cast a historic spell, investigate. This ability triggers only once each turn. (Artifacts, legendaries, and Sagas are historic. To investigate, create a Clue token. It's an artifact with ""{2}, Sacrifice this token: Draw a card."")
Doctor's companion (You can have two commanders if the other is the Doctor.)",True,7821.0
"k-9, mark i",legendary artifact creature — robot dog,rare,Doctor Who,WHO,True,2023-10-13,2023,"['Affirmative', ""Doctor's companion"", 'Negative']",3,1.0,1.0,1.0,3.0,,['U'],False,"Negative - As long as K-9 is untapped, other legendary creatures you control have ward {1}.
Affirmative - {1}{U}, {T}: Target legendary creature can't be blocked this turn.
Doctor's companion (You can have two commanders if the other is the Doctor.)",True,3030.0
dalek squadron,artifact creature — dalek,uncommon,Doctor Who,WHO,True,2023-10-13,2023,"['Menace', 'Myriad']",2,3.0,3.0,3.0,9.0,,['B'],False,"Menace
Myriad (Whenever this creature attacks, for each opponent other than defending player, you may create a token copy that's tapped and attacking that player or a planeswalker they control. Exile the tokens at end of combat.)",True,4955.0
yasmin khan,legendary creature — human detective,rare,Doctor Who,WHO,True,2023-10-13,2023,"[""Doctor's companion""]",1,4.0,3.0,3.0,10.0,,['R'],False,"{T}: Exile the top card of your library. Until your next end step, you may play it.
Doctor's companion (You can have two commanders if the other is the Doctor.)",True,13475.0
"davros, dalek creator",legendary artifact creature — alien scientist,mythic,Doctor Who,WHO,True,2023-10-13,2023,['Menace'],1,4.0,3.0,4.0,11.0,,"['B', 'R', 'U']",True,"Menace
At the beginning of your end step, create a 3/3 black Dalek artifact creature token with menace if an opponent lost 3 or more life this turn. Then each opponent who lost 3 or more life this turn faces a villainous choice - You draw a card, or that player discards a card.",True,7339.0
the fugitive doctor,legendary creature — time lord doctor,rare,Doctor Who,WHO,True,2023-10-13,2023,['Investigate'],1,5.0,4.0,4.0,13.0,,"['G', 'R']",True,"When The Fugitive Doctor enters, investigate.
Whenever The Fugitive Doctor attacks, you may sacrifice a Clue. When you do, target instant or sorcery card in your graveyard gains flashback {2}{R}{G} until end of turn. (You may cast that card from your graveyard for its flashback cost. Then exile it.)",True,12456.0
"the master, formed anew",legendary creature — time lord rogue,rare,Doctor Who,WHO,True,2023-10-13,2023,['Body Thief'],1,2.0,0.0,1.0,3.0,,"['B', 'U']",True,"Body Thief - When you cast this spell, you may exile a creature you control and put a takeover counter on it.
You may have The Master enter as a copy of a creature card in exile with a takeover counter on it.",True,17740.0
"the master, gallifrey's end",legendary creature — time lord rogue,rare,Doctor Who,WHO,True,2023-10-13,2023,['Make Them Pay'],1,4.0,4.0,3.0,11.0,,"['B', 'R']",True,"Make Them Pay - Whenever a nontoken artifact creature you control dies, you may exile it. If you do, choose an opponent with the most life among your opponents. That player faces a villainous choice - They lose 4 life, or you create a token that's a copy of that card.",True,11402.0
"the master, mesmerist",legendary creature — time lord rogue,rare,Doctor Who,WHO,True,2023-10-13,2023,['Goad'],1,4.0,3.0,3.0,10.0,,"['B', 'U']",True,"{T}: Target creature an opponent controls with power less than or equal to The Master's power gains skulk until end of turn. Goad it. (A creature with skulk can't be blocked by creatures with greater power.)
Whenever a creature with skulk deals combat damage to one of your opponents, put a +1/+1 counter on The Master and draw a card.",True,11645.0
"the master, multiplied",legendary creature — time lord rogue,rare,Doctor Who,WHO,True,2023-10-13,2023,['Myriad'],1,6.0,4.0,3.0,13.0,,"['B', 'R']",True,"Myriad
The ""legend rule"" doesn't apply to creature tokens you control.
Triggered abilities you control can't cause you to sacrifice or exile creature tokens you control.",True,3325.0
missy,legendary creature — time lord rogue,rare,Doctor Who,WHO,True,2023-10-13,2023,[],0,6.0,4.0,5.0,15.0,,"['B', 'R', 'U']",True,"Whenever another nonartifact creature dies, return it to the battlefield under your control face down and tapped. It's a 2/2 Cyberman artifact creature.
At the beginning of your end step, each opponent faces a villainous choice - Each artifact creature you control deals 1 damage to that opponent, or you draw a card and chaos ensues.",True,9127.0
river song,legendary creature — human time lord rogue,rare,Doctor Who,WHO,True,2023-10-13,2023,"['Meet in Reverse', 'Spoilers']",2,3.0,2.0,2.0,7.0,,"['R', 'U']",True,"Meet in Reverse - You draw cards from the bottom of your library rather than the top.
Spoilers - Whenever an opponent scries, surveils, or searches their library, put a +1/+1 counter on River Song. Then River Song deals damage to that player equal to its power.",True,9448.0
the war doctor,legendary creature — time lord doctor,rare,Doctor Who,WHO,True,2023-10-13,2023,[],0,4.0,3.0,5.0,12.0,,"['R', 'W']",True,"Whenever one or more other permanents phase out and whenever one or more other cards are put into exile from anywhere, put a time counter on The War Doctor.
Whenever The War Doctor attacks, it deals damage equal to the number of time counters on it to any target. If a creature dealt damage this way would die this turn, exile it instead.",True,6524.0
weeping angel,artifact creature — alien angel,rare,Doctor Who,WHO,True,2023-10-13,2023,"['First strike', 'Flash', 'Vigilance']",3,3.0,2.0,2.0,7.0,,"['B', 'U']",True,"Flash
First strike, vigilance
Whenever an opponent casts a creature spell, this creature isn't a creature until end of turn.
If this creature would deal combat damage to a creature, prevent that damage and that creature's owner shuffles it into their library.",True,8237.0
cyberman patrol,artifact creature — cyberman,uncommon,Doctor Who,WHO,True,2023-10-13,2023,[],0,2.0,2.0,2.0,6.0,,[],False,"Artifact creatures you control have afflict 3. (Whenever a creature with afflict 3 becomes blocked, defending player loses 3 life.)",True,2608.0
tardis,artifact — vehicle,uncommon,Doctor Who,WHO,True,2023-10-13,2023,"['Crew', 'Flying']",2,2.0,2.0,4.0,8.0,,[],False,"Flying
Whenever this Vehicle attacks, if you control a Time Lord, the next spell you cast this turn has cascade and you may planeswalk.
Crew 2 (Tap any number of creatures you control with total power 2 or more: This Vehicle becomes an artifact creature until end of turn.)",True,6083.0
the first doctor,legendary creature — time lord doctor,rare,Doctor Who,WHO,True,2023-10-13,2023,[],0,3.0,2.0,2.0,7.0,,"['U', 'W']",True,"When The First Doctor enters, search your library and/or graveyard for a card named TARDIS, reveal it, and put it into your hand. If you search your library this way, shuffle.
Whenever you cast a spell with cascade, put a +1/+1 counter on target artifact or creature.",True,10713.0
the first doctor,legendary creature — time lord doctor,rare,Doctor Who,WHO,True,2023-10-13,2023,[],0,3.0,2.0,2.0,7.0,,"['U', 'W']",True,"When The First Doctor enters, search your library and/or graveyard for a card named TARDIS, reveal it, and put it into your hand. If you search your library this way, shuffle.
Whenever you cast a spell with cascade, put a +1/+1 counter on target artifact or creature.",True,10713.0
the second doctor,legendary creature — time lord doctor,rare,Doctor Who,WHO,True,2023-10-13,2023,['How Civil of You'],1,4.0,2.0,4.0,10.0,,"['U', 'W']",True,"Players have no maximum hand size.
How Civil of You - At the beginning of your end step, each player may draw a card. Each opponent who does can't attack you or permanents you control during their next turn.",True,3601.0
the second doctor,legendary creature — time lord doctor,rare,Doctor Who,WHO,True,2023-10-13,2023,['How Civil of You'],1,4.0,2.0,4.0,10.0,,"['U', 'W']",True,"Players have no maximum hand size.
How Civil of You - At the beginning of your end step, each player may draw a card. Each opponent who does can't attack you or permanents you control during their next turn.",True,3601.0
the third doctor,legendary creature — time lord doctor,rare,Doctor Who,WHO,True,2023-10-13,2023,"['Food', 'Trample', 'Treasure']",3,4.0,2.0,2.0,8.0,,"['G', 'U']",True,"Trample
The Third Doctor gets +1/+1 for each noncreature token you control.
When The Third Doctor enters, create your choice of a Clue token, a Food token, or a Treasure token.",True,7857.0
the third doctor,legendary creature — time lord doctor,rare,Doctor Who,WHO,True,2023-10-13,2023,"['Food', 'Trample', 'Treasure']",3,4.0,2.0,2.0,8.0,,"['G', 'U']",True,"Trample
The Third Doctor gets +1/+1 for each noncreature token you control.
When The Third Doctor enters, create your choice of a Clue token, a Food token, or a Treasure token.",True,7857.0
the fourth doctor,legendary creature — time lord doctor,mythic,Doctor Who,WHO,True,2023-10-13,2023,['Food'],1,4.0,4.0,4.0,12.0,,"['G', 'U']",True,"You may look at the top card of your library any time.
Would You Like A...? - Once each turn, you may play a historic land or cast a historic spell from the top of your library. When you do, create a Food token. (Artifacts, legendaries, and Sagas are historic.)",True,8404.0
the fourth doctor,legendary creature — time lord doctor,mythic,Doctor Who,WHO,True,2023-10-13,2023,['Food'],1,4.0,4.0,4.0,12.0,,"['G', 'U']",True,"You may look at the top card of your library any time.
Would You Like A...? - Once each turn, you may play a historic land or cast a historic spell from the top of your library. When you do, create a Food token. (Artifacts, legendaries, and Sagas are historic.)",True,8404.0
the fifth doctor,legendary creature — time lord doctor,rare,Doctor Who,WHO,True,2023-10-13,2023,['Peaceful Coexistence'],1,4.0,2.0,2.0,8.0,,"['U', 'W']",True,"Peaceful Coexistence - At the beginning of your end step, put a +1/+1 counter on each creature you control that didn't attack or enter this turn. Untap those creatures.",True,9613.0
the fifth doctor,legendary creature — time lord doctor,rare,Doctor Who,WHO,True,2023-10-13,2023,['Peaceful Coexistence'],1,4.0,2.0,2.0,8.0,,"['U', 'W']",True,"Peaceful Coexistence - At the beginning of your end step, put a +1/+1 counter on each creature you control that didn't attack or enter this turn. Untap those creatures.",True,9613.0
the sixth doctor,legendary creature — time lord doctor,rare,Doctor Who,WHO,True,2023-10-13,2023,"[""Time Lord's Prerogative""]",1,6.0,3.0,3.0,12.0,,"['G', 'U']",True,"Time Lord's Prerogative - Whenever you cast a historic spell, copy it, except the copy isn't legendary. This ability triggers only once each turn. (Artifacts, legendaries, and Sagas are historic. A copy of a permanent spell becomes a token.)",True,5611.0
the sixth doctor,legendary creature — time lord doctor,rare,Doctor Who,WHO,True,2023-10-13,2023,"[""Time Lord's Prerogative""]",1,6.0,3.0,3.0,12.0,,"['G', 'U']",True,"Time Lord's Prerogative - Whenever you cast a historic spell, copy it, except the copy isn't legendary. This ability triggers only once each turn. (Artifacts, legendaries, and Sagas are historic. A copy of a permanent spell becomes a token.)",True,5611.0
the seventh doctor,legendary creature — time lord doctor,rare,Doctor Who,WHO,True,2023-10-13,2023,['Investigate'],1,5.0,3.0,6.0,14.0,,"['U', 'W']",True,"Whenever The Seventh Doctor attacks, choose a card in your hand. Defending player guesses whether that card's mana value is greater than the number of artifacts you control. If they guessed wrong, you may cast it without paying its mana cost. If you don't cast a spell this way, investigate. (Create a Clue token. It's an artifact with ""{2}, Sacrifice this token: Draw a card."")",True,9384.0
the seventh doctor,legendary creature — time lord doctor,rare,Doctor Who,WHO,True,2023-10-13,2023,['Investigate'],1,5.0,3.0,6.0,14.0,,"['U', 'W']",True,"Whenever The Seventh Doctor attacks, choose a card in your hand. Defending player guesses whether that card's mana value is greater than the number of artifacts you control. If they guessed wrong, you may cast it without paying its mana cost. If you don't cast a spell this way, investigate. (Create a Clue token. It's an artifact with ""{2}, Sacrifice this token: Draw a card."")",True,9384.0
the eighth doctor,legendary creature — time lord doctor,rare,Doctor Who,WHO,True,2023-10-13,2023,['Mill'],1,6.0,4.0,4.0,14.0,,"['U', 'W']",True,"When The Eighth Doctor enters, mill three cards.
Once during each of your turns, you may play a historic land or cast a historic permanent spell from your graveyard. If you do, it gains ""If this permanent would leave the battlefield, exile it instead of putting it anywhere else.""",True,9995.0
the eighth doctor,legendary creature — time lord doctor,rare,Doctor Who,WHO,True,2023-10-13,2023,['Mill'],1,6.0,4.0,4.0,14.0,,"['U', 'W']",True,"When The Eighth Doctor enters, mill three cards.
Once during each of your turns, you may play a historic land or cast a historic permanent spell from your graveyard. If you do, it gains ""If this permanent would leave the battlefield, exile it instead of putting it anywhere else.""",True,9995.0
the ninth doctor,legendary creature — time lord doctor,rare,Doctor Who,WHO,True,2023-10-13,2023,"['Haste', 'Into the TARDIS']",2,3.0,2.0,4.0,9.0,,"['R', 'U']",True,"Haste
Into the TARDIS - Whenever The Ninth Doctor becomes untapped during your untap step, you get an additional upkeep step after this step.",True,5676.0
the ninth doctor,legendary creature — time lord doctor,rare,Doctor Who,WHO,True,2023-10-13,2023,"['Haste', 'Into the TARDIS']",2,3.0,2.0,4.0,9.0,,"['R', 'U']",True,"Haste
Into the TARDIS - Whenever The Ninth Doctor becomes untapped during your untap step, you get an additional upkeep step after this step.",True,5676.0
the tenth doctor,legendary creature — time lord doctor,mythic,Doctor Who,WHO,True,2023-10-13,2023,"['Allons-y!', 'Time Travel', 'Timey-Wimey']",3,5.0,3.0,5.0,13.0,,"['R', 'U']",True,"Allons-y! - Whenever you attack, exile cards from the top of your library until you exile a nonland card. Put three time counters on it. If it doesn't have suspend, it gains suspend.
Timey-Wimey - {7}: Time travel three times. Activate only as a sorcery. (For each suspended card you own and each permanent you control with a time counter on it, you may add or remove a time counter. Then do it two more times.)",True,5385.0
the tenth doctor,legendary creature — time lord doctor,mythic,Doctor Who,WHO,True,2023-10-13,2023,"['Allons-y!', 'Time Travel', 'Timey-Wimey']",3,5.0,3.0,5.0,13.0,,"['R', 'U']",True,"Allons-y! - Whenever you attack, exile cards from the top of your library until you exile a nonland card. Put three time counters on it. If it doesn't have suspend, it gains suspend.
Timey-Wimey - {7}: Time travel three times. Activate only as a sorcery. (For each suspended card you own and each permanent you control with a time counter on it, you may add or remove a time counter. Then do it two more times.)",True,5385.0
the eleventh doctor,legendary creature — time lord doctor,rare,Doctor Who,WHO,True,2023-10-13,2023,['I. AM. TALKING!'],1,3.0,3.0,2.0,8.0,,"['U', 'W']",True,"I. AM. TALKING! - Whenever The Eleventh Doctor deals combat damage to a player, you may exile a card from your hand with a number of time counters on it equal to its mana value. If it doesn't have suspend, it gains suspend.
{2}: Target creature with power 3 or less can't be blocked this turn.",True,7976.0
the eleventh doctor,legendary creature — time lord doctor,rare,Doctor Who,WHO,True,2023-10-13,2023,['I. AM. TALKING!'],1,3.0,3.0,2.0,8.0,,"['U', 'W']",True,"I. AM. TALKING! - Whenever The Eleventh Doctor deals combat damage to a player, you may exile a card from your hand with a number of time counters on it equal to its mana value. If it doesn't have suspend, it gains suspend.
{2}: Target creature with power 3 or less can't be blocked this turn.",True,7976.0
the twelfth doctor,legendary creature — time lord doctor,rare,Doctor Who,WHO,True,2023-10-13,2023,[],0,5.0,4.0,4.0,13.0,,"['R', 'U']",True,"The first spell you cast from anywhere other than your hand each turn has demonstrate. (When you cast that spell, you may copy it. If you do, choose an opponent to also copy it. A copy of a permanent spell becomes a token.)
Whenever you copy a spell, put a +1/+1 counter on The Twelfth Doctor.",True,6248.0
the twelfth doctor,legendary creature — time lord doctor,rare,Doctor Who,WHO,True,2023-10-13,2023,[],0,5.0,4.0,4.0,13.0,,"['R', 'U']",True,"The first spell you cast from anywhere other than your hand each turn has demonstrate. (When you cast that spell, you may copy it. If you do, choose an opponent to also copy it. A copy of a permanent spell becomes a token.)
Whenever you copy a spell, put a +1/+1 counter on The Twelfth Doctor.",True,6248.0
the thirteenth doctor,legendary creature — time lord doctor,mythic,Doctor Who,WHO,True,2023-10-13,2023,"['Paradox', 'Team TARDIS']",2,3.0,2.0,2.0,7.0,,"['G', 'U']",True,"Paradox - Whenever you cast a spell from anywhere other than your hand, put a +1/+1 counter on target creature.
Team TARDIS - At the beginning of your end step, untap each creature you control with a counter on it.",True,4263.0
the thirteenth doctor,legendary creature — time lord doctor,mythic,Doctor Who,WHO,True,2023-10-13,2023,"['Paradox', 'Team TARDIS']",2,3.0,2.0,2.0,7.0,,"['G', 'U']",True,"Paradox - Whenever you cast a spell from anywhere other than your hand, put a +1/+1 counter on target creature.
Team TARDIS - At the beginning of your end step, untap each creature you control with a counter on it.",True,4263.0
past in flames,sorcery,rare,Doctor Who,WHO,True,2023-10-13,2023,['Flashback'],1,4.0,,,4.0,,['R'],False,"Each instant and sorcery card in your graveyard gains flashback until end of turn. The flashback cost is equal to its mana cost.
Flashback {4}{R} (You may cast this card from your graveyard for its flashback cost. Then exile it.)",True,1318.0
"davros, dalek creator",legendary artifact creature — alien scientist,mythic,Doctor Who,WHO,True,2023-10-13,2023,['Menace'],1,4.0,3.0,4.0,11.0,,"['B', 'R', 'U']",True,"Menace
At the beginning of your end step, create a 3/3 black Dalek artifact creature token with menace if an opponent lost 3 or more life this turn. Then each opponent who lost 3 or more life this turn faces a villainous choice - You draw a card, or that player discards a card.",True,7339.0
the fourth doctor,legendary creature — time lord doctor,mythic,Doctor Who,WHO,True,2023-10-13,2023,['Food'],1,4.0,4.0,4.0,12.0,,"['G', 'U']",True,"You may look at the top card of your library any time.
Would You Like A...? - Once each turn, you may play a historic land or cast a historic spell from the top of your library. When you do, create a Food token. (Artifacts, legendaries, and Sagas are historic.)",True,8404.0
the tenth doctor,legendary creature — time lord doctor,mythic,Doctor Who,WHO,True,2023-10-13,2023,"['Allons-y!', 'Time Travel', 'Timey-Wimey']",3,5.0,3.0,5.0,13.0,,"['R', 'U']",True,"Allons-y! - Whenever you attack, exile cards from the top of your library until you exile a nonland card. Put three time counters on it. If it doesn't have suspend, it gains suspend.
Timey-Wimey - {7}: Time travel three times. Activate only as a sorcery. (For each suspended card you own and each permanent you control with a time counter on it, you may add or remove a time counter. Then do it two more times.)",True,5385.0
the thirteenth doctor,legendary creature — time lord doctor,mythic,Doctor Who,WHO,True,2023-10-13,2023,"['Paradox', 'Team TARDIS']",2,3.0,2.0,2.0,7.0,,"['G', 'U']",True,"Paradox - Whenever you cast a spell from anywhere other than your hand, put a +1/+1 counter on target creature.
Team TARDIS - At the beginning of your end step, untap each creature you control with a counter on it.",True,4263.0
rose tyler,legendary creature — human,rare,Doctor Who,WHO,True,2023-10-13,2023,"['Bad Wolf', ""Doctor's companion""]",2,2.0,2.0,2.0,6.0,,['W'],False,"Rose Tyler gets +1/+1 for each time counter on it.
Bad Wolf - Whenever Rose Tyler attacks, put a time counter on it for each suspended card you own and each other permanent you control with a time counter on it.
Doctor's companion (You can have two commanders if the other is the Doctor.)",True,15095.0
sarah jane smith,legendary creature — human detective,rare,Doctor Who,WHO,True,2023-10-13,2023,"[""Doctor's companion"", 'Investigate']",2,2.0,2.0,1.0,5.0,,['W'],False,"Whenever you cast a historic spell, investigate. This ability triggers only once each turn. (Artifacts, legendaries, and Sagas are historic. To investigate, create a Clue token. It's an artifact with ""{2}, Sacrifice this token: Draw a card."")
Doctor's companion (You can have two commanders if the other is the Doctor.)",True,7821.0
yasmin khan,legendary creature — human detective,rare,Doctor Who,WHO,True,2023-10-13,2023,"[""Doctor's companion""]",1,4.0,3.0,3.0,10.0,,['R'],False,"{T}: Exile the top card of your library. Until your next end step, you may play it.
Doctor's companion (You can have two commanders if the other is the Doctor.)",True,13475.0
missy,legendary creature — time lord rogue,rare,Doctor Who,WHO,True,2023-10-13,2023,[],0,6.0,4.0,5.0,15.0,,"['B', 'R', 'U']",True,"Whenever another nonartifact creature dies, return it to the battlefield under your control face down and tapped. It's a 2/2 Cyberman artifact creature.
At the beginning of your end step, each opponent faces a villainous choice - Each artifact creature you control deals 1 damage to that opponent, or you draw a card and chaos ensues.",True,9127.0
clara oswald,legendary creature — human advisor,rare,Doctor Who,WHO,True,2023-10-13,2023,"[""Doctor's companion"", 'Impossible Girl']",2,6.0,2.0,6.0,14.0,,[],False,"Impossible Girl - If Clara Oswald is your commander, choose a color before the game begins. Clara Oswald is the chosen color.
If a triggered ability of a Doctor you control triggers, that ability triggers an additional time.
Doctor's companion (You can have two commanders if the other is the Doctor.)",True,11120.0
adipose offspring,creature — alien,rare,Doctor Who,WHO,True,2023-10-13,2023,['Emerge'],1,4.0,2.0,2.0,8.0,,['W'],False,"Emerge {5}{W} (You may cast this spell by sacrificing a creature and paying the emerge cost reduced by that creature's mana value.)
When this creature enters, create a 2/2 white Alien creature token. If this creature's emerge cost was paid, instead create X of those tokens, where X is the sacrificed creature's toughness.",True,16103.0
astrid peth,legendary creature — human,rare,Doctor Who,WHO,True,2023-10-13,2023,"['Brand-new Sky', 'Explore', 'Food']",3,2.0,2.0,2.0,6.0,,['W'],False,"Whenever Astrid Peth enters or attacks, create a Food token.
Brand-new Sky - Whenever you sacrifice a Clue or Food, Astrid Peth explores. (Reveal the top card of your library. Put that card into your hand if it's a land. Otherwise, put a +1/+1 counter on this creature, then put the card back or put it into your graveyard.)",True,5255.0
atraxi warden,creature — alien eye,uncommon,Doctor Who,WHO,True,2023-10-13,2023,"['Flying', 'Suspend']",2,6.0,6.0,6.0,18.0,,['W'],False,"Flying
When this creature enters, exile up to one target tapped creature.
Suspend 5-{1}{W} (Rather than cast this card from your hand, you may pay {1}{W} and exile it with five time counters on it. At the beginning of your upkeep, remove a time counter. When the last is removed, you may cast it without paying its mana cost. It has haste.)",True,13886.0
banish to another universe,enchantment,uncommon,Doctor Who,WHO,True,2023-10-13,2023,['Affinity'],1,5.0,,,5.0,,['W'],False,"Affinity for historic permanents (This spell costs {1} less to cast for each artifact, legendary, and/or Saga permanent you control.)
When this enchantment enters, exile target nonland permanent an opponent controls until this enchantment leaves the battlefield.",True,13248.0
barbara wright,legendary creature — human advisor,rare,Doctor Who,WHO,True,2023-10-13,2023,"[""Doctor's companion"", 'History Teacher']",2,2.0,1.0,3.0,6.0,,['W'],False,"History Teacher - Sagas you control have read ahead. (As a Saga enters, choose a chapter and start with that many lore counters. Skipped chapters don't trigger.)
Doctor's companion (You can have two commanders if the other is the Doctor.)",True,6921.0
the caves of androzani,enchantment — saga,rare,Doctor Who,WHO,True,2023-10-13,2023,[],0,4.0,,,4.0,,['W'],False,"(As this Saga enters and after your draw step, add a lore counter. Sacrifice after IV.)
I - Put two stun counters on each of up to two target tapped creatures.
II, III - For each non-Saga permanent, choose a counter on it. You may put an additional counter of that kind on that permanent.
IV - Search your library for a Doctor card, reveal it, put it into your hand, then shuffle.",True,15850.0
crack in time,enchantment,rare,Doctor Who,WHO,True,2023-10-13,2023,['Vanishing'],1,4.0,,,4.0,,['W'],False,"Vanishing 3 (This enchantment enters with three time counters on it. At the beginning of your upkeep, remove a time counter from it. When the last is removed, sacrifice it.)
When this enchantment enters and at the beginning of your first main phase, exile target creature an opponent controls until this enchantment leaves the battlefield.",True,12038.0
crisis of conscience,sorcery,rare,Doctor Who,WHO,True,2023-10-13,2023,[],0,6.0,,,6.0,,['W'],False,"Choose one -
• Destroy all tokens.
• Destroy all nonland, nontoken permanents.",True,11297.0
everybody lives!,instant,rare,Doctor Who,WHO,True,2023-10-13,2023,[],0,2.0,,,2.0,,['W'],False,All creatures gain hexproof and indestructible until end of turn. Players gain hexproof until end of turn. Players can't lose life this turn and players can't lose the game or win the game this turn.,True,1892.0
everything comes to dust,sorcery,rare,Doctor Who,WHO,True,2023-10-13,2023,['Convoke'],1,10.0,,,10.0,,['W'],False,"Convoke (Your creatures can help cast this spell. Each creature you tap while casting this spell pays for {1} or one mana of that creature's color.)
Exile all creatures except those that share a creature type with a creature that convoked this spell, all artifacts, and all enchantments.",True,4115.0
four knocks,enchantment,rare,Doctor Who,WHO,True,2023-10-13,2023,['Vanishing'],1,3.0,,,3.0,,['W'],False,"Vanishing 4 (This enchantment enters with four time counters on it. At the beginning of your upkeep, remove a time counter from it. When the last is removed, sacrifice it.)
At the beginning of your first main phase, draw a card.",True,7560.0
the girl in the fireplace,enchantment — saga,rare,Doctor Who,WHO,True,2023-10-13,2023,['Time Travel'],1,3.0,,,3.0,,['W'],False,"(As this Saga enters and after your draw step, add a lore counter. Sacrifice after III.)
I - Create a 1/1 white Human Noble creature token with vanishing 3 and ""Prevent all damage that would be dealt to this token.""
II - Create a 2/2 white Horse creature token with ""Doctors you control have horsemanship."" (They can't be blocked except by creatures with horsemanship.)
III - Whenever a creature you control deals combat damage to a player this turn, time travel.",True,11833.0
ian chesterton,legendary creature — human scientist,rare,Doctor Who,WHO,True,2023-10-13,2023,"[""Doctor's companion"", 'Science Teacher']",2,3.0,2.0,3.0,8.0,,['W'],False,"Science Teacher - Each Saga spell you cast has replicate. The replicate cost is equal to its mana cost. (When you cast that Saga, copy it for each time you paid its replicate cost. Copies of Saga spells become tokens.)
Doctor's companion (You can have two commanders if the other is the Doctor.)",True,11345.0
jo grant,legendary creature — human soldier,rare,Doctor Who,WHO,True,2023-10-13,2023,"[""Doctor's companion""]",1,3.0,3.0,2.0,8.0,,['W'],False,"Each historic card in your hand has cycling {2}{W}. ({2}{W}, Discard that card: Draw a card.)
Whenever you cycle a card, put a +1/+1 counter on Jo Grant.
Doctor's companion (You can have two commanders if the other is the Doctor.)",True,14210.0
the night of the doctor,enchantment — saga,rare,Doctor Who,WHO,True,2023-10-13,2023,[],0,6.0,,,6.0,,['W'],False,"(As this Saga enters and after your draw step, add a lore counter. Sacrifice after II.)
I - Destroy all creatures.
II - Return target legendary creature card from your graveyard to the battlefield. Put your choice of a first strike, vigilance, or lifelink counter on it.",True,8342.0
the pandorica,legendary artifact,rare,Doctor Who,WHO,True,2023-10-13,2023,[],0,3.0,,,3.0,,['W'],False,"You may choose not to untap The Pandorica during your untap step.
{1}{W}, {T}: Untap another target nonland permanent, then it phases out. It can't phase in for as long as The Pandorica remains tapped. When The Pandorica becomes untapped or leaves the battlefield, that permanent phases in. Activate only as a sorcery.",True,12068.0
peri brown,legendary creature — human,rare,Doctor Who,WHO,True,2023-10-13,2023,"[""Doctor's companion""]",1,4.0,2.0,3.0,9.0,,['W'],False,"The first historic spell you cast each turn has convoke. (Your creatures can help cast it. Each creature you tap while casting it pays for {1} or one mana of that creature's color.)
Doctor's companion (You can have two commanders if the other is the Doctor.)",True,11613.0
romana ii,legendary creature — time lord scientist,rare,Doctor Who,WHO,True,2023-10-13,2023,"[""Doctor's companion"", 'Vigilance']",2,4.0,3.0,3.0,10.0,,['W'],False,"Vigilance
{1}, {T}: Create a tapped token that's a copy of target token that entered this turn.
Doctor's companion (You can have two commanders if the other is the Doctor.)",True,14062.0
tegan jovanka,legendary creature — human,rare,Doctor Who,WHO,True,2023-10-13,2023,"['Brave Heart', ""Doctor's companion""]",2,3.0,2.0,2.0,7.0,,['W'],False,"Brave Heart - Whenever you attack, target attacking historic creature gets +1/+1 and gains indestructible until end of turn. (Artifacts, legendaries, and Sagas are historic.)
Doctor's companion (You can have two commanders if the other is the Doctor.)",True,10709.0
trial of a time lord,enchantment — saga,rare,Doctor Who,WHO,True,2023-10-13,2023,[],0,3.0,,,3.0,,['W'],False,"(As this Saga enters and after your draw step, add a lore counter. Sacrifice after IV.)
I, II, III - Exile target nontoken creature an opponent controls until this Saga leaves the battlefield.
IV - Starting with you, each player votes for innocent or guilty. If guilty gets more votes, the owner of each card exiled with this Saga puts that card on the bottom of their library.",True,9479.0
the war games,enchantment — saga,rare,Doctor Who,WHO,True,2023-10-13,2023,['Goad'],1,4.0,,,4.0,,['W'],False,"(As this Saga enters and after your draw step, add a lore counter. Sacrifice after IV.)
I - Each player creates three tapped 1/1 white Warrior creature tokens. The tokens are goaded for as long as this Saga remains on the battlefield.
II, III - Put a +1/+1 counter on each Warrior creature.
IV - You may exile a nontoken creature you control. When you do, exile all Warriors.",True,12600.0
the wedding of river song,sorcery,rare,Doctor Who,WHO,True,2023-10-13,2023,['Time Travel'],1,3.0,,,3.0,,['W'],False,"Draw two cards, then you may exile a nonland card from your hand with a number of time counters on it equal to its mana value. Then target opponent does the same. Cards exiled this way that don't have suspend gain suspend.
Time travel. (For each suspended card you own and each permanent you control with a time counter on it, you may add or remove a time counter.)",True,9719.0
wilfred mott,legendary creature — human soldier,rare,Doctor Who,WHO,True,2023-10-13,2023,['Look to the Stars'],1,4.0,2.0,4.0,10.0,,['W'],False,"Look to the Stars - At the beginning of your upkeep, put a time counter on Wilfred Mott. Then look at the top X cards of your library, where X is the number of time counters on Wilfred Mott. You may put a nonland permanent card with mana value 3 or less from among them onto the battlefield. Put the rest on the bottom of your library in a random order.",True,11177.0
"adric, mathematical genius",legendary creature — human artificer,rare,Doctor Who,WHO,True,2023-10-13,2023,"[""Doctor's companion"", 'Ultimate Sacrifice']",2,2.0,1.0,1.0,4.0,,['U'],False,"{2}{U}, {T}: Copy target activated or triggered ability you control. You may choose new targets for the copy.
Ultimate Sacrifice - {1}{U}, Sacrifice Adric: Counter target activated or triggered ability.
Doctor's companion (You can have two commanders if the other is the Doctor.)",True,7140.0
"all of history, all at once",sorcery,rare,Doctor Who,WHO,True,2023-10-13,2023,"['Storm', 'Time Travel']",2,4.0,,,4.0,,['U'],False,"Time travel. (For each suspended card you own and each permanent you control with a time counter on it, you may add or remove a time counter.)
Storm (When you cast this spell, copy it for each spell cast before it this turn.)",True,8469.0
an unearthly child,enchantment — saga,rare,Doctor Who,WHO,True,2023-10-13,2023,[],0,3.0,,,3.0,,['U'],False,"(As this Saga enters and after your draw step, add a lore counter. Sacrifice after III.)
I, II, III - Reveal cards from the top of your library until you reveal a Doctor card, a card with doctor's companion, or a Vehicle card. Put that card into your hand and the rest on the bottom of your library in a random order.",True,11914.0
auton soldier,artifact creature — alien soldier,rare,Doctor Who,WHO,True,2023-10-13,2023,[],0,6.0,0.0,0.0,6.0,,['U'],False,"You may have this creature enter as a copy of any creature on the battlefield, except it isn't legendary, is an artifact in addition to its other types, and has myriad. (Whenever it attacks, for each opponent other than defending player, you may create a token copy that's tapped and attacking that player or a planeswalker they control. Exile the tokens at end of combat.)",True,1942.0
become the pilot,enchantment — aura,rare,Doctor Who,WHO,True,2023-10-13,2023,['Enchant'],1,5.0,,,5.0,,['U'],False,"Enchant noncommander creature
You control enchanted creature.
Enchanted creature gets +2/+2 and can't be blocked unless it's attacking its owner or a permanent its owner controls.",True,15375.0
cyber conversion,instant,rare,Doctor Who,WHO,True,2023-10-13,2023,[],0,2.0,,,2.0,,['U'],False,Turn target creature face down. It's a 2/2 Cyberman artifact creature.,True,4078.0
danny pink,legendary creature — human soldier advisor,rare,Doctor Who,WHO,True,2023-10-13,2023,['Mentor'],1,4.0,4.0,3.0,11.0,,['U'],False,"Mentor (Whenever this creature attacks, put a +1/+1 counter on target attacking creature with lesser power.)
Creatures you control have ""Whenever one or more counters are put on this creature for the first time each turn, draw a card.""",True,2754.0
don't blink,instant,uncommon,Doctor Who,WHO,True,2023-10-13,2023,['Cycling'],1,2.0,,,2.0,,['U'],False,"Until end of turn, if one or more creatures would enter from exile or after being cast from exile, their owners shuffle them into their libraries instead.
Cycling {2} ({2}, Discard this card: Draw a card.)",True,17214.0
the eleventh hour,enchantment — saga,rare,Doctor Who,WHO,True,2023-10-13,2023,['Food'],1,4.0,,,4.0,,['U'],False,"(As this Saga enters and after your draw step, add a lore counter. Sacrifice after III.)
I - Search your library for a Doctor card, reveal it, put it into your hand, then shuffle.
II - Create a Food token and a 1/1 white Human creature token with ""Doctor spells you cast cost {1} less to cast.""
III - Create a token that's a copy of target creature, except it's a legendary Alien named Prisoner Zero.",True,10878.0
five hundred year diary,legendary artifact — clue,rare,Doctor Who,WHO,True,2023-10-13,2023,[],0,4.0,,,4.0,,['U'],False,"Five Hundred Year Diary enters tapped.
{T}: Add {U} for each Clue you control.
{2}, Sacrifice Five Hundred Year Diary: Draw a card.",True,5227.0
flatline,instant,rare,Doctor Who,WHO,True,2023-10-13,2023,[],0,3.0,,,3.0,,['U'],False,Creatures your opponents control have base power and toughness 0/1 until end of turn.,True,6346.0
flesh duplicate,creature — shapeshifter rebel,rare,Doctor Who,WHO,True,2023-10-13,2023,[],0,2.0,0.0,0.0,2.0,,['U'],False,"You may have this creature enter as a copy of any creature on the battlefield, except it has vanishing 3 if that creature doesn't have vanishing. (A permanent with vanishing 3 enters with three time counters on it. At the beginning of your upkeep, remove a time counter from it. When the last is removed, sacrifice it.)",True,2320.0
the flood of mars,creature — alien zombie horror,rare,Doctor Who,WHO,True,2023-10-13,2023,"['Islandwalk', 'Landwalk', 'Water Always Wins']",3,4.0,3.0,3.0,10.0,,['U'],False,"Islandwalk (This creature can't be blocked as long as defending player controls an Island.)
Water Always Wins - Whenever this creature attacks, put a flood counter on another target creature or land. If it's a creature, it becomes a copy of this creature. If it's a land, it becomes an Island in addition to its other types.",True,7630.0
hunted by the family,sorcery,rare,Doctor Who,WHO,True,2023-10-13,2023,[],0,7.0,,,7.0,,['U'],False,"Choose up to four target creatures you don't control. For each of them, that creature's controller faces a villainous choice - That creature becomes a 1/1 white Human creature and loses all abilities, or you create a token that's a copy of it.",True,9393.0
"k-9, mark i",legendary artifact creature — robot dog,rare,Doctor Who,WHO,True,2023-10-13,2023,"['Affirmative', ""Doctor's companion"", 'Negative']",3,1.0,1.0,1.0,3.0,,['U'],False,"Negative - As long as K-9 is untapped, other legendary creatures you control have ward {1}.
Affirmative - {1}{U}, {T}: Target legendary creature can't be blocked this turn.
Doctor's companion (You can have two commanders if the other is the Doctor.)",True,3030.0
martha jones,legendary creature — human cleric,rare,Doctor Who,WHO,True,2023-10-13,2023,"[""Doctor's companion"", 'Investigate', 'Woman Who Walked the Earth']",3,3.0,3.0,2.0,8.0,,['U'],False,"Woman Who Walked the Earth - When Martha Jones enters, investigate. (Create a Clue token. It's an artifact with ""{2}, Sacrifice this token: Draw a card."")
Whenever you sacrifice a Clue, Martha Jones and up to one other target creature can't be blocked this turn.
Doctor's companion (You can have two commanders if the other is the Doctor.)",True,7662.0
nanogene conversion,sorcery,rare,Doctor Who,WHO,True,2023-10-13,2023,[],0,4.0,,,4.0,,['U'],False,"Choose target creature you control. Each other creature becomes a copy of that creature until end of turn, except it isn't legendary.",True,4134.0
"nardole, resourceful cyborg",legendary artifact creature — scientist,rare,Doctor Who,WHO,True,2023-10-13,2023,"[""Doctor's companion"", 'Undying']",2,2.0,1.0,2.0,5.0,,['U'],False,"{T}: Add {U} for each counter on Nardole. Spend this mana only to cast noncreature spells.
Undying (When this creature dies, if it had no +1/+1 counters on it, return it to the battlefield under its owner's control with a +1/+1 counter on it.)
Doctor's companion (You can have two commanders if the other is the Doctor.)",True,14435.0
nyssa of traken,legendary creature — human scientist,rare,Doctor Who,WHO,True,2023-10-13,2023,"[""Doctor's companion"", 'Sonic Booster']",2,4.0,3.0,4.0,11.0,,['U'],False,"You have no maximum hand size.
Sonic Booster - Whenever Nyssa of Traken attacks, sacrifice any number of artifacts. When you sacrifice one or more artifacts this way, tap up to that many target creatures and draw that many cards.
Doctor's companion (You can have two commanders if the other is the Doctor.)",True,11557.0
quantum misalignment,sorcery,rare,Doctor Who,WHO,True,2023-10-13,2023,['Rebound'],1,5.0,,,5.0,,['U'],False,"Create a token that's a copy of target creature you control, except it isn't legendary.
Rebound (If you cast this spell from your hand, exile it as it resolves. At the beginning of your next upkeep, you may cast this card from exile without paying its mana cost.)",True,1964.0
renegade silent,creature — alien horror,uncommon,Doctor Who,WHO,True,2023-10-13,2023,['Goad'],1,4.0,3.0,3.0,10.0,,['U'],False,"At the beginning of your end step, goad up to one target creature you don't control and put a +1/+1 counter on this creature. This creature phases out. (Treat it and anything attached to it as though they don't exist until your next turn.)",True,10176.0
reverse the polarity,instant,rare,Doctor Who,WHO,True,2023-10-13,2023,[],0,3.0,,,3.0,,['U'],False,"Choose one -
• Counter all other spells.
• Switch each creature's power and toughness until end of turn.
• Creatures can't be blocked this turn.",True,4376.0
star whale,creature — alien whale,uncommon,Doctor Who,WHO,True,2023-10-13,2023,"['Flying', 'Suspend', 'Vigilance']",3,8.0,8.0,8.0,24.0,,['U'],False,"Flying, vigilance
Other creatures you control have ward {2}.
Suspend 6-{1}{U} (Rather than cast this card from your hand, you may pay {1}{U} and exile it with six time counters on it. At the beginning of your upkeep, remove a time counter. When the last is removed, you may cast it without paying its mana cost. It has haste.)",True,5443.0
start the tardis,sorcery,uncommon,Doctor Who,WHO,True,2023-10-13,2023,"['Jump', 'Jump-start', 'Surveil']",3,2.0,,,2.0,,['U'],False,"Surveil 2, then draw a card. You may planeswalk. (To surveil 2, look at the top two cards of your library, then put any number of them into your graveyard and the rest on top of your library in any order.)
Jump-start (You may cast this card from your graveyard by discarding a card in addition to paying its other costs. Then exile this card.)",True,12156.0
surge of brilliance,instant,uncommon,Doctor Who,WHO,True,2023-10-13,2023,"['Foretell', 'Paradox']",2,2.0,,,2.0,,['U'],False,"Paradox - Draw a card for each spell you've cast this turn from anywhere other than your hand.
Foretell {1}{U} (During your turn, you may pay {2} and exile this card from your hand face down. Cast it on a later turn for its foretell cost.)",True,5887.0
time beetle,creature — alien insect,uncommon,Doctor Who,WHO,True,2023-10-13,2023,"['Parallel Universe', 'Skulk', 'Time Travel']",3,2.0,1.0,1.0,4.0,,['U'],False,"Skulk (This creature can't be blocked by creatures with greater power.)
Parallel Universe - Whenever this creature deals combat damage to a player, time travel. (For each suspended card you own and each permanent you control with a time counter on it, you may add or remove a time counter.)",True,7359.0
time lord regeneration,instant,uncommon,Doctor Who,WHO,True,2023-10-13,2023,[],0,1.0,,,1.0,,['U'],False,"Until end of turn, target Time Lord you control gains ""When this creature dies, reveal cards from the top of your library until you reveal a Time Lord creature card. Put that card onto the battlefield and the rest on the bottom of your library in a random order.""",True,12670.0
traverse eternity,sorcery,rare,Doctor Who,WHO,True,2023-10-13,2023,[],0,4.0,,,4.0,,['U'],False,"Draw cards equal to the greatest mana value among historic permanents you control. (Artifacts, legendaries, and Sagas are historic.)",True,7379.0
twice upon a time // unlikely meeting,sorcery,rare,Doctor Who,WHO,True,2023-10-13,2023,[],0,6.0,,,6.0,,['U'],False,"Cast this spell only if you control two or more Doctors.
Take an extra turn after this one. Exile Twice Upon a Time.",True,10505.0
twice upon a time // unlikely meeting,sorcery — adventure,rare,Doctor Who,WHO,True,2023-10-13,2023,[],0,6.0,,,6.0,,['U'],False,"Search your library for a Doctor card, reveal it, put it into your hand, then shuffle.",True,10505.0
"wibbly-wobbly, timey-wimey",sorcery,common,Doctor Who,WHO,True,2023-10-13,2023,['Time Travel'],1,2.0,,,2.0,,['U'],False,"Time travel. (For each suspended card you own and each permanent you control with a time counter on it, you may add or remove a time counter.)
Draw a card.",True,7371.0
zygon infiltrator,creature — alien shapeshifter soldier,uncommon,Doctor Who,WHO,True,2023-10-13,2023,['Body-print'],1,3.0,3.0,2.0,8.0,,['U'],False,"Body-print - {2}{U}: Tap another target creature and put a stun counter on it. This creature becomes a copy of that creature for as long as that creature remains tapped. Activate only as a sorcery. (If a permanent with a stun counter would become untapped, remove one from it instead.)",True,13913.0
dalek drone,artifact creature — dalek,rare,Doctor Who,WHO,True,2023-10-13,2023,"['Exterminate!', 'Flying', 'Menace']",3,5.0,3.0,3.0,11.0,,['B'],False,"Flying, menace
Exterminate! - When this creature enters, destroy target creature an opponent controls. That player loses 3 life.",True,6618.0
dalek squadron,artifact creature — dalek,uncommon,Doctor Who,WHO,True,2023-10-13,2023,"['Menace', 'Myriad']",2,3.0,3.0,3.0,9.0,,['B'],False,"Menace
Myriad (Whenever this creature attacks, for each opponent other than defending player, you may create a token copy that's tapped and attacking that player or a planeswalker they control. Exile the tokens at end of combat.)",True,4955.0
death in heaven,enchantment — saga,rare,Doctor Who,WHO,True,2023-10-13,2023,['Mill'],1,4.0,,,4.0,,['B'],False,"(As this Saga enters and after your draw step, add a lore counter. Sacrifice after III.)
I, II - Target player mills two cards, then exiles their graveyard.
III - Put all creature cards exiled with this enchantment onto the battlefield face down under your control. They're 2/2 Cyberman artifact creatures.",True,7807.0
doomsday confluence,sorcery,rare,Doctor Who,WHO,True,2023-10-13,2023,[],0,1.0,,,1.0,,['B'],False,"Choose X. You may choose the same mode more than once.
• Each player sacrifices a nonartifact creature of their choice.
• Create a 3/3 black Dalek artifact creature token with menace.
• Each opponent discards a card.",True,8353.0
exterminate!,sorcery,uncommon,Doctor Who,WHO,True,2023-10-13,2023,['Replicate'],1,3.0,,,3.0,,['B'],False,"Replicate-Tap an untapped Dalek you control. (When you cast this spell, copy it for each time you paid its replicate cost. You may choose new targets for the copies.)
Destroy target creature. Its controller loses 3 life.",True,8759.0
genesis of the daleks,enchantment — saga,rare,Doctor Who,WHO,True,2023-10-13,2023,[],0,6.0,,,6.0,,['B'],False,"(As this Saga enters and after your draw step, add a lore counter. Sacrifice after IV.)
I, II, III - Create a 3/3 black Dalek artifact creature token with menace for each lore counter on Genesis of the Daleks.
IV - Target opponent faces a villainous choice - Destroy all Dalek creatures and each of your opponents loses life equal to the total power of Daleks that died this turn, or destroy all non-Dalek creatures.",True,6928.0
this is how it ends,instant,rare,Doctor Who,WHO,True,2023-10-13,2023,[],0,4.0,,,4.0,,['B'],False,"Target creature's owner shuffles it into their library, then faces a villainous choice - They lose 5 life, or they shuffle another creature they own into their library.",True,8140.0
time reaper,creature — alien horror,rare,Doctor Who,WHO,True,2023-10-13,2023,"['Consume Anomaly', 'Flying', 'Haste']",3,5.0,4.0,4.0,13.0,,['B'],False,"Flying, haste
Consume Anomaly - Whenever this creature deals combat damage to a player, put target face-up card they own in exile on the bottom of their library. If you do, you gain 3 life.",True,19455.0
the toymaker's trap,enchantment,rare,Doctor Who,WHO,True,2023-10-13,2023,[],0,3.0,,,3.0,,['B'],False,"At the beginning of your upkeep, secretly choose a number between 1 and 5 that hasn't been chosen. If you do, an opponent guesses which number you chose, then you reveal the number you chose. If they guessed wrong, they lose life equal to the number they guessed and you draw a card. If they guessed right, sacrifice this enchantment.",True,12777.0
vashta nerada,creature — alien horror,rare,Doctor Who,WHO,True,2023-10-13,2023,"['Indestructible', 'Morbid', 'Shadow']",3,3.0,1.0,1.0,5.0,,['B'],False,"Indestructible
Shadow (This creature can block or be blocked by only creatures with shadow.)
Morbid - At the beginning of each end step, if a creature died this turn, put a +1/+1 counter on this creature.",True,4807.0
vislor turlough,legendary creature — rogue,rare,Doctor Who,WHO,True,2023-10-13,2023,"['Deal with the Black Guardian', ""Doctor's companion"", 'Goad']",3,4.0,2.0,5.0,11.0,,['B'],False,"Deal with the Black Guardian - When Vislor Turlough enters, you may have an opponent gain control of it. If you do, it's goaded for as long as they control it.
At the beginning of your end step, draw a card, then you lose life equal to the number of cards in your hand.
Doctor's companion (You can have two commanders if the other is the Doctor.)",True,11445.0
amy pond,legendary creature — human,rare,Doctor Who,WHO,True,2023-10-13,2023,"[""Doctor's companion"", 'Partner', 'Partner with']",3,3.0,2.0,2.0,7.0,,['R'],False,"Partner with Rory Williams (When this creature enters, target player may put Rory into their hand from their library, then shuffle.)
Whenever Amy Pond deals combat damage to a player, choose a suspended card you own and remove that many time counters from it.
Doctor's companion (You can have two commanders if the other is the Doctor.)",True,11863.0
bill potts,legendary creature — human,rare,Doctor Who,WHO,True,2023-10-13,2023,"[""Doctor's companion""]",1,4.0,2.0,4.0,10.0,,['R'],False,"Whenever you cast an instant or sorcery spell that targets only Bill Potts or activate an ability that targets only Bill Potts, copy that spell or ability. You may choose new targets for the copy. This ability triggers only once each turn.
Doctor's companion (You can have two commanders if the other is the Doctor.)",True,20945.0
coward // killer,sorcery,rare,Doctor Who,WHO,True,2023-10-13,2023,['Time Travel'],1,6.0,,,6.0,,['R'],False,"Target creature can't block this turn and becomes a Coward in addition to its other types until end of turn.
Time travel.",True,13826.0
coward // killer,sorcery,rare,Doctor Who,WHO,True,2023-10-13,2023,[],0,6.0,,,6.0,,['R'],False,Killer deals 3 damage to target creature and each other creature that shares a creature type with it.,True,13826.0
dan lewis,legendary creature — human,rare,Doctor Who,WHO,True,2023-10-13,2023,"[""Doctor's companion""]",1,2.0,2.0,2.0,6.0,,['R'],False,"Noncreature, non-Equipment artifacts you control are Equipment in addition to their other types and have ""Equipped creature gets +1/+0"" and equip {1}.
Doctor's companion (You can have two commanders if the other is the Doctor.)",True,16712.0
day of the moon,enchantment — saga,rare,Doctor Who,WHO,True,2023-10-13,2023,['Goad'],1,3.0,,,3.0,,['R'],False,"(As this Saga enters and after your draw step, add a lore counter. Sacrifice after III.)
I, II, III - Choose a creature card name, then goad all creatures with a name chosen for this enchantment. (Until your next turn, they attack each combat if able and attack a player other than you if able.)",True,12639.0
decaying time loop,instant,uncommon,Doctor Who,WHO,True,2023-10-13,2023,['Retrace'],1,4.0,,,4.0,,['R'],False,"Discard all the cards in your hand, then draw that many cards.
Retrace (You may cast this card from your graveyard by discarding a land card in addition to paying its other costs.)",True,7039.0
delete,sorcery,rare,Doctor Who,WHO,True,2023-10-13,2023,[],0,2.0,,,2.0,,['R'],False,Delete deals X damage to each nonartifact creature and each player.,True,4869.0
donna noble,legendary creature — human,rare,Doctor Who,WHO,True,2023-10-13,2023,"[""Doctor's companion"", 'Soulbond']",2,4.0,2.0,4.0,10.0,,['R'],False,"Soulbond (You may pair this creature with another unpaired creature when either enters. They remain paired for as long as you control both of them.)
Whenever Donna Noble or a creature it's paired with is dealt damage, Donna Noble deals that much damage to target opponent.
Doctor's companion (You can have two commanders if the other is the Doctor.)",True,9998.0
ecstatic beauty,sorcery,rare,Doctor Who,WHO,True,2023-10-13,2023,['Suspend'],1,3.0,,,3.0,,['R'],False,"Exile the top three cards of your library. You may play those cards until end of turn. Put four time counters on each of those cards that has suspend.
Suspend 4-{R}",True,9433.0
ensnared by the mara,sorcery,rare,Doctor Who,WHO,True,2023-10-13,2023,[],0,4.0,,,4.0,,['R'],False,"Each opponent faces a villainous choice - They exile cards from the top of their library until they exile a nonland card, then you may cast that card without paying its mana cost, or that player exiles the top four cards of their library and Ensnared by the Mara deals damage equal to the total mana value of those exiled cards to that player.",True,3426.0
flaming tyrannosaurus,creature — dinosaur,rare,Doctor Who,WHO,True,2023-10-13,2023,"['Menace', 'Paradox']",2,7.0,5.0,5.0,17.0,,['R'],False,"Menace
Paradox - Whenever you cast a spell from anywhere other than your hand, this creature deals 3 damage to any target. Then put a +1/+1 counter on this creature.
When this creature dies, it deals damage equal to its power to each opponent.",True,2964.0
the flux,enchantment — saga,rare,Doctor Who,WHO,True,2023-10-13,2023,[],0,4.0,,,4.0,,['R'],False,"(As this Saga enters and after your draw step, add a lore counter. Sacrifice after VI.)
I - This Saga deals 4 damage to target creature an opponent controls.
II, III, IV, V - Exile the top card of your library. You may play that card this turn.
VI - Add six {R}.",True,7547.0
impending flux,sorcery,rare,Doctor Who,WHO,True,2023-10-13,2023,"['Foretell', 'Paradox']",2,3.0,,,3.0,,['R'],False,"Paradox - Impending Flux deals X damage to each opponent and each creature they control, where X is 1 plus the number of spells you've cast from anywhere other than your hand this turn.
Foretell {1}{R}{R} (During your turn, you may pay {2} and exile this card from your hand face down. Cast it on a later turn for its foretell cost.)",True,8460.0
into the time vortex,sorcery,rare,Doctor Who,WHO,True,2023-10-13,2023,"['Cascade', 'Rebound']",2,5.0,,,5.0,,['R'],False,"Cascade (When you cast this spell, exile cards from the top of your library until you exile a nonland card that costs less. You may cast it without paying its mana cost. Put the exiled cards on the bottom in a random order.)
Rebound (If you cast this spell from your hand, exile it as it resolves. At the beginning of your next upkeep, you may cast this card from exile without paying its mana cost.)",True,5334.0
"iraxxa, empress of mars",legendary creature — alien warrior,uncommon,Doctor Who,WHO,True,2023-10-13,2023,"['Battle Cry', 'Paradox', 'Trample']",3,4.0,5.0,4.0,13.0,,['R'],False,"Trample
Battle cry (Whenever this creature attacks, each other attacking creature gets +1/+0 until end of turn.)
Paradox - Whenever you cast a spell from anywhere other than your hand, create a 2/2 red Alien Warrior creature token.",True,5618.0
memory worm,creature — alien worm,uncommon,Doctor Who,WHO,True,2023-10-13,2023,['Paradox'],1,2.0,1.0,1.0,4.0,,['R'],False,"Paradox - Whenever you cast a spell from anywhere other than your hand, this creature deals 2 damage to target player. That player discards a card, then draws a card. Put a +1/+1 counter on this creature.",True,7789.0
the parting of the ways,enchantment — saga,rare,Doctor Who,WHO,True,2023-10-13,2023,['Time Travel'],1,6.0,,,6.0,,['R'],False,"(As this Saga enters and after your draw step, add a lore counter. Sacrifice after III.)
I - Exile the top five cards of your library. For each nonland card exiled this way, put a number of time counters on that card equal to its mana value. If it doesn't have suspend, it gains suspend.
II - Time travel, then time travel.
III - For each opponent, destroy up to one target artifact that player controls.",True,8238.0
return the past,enchantment,rare,Doctor Who,WHO,True,2023-10-13,2023,[],0,6.0,,,6.0,,['R'],False,"During your turn, each instant and sorcery card in your graveyard has flashback. Its flashback cost is equal to its mana cost.",True,8163.0
rms titanic,legendary artifact — vehicle,rare,Doctor Who,WHO,True,2023-10-13,2023,"['Crew', 'Flying', 'Trample', 'Treasure']",4,4.0,7.0,1.0,12.0,,['R'],False,"Flying, trample
When RMS Titanic deals combat damage to a player, sacrifice it and create that many Treasure tokens.
Crew 3 (Tap any number of creatures you control with total power 3 or more: This Vehicle becomes an artifact creature until end of turn.)",True,4793.0
ryan sinclair,legendary creature — human,rare,Doctor Who,WHO,True,2023-10-13,2023,"[""Doctor's companion""]",1,3.0,2.0,2.0,7.0,,['R'],False,"Whenever Ryan attacks, exile cards from the top of your library until you exile a nonland card. You may cast the exiled card without paying its mana cost if it's a spell with mana value less than or equal to Ryan's power. Put the exiled cards not cast this way on the bottom of your library in a random order.
Doctor's companion (You can have two commanders if the other is the Doctor.)",True,11797.0
sibylline soothsayer,creature — human warlock,uncommon,Doctor Who,WHO,True,2023-10-13,2023,['Temporal Foresight'],1,3.0,3.0,2.0,8.0,,['R'],False,"Temporal Foresight - When this creature enters, reveal cards from the top of your library until you reveal a nonland card with mana value 3 or greater. Exile that card with three time counters on it. If it doesn't have suspend, it gains suspend. Put the rest of the revealed cards on the bottom of your library in a random order.",True,10837.0
sontaran general,creature — alien soldier,uncommon,Doctor Who,WHO,True,2023-10-13,2023,"['Battalion', 'Goad', 'Haste', 'Trample']",4,5.0,5.0,5.0,15.0,,['R'],False,"Trample, haste
Battalion - Whenever this creature and at least two other creatures attack, for each opponent, goad up to one target creature that player controls. Those creatures can't block this turn. (Until your next turn, they attack each combat if able and attack a player other than you if able.)",True,13818.0
the sound of drums,enchantment — aura,rare,Doctor Who,WHO,True,2023-10-13,2023,"['Enchant', 'Goad']",2,3.0,,,3.0,,['R'],False,"Enchant creature
Enchanted creature is goaded.
If enchanted creature would deal combat damage to a permanent or player, it deals double that damage instead.
{2}{R}: Return this card from your graveyard to your hand.",True,3289.0
"ace, fearless rebel",legendary creature — human rebel,rare,Doctor Who,WHO,True,2023-10-13,2023,"[""Doctor's companion"", 'Fight', 'Nitro-9']",3,4.0,2.0,2.0,8.0,,['G'],False,"Nitro-9 - Whenever Ace attacks, you may sacrifice an artifact. When you do, put a +1/+1 counter on Ace, then it fights up to one target creature defending player controls.
Doctor's companion (You can have two commanders if the other is the Doctor.)",True,18688.0
city of death,enchantment — saga,rare,Doctor Who,WHO,True,2023-10-13,2023,['Treasure'],1,3.0,,,3.0,,['G'],False,"(As this Saga enters and after your draw step, add a lore counter. Sacrifice after VI.)
I - Create a Treasure token.
II, III, IV, V, VI - Create a token that's a copy of target non-Saga token you control.",True,3689.0
displaced dinosaurs,creature — dinosaur,uncommon,Doctor Who,WHO,True,2023-10-13,2023,[],0,7.0,7.0,7.0,21.0,,['G'],False,"As a historic permanent you control enters, it becomes a 7/7 Dinosaur creature in addition to its other types. (Artifacts, legendaries, and Sagas are historic.)",True,4081.0
the five doctors,sorcery,rare,Doctor Who,WHO,True,2023-10-13,2023,['Kicker'],1,6.0,,,6.0,,['G'],False,"Kicker {5} (You may pay an additional {5} as you cast this spell.)
Search your library and/or graveyard for up to five Doctor cards, reveal them, and put them into your hand. If you search your library this way, shuffle. If this spell was kicked, put those cards onto the battlefield instead of putting them into your hand.",True,13063.0
the foretold soldier,creature — alien zombie soldier,rare,Doctor Who,WHO,True,2023-10-13,2023,['Foretell'],1,4.0,6.0,6.0,16.0,,['G'],False,"This creature must be blocked if able.
This creature can't be blocked by more than one creature.
Whenever this creature deals damage, exile it face down. It becomes foretold.
Foretell {1}{G} (During your turn, you may pay {2} and exile this card from your hand face down. Cast it on a later turn for its foretell cost.)",True,9528.0
fugitive of the judoon,enchantment — saga,rare,Doctor Who,WHO,True,2023-10-13,2023,['Investigate'],1,5.0,,,5.0,,['G'],False,"(As this Saga enters and after your draw step, add a lore counter. Sacrifice after III.)
I - Create a 1/1 white Human creature token with ward {2} and a 4/4 white Alien Rhino creature token.
II - Investigate.
III - You may exile a Human you control and an artifact you control. If you do, search your library for a Doctor card, put it onto the battlefield, then shuffle.",True,16161.0
graham o'brien,legendary creature — human pilot,rare,Doctor Who,WHO,True,2023-10-13,2023,"[""Doctor's companion"", 'Food', 'Paradox']",3,2.0,2.0,2.0,6.0,,['G'],False,"Paradox - Whenever you cast a spell from anywhere other than your hand, create a Food token. (It's an artifact with ""{2}, {T}, Sacrifice this token: You gain 3 life."")
Doctor's companion (You can have two commanders if the other is the Doctor.)",True,13151.0
jamie mccrimmon,legendary creature — human warrior,rare,Doctor Who,WHO,True,2023-10-13,2023,"[""Doctor's companion"", 'Trample']",2,3.0,2.0,2.0,7.0,,['G'],False,"Trample
Whenever you cast a historic spell, Jamie McCrimmon gets +X/+X until end of turn, where X is that spell's mana value. (Artifacts, legendaries, and Sagas are historic.)
Doctor's companion (You can have two commanders if the other is the Doctor.)",True,13543.0
"karvanista, loyal lupari // lupari shield",legendary creature — alien dog soldier,rare,Doctor Who,WHO,True,2023-10-13,2023,"['Haste', 'Trample', 'Vigilance']",3,5.0,5.0,5.0,15.0,,['G'],False,"Vigilance, trample, haste
Whenever Karvanista attacks, put a +1/+1 counter on each Human you control.",True,11650.0
"karvanista, loyal lupari // lupari shield",sorcery — adventure,rare,Doctor Who,WHO,True,2023-10-13,2023,[],0,5.0,,,5.0,,['G'],False,Humans you control gain indestructible until your next turn. (Then exile this card. You may cast the creature later from exile.),True,11650.0
"leela, sevateem warrior",legendary creature — human warrior,rare,Doctor Who,WHO,True,2023-10-13,2023,"[""Doctor's companion""]",1,4.0,3.0,3.0,10.0,,['G'],False,"Whenever an opponent draws a card except the first one they draw in each of their draw steps, put a +1/+1 counter on Leela.
Doctor's companion (You can have two commanders if the other is the Doctor.)",True,16319.0
the sea devils,enchantment — saga,rare,Doctor Who,WHO,True,2023-10-13,2023,[],0,3.0,,,3.0,,['G'],False,"(As this Saga enters and after your draw step, add a lore counter. Sacrifice after III.)
I, II - Create a 2/2 green Alien Salamander creature token with islandwalk. (It can't be blocked as long as defending player controls an Island.)
III - Until end of turn, whenever a Salamander deals combat damage to a player, it deals that much damage to target creature that player controls.",True,15711.0
sisterhood of karn,creature — cleric,rare,Doctor Who,WHO,True,2023-10-13,2023,['Paradox'],1,2.0,0.0,0.0,2.0,,['G'],False,"This creature enters with a +1/+1 counter on it.
Paradox - Whenever you cast a spell from anywhere other than your hand, double the number of +1/+1 counters on this creature.",True,10175.0
susan foreman,legendary creature — time lord,rare,Doctor Who,WHO,True,2023-10-13,2023,"[""Doctor's companion""]",1,2.0,1.0,1.0,4.0,,['G'],False,"If you would planeswalk, instead look at the top two cards of your planar deck, put one on the bottom of your planar deck and the other on top, then planeswalk.
{T}: Add {G}.
Doctor's companion (You can have two commanders if the other is the Doctor.)",True,16797.0
thijarian witness,creature — alien cleric,uncommon,Doctor Who,WHO,True,2023-10-13,2023,"['Bear Witness', 'Flash', 'Investigate']",3,2.0,0.0,4.0,6.0,,['G'],False,"Flash
Bear Witness - Whenever another creature dies, if it was attacking or blocking alone, exile it and investigate. (Create a Clue token. It's an artifact with ""{2}, Sacrifice this token: Draw a card."")",True,20744.0
"alistair, the brigadier",legendary creature — human soldier,rare,Doctor Who,WHO,True,2023-10-13,2023,[],0,4.0,3.0,3.0,10.0,,"['G', 'U', 'W']",True,"Whenever you cast a historic spell, create a 1/1 white Soldier creature token. (Artifacts, legendaries, and Sagas are historic.)
Whenever Alistair attacks, you may pay {8}. If you do, creatures you control get +X/+X until end of turn, where X is the number of historic permanents you control.",True,10459.0
"ashad, the lone cyberman",legendary artifact creature — cyberman,rare,Doctor Who,WHO,True,2023-10-13,2023,[],0,4.0,3.0,3.0,10.0,,"['B', 'R', 'U']",True,"The first nonlegendary artifact spell you cast each turn has casualty 2. (As you cast it, you may sacrifice a creature with power 2 or greater. When you do, copy it. A copy of an artifact spell becomes a token.)
Whenever you sacrifice another creature, put a +1/+1 counter on Ashad.",True,11522.0
"the beast, deathless prince",legendary creature — demon,rare,Doctor Who,WHO,True,2023-10-13,2023,[],0,4.0,6.0,6.0,16.0,,"['B', 'R']",True,"When you cast this spell, gain control of target creature until end of turn. Untap it. It gains menace and haste until end of turn.
The Beast enters tapped with six stun counters on it. (If it would become untapped, remove a stun counter from it instead.)
Whenever a creature deals combat damage to its owner, untap The Beast and draw a card.",True,10008.0
bigger on the inside,enchantment — aura,uncommon,Doctor Who,WHO,True,2023-10-13,2023,['Enchant'],1,5.0,,,5.0,,"['G', 'R']",True,"Enchant artifact or land
Enchanted permanent has ""{T}: Target player adds two mana of any one color. The next spell they cast this turn has cascade."" (When they cast their next spell, they exile cards from the top of their library until they exile a nonland card that costs less. They may cast it without paying its mana cost. They put the exiled cards on the bottom in a random order.)",True,4530.0
blink,enchantment — saga,rare,Doctor Who,WHO,True,2023-10-13,2023,"['Investigate', 'Vigilance']",2,4.0,,,4.0,,"['B', 'U']",True,"(As this Saga enters and after your draw step, add a lore counter. Sacrifice after IV.)
I, III - Choose target creature. Its owner shuffles it into their library, then investigates. (They create a Clue token.)
II, IV - Create a 2/2 black Alien Angel artifact creature token with first strike, vigilance, and ""Whenever an opponent casts a creature spell, this token isn't a creature until end of turn.""",True,11925.0
cult of skaro,legendary artifact creature — dalek,rare,Doctor Who,WHO,True,2023-10-13,2023,"['Caan', 'Jast', 'Sec', 'Thay']",4,4.0,4.0,4.0,12.0,,"['B', 'R', 'U']",True,"Whenever Cult of Skaro attacks, choose one at random -
• Thay - Put a +1/+1 counter on each artifact creature you control.
• Caan - Draw two cards.
• Sec - Create a 3/3 black Dalek artifact creature token with menace.
• Jast - Each opponent loses 4 life.",True,10170.0
the curse of fenric,enchantment — saga,rare,Doctor Who,WHO,True,2023-10-13,2023,['Fight'],1,4.0,,,4.0,,"['G', 'W']",True,"(As this Saga enters and after your draw step, add a lore counter. Sacrifice after III.)
I - For each player, destroy up to one target creature that player controls. For each creature destroyed this way, its controller creates a 3/3 green Mutant creature token with deathtouch.
II - Target nontoken creature becomes a 6/6 legendary Horror creature named Fenric and loses all abilities.
III - Target Mutant fights another target creature named Fenric.",True,16234.0
the cyber-controller,legendary artifact creature — cyberman,rare,Doctor Who,WHO,True,2023-10-13,2023,['Mill'],1,3.0,3.0,3.0,9.0,,"['B', 'U']",True,"When The Cyber-Controller enters, each opponent mills X cards. Put all creature cards milled this way onto the battlefield face down under your control. They're 2/2 Cyberman artifact creatures.
Other artifact creatures you control get +1/+1.",True,7163.0
the dalek emperor,legendary artifact creature — dalek,rare,Doctor Who,WHO,True,2023-10-13,2023,['Affinity'],1,7.0,6.0,6.0,19.0,,"['B', 'R']",True,"Affinity for Daleks (This spell costs {1} less to cast for each Dalek you control.)
Other Daleks you control have haste.
At the beginning of combat on your turn, each opponent faces a villainous choice - That player sacrifices a creature of their choice, or you create a 3/3 black Dalek artifact creature token with menace.",True,8630.0
the day of the doctor,enchantment — saga,rare,Doctor Who,WHO,True,2023-10-13,2023,[],0,5.0,,,5.0,,"['R', 'W']",True,"(As this Saga enters and after your draw step, add a lore counter. Sacrifice after IV.)
I, II, III - Exile cards from the top of your library until you exile a legendary card. You may play that card for as long as this Saga remains on the battlefield. Put the rest of those exiled cards on the bottom of your library in a random order.
IV - Choose up to three Doctors. You may exile all other creatures. If you do, this Saga deals 13 damage to you.",True,12503.0
dinosaurs on a spaceship,creature — dinosaur,rare,Doctor Who,WHO,True,2023-10-13,2023,"['Suspend', 'Trample', 'Vigilance']",3,6.0,7.0,7.0,20.0,,"['R', 'W']",True,"Vigilance, trample
Other Dinosaurs you control get +1/+1 and have vigilance and trample.
Suspend 4-{3}{R}{W}
Whenever a time counter is removed from this card while it's exiled, create a 2/2 red and white Dinosaur creature token with flying and haste.",True,4705.0
"duggan, private detective",legendary creature — human detective,rare,Doctor Who,WHO,True,2023-10-13,2023,"['Investigate', 'The Most Important Punch in History']",2,4.0,,,4.0,,"['G', 'U']",True,"Duggan's power and toughness are each equal to the number of cards in your hand.
Whenever Duggan enters or attacks, investigate.
The Most Important Punch in History - {1}{G}, {T}: Duggan deals damage equal to twice its power to another target creature. Activate only once.",True,12174.0
the eighth doctor,legendary creature — time lord doctor,rare,Doctor Who,WHO,True,2023-10-13,2023,['Mill'],1,6.0,4.0,4.0,14.0,,"['U', 'W']",True,"When The Eighth Doctor enters, mill three cards.
Once during each of your turns, you may play a historic land or cast a historic permanent spell from your graveyard. If you do, it gains ""If this permanent would leave the battlefield, exile it instead of putting it anywhere else.""",True,9995.0
the eleventh doctor,legendary creature — time lord doctor,rare,Doctor Who,WHO,True,2023-10-13,2023,['I. AM. TALKING!'],1,3.0,3.0,2.0,8.0,,"['U', 'W']",True,"I. AM. TALKING! - Whenever The Eleventh Doctor deals combat damage to a player, you may exile a card from your hand with a number of time counters on it equal to its mana value. If it doesn't have suspend, it gains suspend.
{2}: Target creature with power 3 or less can't be blocked this turn.",True,7976.0
the face of boe,legendary creature — alien advisor,rare,Doctor Who,WHO,True,2023-10-13,2023,[],0,4.0,0.0,4.0,8.0,,"['R', 'U', 'W']",True,"{T}: You may cast a spell with suspend from your hand. If you do, pay its suspend cost rather than its mana cost. Activate only as a sorcery.",True,14686.0
the fifth doctor,legendary creature — time lord doctor,rare,Doctor Who,WHO,True,2023-10-13,2023,['Peaceful Coexistence'],1,4.0,2.0,2.0,8.0,,"['U', 'W']",True,"Peaceful Coexistence - At the beginning of your end step, put a +1/+1 counter on each creature you control that didn't attack or enter this turn. Untap those creatures.",True,9613.0
the first doctor,legendary creature — time lord doctor,rare,Doctor Who,WHO,True,2023-10-13,2023,[],0,3.0,2.0,2.0,7.0,,"['U', 'W']",True,"When The First Doctor enters, search your library and/or graveyard for a card named TARDIS, reveal it, and put it into your hand. If you search your library this way, shuffle.
Whenever you cast a spell with cascade, put a +1/+1 counter on target artifact or creature.",True,10713.0
frost fair lure fish,creature — fish,rare,Doctor Who,WHO,True,2023-10-13,2023,"['Foretell', 'Treasure']",2,7.0,7.0,7.0,21.0,,"['R', 'U']",True,"When this creature enters, create two 1/1 blue Fish creature tokens and create two tapped Treasure tokens.
Fish you control have haste and can't be blocked by Humans.
Foretell {3}{U}{R}",True,18612.0
the fugitive doctor,legendary creature — time lord doctor,rare,Doctor Who,WHO,True,2023-10-13,2023,['Investigate'],1,5.0,4.0,4.0,13.0,,"['G', 'R']",True,"When The Fugitive Doctor enters, investigate.
Whenever The Fugitive Doctor attacks, you may sacrifice a Clue. When you do, target instant or sorcery card in your graveyard gains flashback {2}{R}{G} until end of turn. (You may cast that card from your graveyard for its flashback cost. Then exile it.)",True,12456.0
gallifrey falls // no more,instant,rare,Doctor Who,WHO,True,2023-10-13,2023,['Fuse'],1,9.0,,,9.0,,['R'],False,"Gallifrey Falls deals 4 damage to each creature. If a creature dealt damage this way would die this turn, exile it instead.
Fuse (You may cast one or both halves of this card from your hand.)",True,8935.0
gallifrey falls // no more,instant,rare,Doctor Who,WHO,True,2023-10-13,2023,['Fuse'],1,9.0,,,9.0,,['W'],False,"Any number of target creatures you control phase out.
Fuse (You may cast one or both halves of this card from your hand.)",True,8935.0
gallifrey stands,legendary enchantment,rare,Doctor Who,WHO,True,2023-10-13,2023,[],0,6.0,,,6.0,,"['U', 'W']",True,"When Gallifrey Stands enters, return all Doctor cards from your graveyard to your hand.
At the beginning of your upkeep, you may put a Doctor creature card from your hand onto the battlefield. Then if you control thirteen or more Doctors, you win the game.",True,11906.0
great intelligence's plan,sorcery,uncommon,Doctor Who,WHO,True,2023-10-13,2023,[],0,6.0,,,6.0,,"['B', 'U']",True,"Draw three cards. Then target opponent faces a villainous choice - They discard three cards, or you may cast a spell from your hand without paying its mana cost.",True,6637.0
heaven sent,enchantment — saga,rare,Doctor Who,WHO,True,2023-10-13,2023,['Investigate'],1,2.0,,,2.0,,"['R', 'U']",True,"(As this Saga enters and after your draw step, add a lore counter. Sacrifice after III.)
I, II - Investigate.
III - This Saga deals 1 damage to each opponent. Then if an opponent has 0 or less life, draw seven cards. Otherwise, exile this Saga and you may cast it this turn.",True,10124.0
"idris, soul of the tardis",legendary creature — human incarnation,rare,Doctor Who,WHO,True,2023-10-13,2023,"['Imprint', 'Vanishing']",2,3.0,3.0,3.0,9.0,,"['R', 'U']",True,"Vanishing 3
Imprint - When Idris enters, exile another artifact you control until Idris leaves the battlefield.
Idris has all activated and triggered abilities of the exiled card and gets +X/+X, where X is the exiled card's mana value.",True,18246.0
jenny flint,legendary creature — human detective,rare,Doctor Who,WHO,True,2023-10-13,2023,"['First strike', 'Partner', 'Partner with', 'Training']",4,3.0,2.0,2.0,7.0,,"['R', 'U']",True,"Partner with Madame Vastra
First strike
Training (Whenever this creature attacks with another creature with greater power, put a +1/+1 counter on this creature.)
Whenever you sacrifice a Clue or Food, put a +1/+1 counter on another target creature you control.",True,14326.0
"jenny, generated anomaly",legendary creature — time lord soldier,rare,Doctor Who,WHO,True,2023-10-13,2023,"['Double strike', 'Explore']",2,4.0,2.0,3.0,9.0,,"['R', 'W']",True,"Double strike
Whenever Jenny deals combat damage to a player, it explores. (Reveal the top card of your library. Put that card into your hand if it's a land. Otherwise, put a +1/+1 counter on this creature, then put the card back or put it into your graveyard.)",True,16847.0
judoon enforcers,creature — alien rhino soldier,uncommon,Doctor Who,WHO,True,2023-10-13,2023,"['Suspend', 'Trample']",2,7.0,8.0,8.0,23.0,,"['R', 'W']",True,"Trample
No more than one creature can attack you each combat.
Suspend 6-{1}{R}{W} (Rather than cast this card from your hand, you may pay {1}{R}{W} and exile it with six time counters on it. At the beginning of your upkeep, remove a time counter. When the last is removed, you may cast it without paying its mana cost. It has haste.)",True,11026.0
kate stewart,legendary creature — human scientist,rare,Doctor Who,WHO,True,2023-10-13,2023,[],0,4.0,3.0,3.0,10.0,,"['R', 'U', 'W']",True,"Whenever you put one or more time counters on a permanent you control, create a 1/1 white Soldier creature token.
Whenever Kate Stewart attacks, you may pay {8}. If you do, attacking creatures get +X/+X until end of turn, where X is the number of time counters among permanents you control.",True,13389.0
last night together,sorcery,rare,Doctor Who,WHO,True,2023-10-13,2023,[],0,5.0,,,5.0,,"['G', 'R']",True,"Choose two target creatures. Untap them. Put two +1/+1 counters on each of them. They gain vigilance, indestructible, and haste until end of turn. After this main phase, there is an additional combat phase. Only the chosen creatures can attack during that combat phase.",True,8343.0
lunar hatchling,creature — alien beast,rare,Doctor Who,WHO,True,2023-10-13,2023,"['Basic landcycling', 'Cycling', 'Escape', 'Flying', 'Landcycling', 'Trample']",6,6.0,6.0,6.0,18.0,,"['G', 'U']",True,"Flying, trample
Basic landcycling {2} ({2}, Discard this card: Search your library for a basic land card, reveal it, put it into your hand, then shuffle.)
Escape-{4}{G}{U}, Exile a land you control, Exile five other cards from your graveyard. (You may cast this card from your graveyard for its escape cost.)",True,15077.0
madame vastra,legendary creature — lizard detective,rare,Doctor Who,WHO,True,2023-10-13,2023,"['Food', 'Partner', 'Partner with']",3,4.0,3.0,3.0,10.0,,"['G', 'U']",True,"Partner with Jenny Flint (When this creature enters, target player may put Jenny Flint into their hand from their library, then shuffle.)
Madame Vastra must be blocked if able.
Whenever a creature dealt damage by Madame Vastra this turn dies, create a Clue token and a Food token.",True,17638.0
"the master, formed anew",legendary creature — time lord rogue,rare,Doctor Who,WHO,True,2023-10-13,2023,['Body Thief'],1,2.0,0.0,1.0,3.0,,"['B', 'U']",True,"Body Thief - When you cast this spell, you may exile a creature you control and put a takeover counter on it.
You may have The Master enter as a copy of a creature card in exile with a takeover counter on it.",True,17740.0
"the master, gallifrey's end",legendary creature — time lord rogue,rare,Doctor Who,WHO,True,2023-10-13,2023,['Make Them Pay'],1,4.0,4.0,3.0,11.0,,"['B', 'R']",True,"Make Them Pay - Whenever a nontoken artifact creature you control dies, you may exile it. If you do, choose an opponent with the most life among your opponents. That player faces a villainous choice - They lose 4 life, or you create a token that's a copy of that card.",True,11402.0
"the master, mesmerist",legendary creature — time lord rogue,rare,Doctor Who,WHO,True,2023-10-13,2023,['Goad'],1,4.0,3.0,3.0,10.0,,"['B', 'U']",True,"{T}: Target creature an opponent controls with power less than or equal to The Master's power gains skulk until end of turn. Goad it. (A creature with skulk can't be blocked by creatures with greater power.)
Whenever a creature with skulk deals combat damage to one of your opponents, put a +1/+1 counter on The Master and draw a card.",True,11645.0
"the master, multiplied",legendary creature — time lord rogue,rare,Doctor Who,WHO,True,2023-10-13,2023,['Myriad'],1,6.0,4.0,3.0,13.0,,"['B', 'R']",True,"Myriad
The ""legend rule"" doesn't apply to creature tokens you control.
Triggered abilities you control can't cause you to sacrifice or exile creature tokens you control.",True,3325.0
"me, the immortal",legendary creature — human rogue,rare,Doctor Who,WHO,True,2023-10-13,2023,[],0,5.0,3.0,3.0,11.0,,"['G', 'R', 'U']",True,"At the beginning of combat on your turn, put your choice of a +1/+1, first strike, vigilance, or menace counter on Me.
Counters remain on Me as it moves to any zone other than a player's hand or library.
You may cast this card from your graveyard by discarding two cards in addition to paying its other costs.",True,13816.0
the ninth doctor,legendary creature — time lord doctor,rare,Doctor Who,WHO,True,2023-10-13,2023,"['Haste', 'Into the TARDIS']",2,3.0,2.0,4.0,9.0,,"['R', 'U']",True,"Haste
Into the TARDIS - Whenever The Ninth Doctor becomes untapped during your untap step, you get an additional upkeep step after this step.",True,5676.0
the rani,legendary creature — time lord scientist,rare,Doctor Who,WHO,True,2023-10-13,2023,"['Goad', 'Investigate']",2,4.0,3.0,4.0,11.0,,"['B', 'R', 'U']",True,"Whenever The Rani enters or attacks, create a red Aura enchantment token named Mark of the Rani attached to another target creature. That token has enchant creature and ""Enchanted creature gets +2/+2 and is goaded.""
Whenever a goaded creature deals combat damage to one of your opponents, investigate.",True,11831.0
"rassilon, the war president",legendary creature — time lord noble,rare,Doctor Who,WHO,True,2023-10-13,2023,[],0,5.0,3.0,4.0,12.0,,"['B', 'U']",True,"At the beginning of your upkeep, you lose 2 life and exile the top card of your library. You may play that card for as long as it remains exiled.
Each noncreature spell you cast from exile has conspire. (As you cast that spell, you may tap two untapped creatures you control that share a color with it. When you do, copy it and you may choose new targets for the copy.)",True,16187.0
regenerations restored,enchantment,rare,Doctor Who,WHO,True,2023-10-13,2023,"['Scry', 'Vanishing']",2,2.0,,,2.0,,"['U', 'W']",True,"Vanishing 12 (This enchantment enters with twelve time counters on it. At the beginning of your upkeep, remove a time counter from it. When the last is removed, sacrifice it.)
Whenever one or more time counters are removed from this enchantment, scry 1 and you gain 1 life. Then if this enchantment has no time counters on it, exile it. When you do, take an extra turn after this one.",True,9623.0
river song,legendary creature — human time lord rogue,rare,Doctor Who,WHO,True,2023-10-13,2023,"['Meet in Reverse', 'Spoilers']",2,3.0,2.0,2.0,7.0,,"['R', 'U']",True,"Meet in Reverse - You draw cards from the bottom of your library rather than the top.
Spoilers - Whenever an opponent scries, surveils, or searches their library, put a +1/+1 counter on River Song. Then River Song deals damage to that player equal to its power.",True,9448.0
rory williams,legendary creature — human soldier,rare,Doctor Who,WHO,True,2023-10-13,2023,"['First strike', 'Investigate', 'Lifelink', 'Partner', 'Partner with', 'The Last Centurion']",6,2.0,3.0,3.0,8.0,,"['U', 'W']",True,"Partner with Amy Pond
First strike, lifelink
The Last Centurion - When you cast this spell from anywhere other than exile, exile it with three time counters on it. It gains suspend. Then investigate. (Create a Clue token. It's an artifact with ""{2}, Sacrifice this token: Draw a card."")",True,12706.0
run for your life,instant,rare,Doctor Who,WHO,True,2023-10-13,2023,['Escape'],1,2.0,,,2.0,,"['R', 'U']",True,"One or two target creatures each gain haste until end of turn. They can't be blocked this turn except by creatures with haste.
Escape-{2}{U}{R}, Exile four other cards from your graveyard. (You may cast this card from your graveyard for its escape cost.)",True,11316.0
sally sparrow,legendary creature — human detective,rare,Doctor Who,WHO,True,2023-10-13,2023,['Investigate'],1,4.0,2.0,3.0,9.0,,"['U', 'W']",True,"You may cast creature spells as though they had flash.
Whenever one or more other creatures you control leave the battlefield, investigate. This ability triggers only once each turn. (Create a Clue token. It's an artifact with ""{2}, Sacrifice this token: Draw a card."")",True,12383.0
the second doctor,legendary creature — time lord doctor,rare,Doctor Who,WHO,True,2023-10-13,2023,['How Civil of You'],1,4.0,2.0,4.0,10.0,,"['U', 'W']",True,"Players have no maximum hand size.
How Civil of You - At the beginning of your end step, each player may draw a card. Each opponent who does can't attack you or permanents you control during their next turn.",True,3601.0
sergeant john benton,legendary creature — human soldier,rare,Doctor Who,WHO,True,2023-10-13,2023,"['Haste', 'Share Intelligence', 'Trample']",3,3.0,2.0,4.0,9.0,,"['G', 'W']",True,"Trample, haste
Share Intelligence - Whenever Sergeant John Benton deals combat damage to a player, you and that player each draw that many cards.",True,8089.0
the seventh doctor,legendary creature — time lord doctor,rare,Doctor Who,WHO,True,2023-10-13,2023,['Investigate'],1,5.0,3.0,6.0,14.0,,"['U', 'W']",True,"Whenever The Seventh Doctor attacks, choose a card in your hand. Defending player guesses whether that card's mana value is greater than the number of artifacts you control. If they guessed wrong, you may cast it without paying its mana cost. If you don't cast a spell this way, investigate. (Create a Clue token. It's an artifact with ""{2}, Sacrifice this token: Draw a card."")",True,9384.0
the sixth doctor,legendary creature — time lord doctor,rare,Doctor Who,WHO,True,2023-10-13,2023,"[""Time Lord's Prerogative""]",1,6.0,3.0,3.0,12.0,,"['G', 'U']",True,"Time Lord's Prerogative - Whenever you cast a historic spell, copy it, except the copy isn't legendary. This ability triggers only once each turn. (Artifacts, legendaries, and Sagas are historic. A copy of a permanent spell becomes a token.)",True,5611.0
"strax, sontaran nurse",legendary creature — alien cleric,rare,Doctor Who,WHO,True,2023-10-13,2023,"['Fight', 'Glory of Battle', 'Grenades!', 'Trample', 'Vigilance']",5,5.0,5.0,5.0,15.0,,"['G', 'R']",True,"Vigilance, trample
Grenades! - {2}, {T}, Sacrifice an artifact: Choose a player at random. When you do, Strax fights another target creature that player controls.
Glory of Battle - Whenever Strax deals damage to a creature, put a +1/+1 counter on Strax.",True,18241.0
sycorax commander,creature — alien soldier,rare,Doctor Who,WHO,True,2023-10-13,2023,"['First strike', 'Haste', 'Sanctified Rules of Combat']",3,4.0,4.0,2.0,10.0,,"['B', 'R']",True,"First strike, haste
Sanctified Rules of Combat - When this creature enters, each opponent faces a villainous choice - That opponent discards all the cards in their hand, then draws that many cards minus one, or this creature deals damage to that player equal to the number of cards in their hand.",True,9825.0
the third doctor,legendary creature — time lord doctor,rare,Doctor Who,WHO,True,2023-10-13,2023,"['Food', 'Trample', 'Treasure']",3,4.0,2.0,2.0,8.0,,"['G', 'U']",True,"Trample
The Third Doctor gets +1/+1 for each noncreature token you control.
When The Third Doctor enters, create your choice of a Clue token, a Food token, or a Treasure token.",True,7857.0
truth or consequences,sorcery,uncommon,Doctor Who,WHO,True,2023-10-13,2023,['Secret council'],1,4.0,,,4.0,,"['R', 'U']",True,"Secret council - Each player secretly votes for truth or consequences, then those votes are revealed. You draw cards equal to the number of truth votes. Then choose an opponent at random. Truth or Consequences deals 3 damage to that player for each consequences vote.",True,10250.0
the twelfth doctor,legendary creature — time lord doctor,rare,Doctor Who,WHO,True,2023-10-13,2023,[],0,5.0,4.0,4.0,13.0,,"['R', 'U']",True,"The first spell you cast from anywhere other than your hand each turn has demonstrate. (When you cast that spell, you may copy it. If you do, choose an opponent to also copy it. A copy of a permanent spell becomes a token.)
Whenever you copy a spell, put a +1/+1 counter on The Twelfth Doctor.",True,6248.0
the valeyard,legendary creature — time lord noble,rare,Doctor Who,WHO,True,2023-10-13,2023,[],0,5.0,4.0,5.0,14.0,,"['B', 'R', 'U']",True,"If an opponent would face a villainous choice, they face that choice an additional time. (They can make the same or different choices.)
While voting, you may vote an additional time.",True,8636.0
"vrestin, menoptra leader",legendary creature — alien insect scout,rare,Doctor Who,WHO,True,2023-10-13,2023,['Flying'],1,3.0,0.0,0.0,3.0,,"['G', 'W']",True,"Flying
Vrestin enters with X +1/+1 counters on it.
When Vrestin enters, create X 1/1 green and white Alien Insect creature tokens with flying.
Whenever you attack with one or more Insects, put a +1/+1 counter on each of them.",True,12417.0
the war doctor,legendary creature — time lord doctor,rare,Doctor Who,WHO,True,2023-10-13,2023,[],0,4.0,3.0,5.0,12.0,,"['R', 'W']",True,"Whenever one or more other permanents phase out and whenever one or more other cards are put into exile from anywhere, put a time counter on The War Doctor.
Whenever The War Doctor attacks, it deals damage equal to the number of time counters on it to any target. If a creature dealt damage this way would die this turn, exile it instead.",True,6524.0
weeping angel,artifact creature — alien angel,rare,Doctor Who,WHO,True,2023-10-13,2023,"['First strike', 'Flash', 'Vigilance']",3,3.0,2.0,2.0,7.0,,"['B', 'U']",True,"Flash
First strike, vigilance
Whenever an opponent casts a creature spell, this creature isn't a creature until end of turn.
If this creature would deal combat damage to a creature, prevent that damage and that creature's owner shuffles it into their library.",True,8237.0
wreck and rebuild,sorcery,uncommon,Doctor Who,WHO,True,2023-10-13,2023,"['Flashback', 'Mill']",2,3.0,,,3.0,,"['G', 'R']",True,"Choose one -
• Destroy target artifact or enchantment.
• Mill five cards, then you may put a land card from your graveyard onto the battlefield tapped.
Flashback {3}{R}{G}",True,7682.0
ace's baseball bat,legendary artifact — equipment,rare,Doctor Who,WHO,True,2023-10-13,2023,['Equip'],1,2.0,,,2.0,,[],False,"Equipped creature gets +3/+0.
As long as equipped creature is attacking, it has first strike and must be blocked by a Dalek if able.
Equip legendary creature {1}
Equip {3}",True,11015.0
"bessie, the doctor's roadster",legendary artifact — vehicle,rare,Doctor Who,WHO,True,2023-10-13,2023,"['Crew', 'Haste']",2,2.0,3.0,4.0,9.0,,[],False,"Haste
Whenever Bessie attacks, another target legendary creature can't be blocked this turn.
Crew 2 (Tap any number of creatures you control with total power 2 or more: This Vehicle becomes an artifact creature until end of turn.)",True,10244.0
clockwork droid,artifact creature — robot,uncommon,Doctor Who,WHO,True,2023-10-13,2023,"['Exert', 'Scry']",2,2.0,3.0,1.0,6.0,,[],False,"You may exert this creature as it attacks. When you do, it can't be blocked this turn and you scry 1. (An exerted creature won't untap during your next untap step. To scry 1, look at the top card of your library. You may put that card on the bottom.)",True,14682.0
confession dial,artifact,rare,Doctor Who,WHO,True,2023-10-13,2023,['Surveil'],1,3.0,,,3.0,,[],False,"When this artifact enters, surveil 3.
{T}: Target legendary creature card in your graveyard gains escape until end of turn. The escape cost is equal to its mana cost plus exile three other cards from your graveyard. (You may cast it from your graveyard for its escape cost this turn.)",True,12428.0
cyberman patrol,artifact creature — cyberman,uncommon,Doctor Who,WHO,True,2023-10-13,2023,[],0,2.0,2.0,2.0,6.0,,[],False,"Artifact creatures you control have afflict 3. (Whenever a creature with afflict 3 becomes blocked, defending player loses 3 life.)",True,2608.0
cybermat,artifact creature — robot,uncommon,Doctor Who,WHO,True,2023-10-13,2023,['Skulk'],1,2.0,2.0,1.0,5.0,,[],False,"Skulk (This creature can't be blocked by creatures with greater power.)
Whenever this creature attacks and isn't blocked, it gets +X/+0 until end of turn, where X is the number of attacking artifact creatures.",True,11155.0
cybermen squadron,artifact creature — cyberman,rare,Doctor Who,WHO,True,2023-10-13,2023,[],0,7.0,5.0,5.0,17.0,,[],False,"Nonlegendary artifact creatures you control have myriad. (Whenever a creature with myriad attacks, for each opponent other than defending player, you may create a token copy that's tapped and attacking that player or a planeswalker they control. Exile the tokens at end of combat.)",True,1999.0
cybership,artifact — vehicle,rare,Doctor Who,WHO,True,2023-10-13,2023,"['Crew', 'Flying']",2,6.0,8.0,8.0,22.0,,[],False,"Flying
Whenever this Vehicle deals combat damage to a player, put the top two cards of that player's library onto the battlefield face down under your control. They're 2/2 Cyberman artifact creatures.
Crew 4",True,5479.0
laser screwdriver,artifact,uncommon,Doctor Who,WHO,True,2023-10-13,2023,"['Goad', 'Surveil']",2,3.0,,,3.0,,[],False,"{T}: Add one mana of any color.
{1}, {T}: Tap target artifact.
{2}, {T}: Surveil 1. (Look at the top card of your library. You may put that card into your graveyard.)
{3}, {T}: Goad target creature. (Until your next turn, it attacks each combat if able and attacks a player other than you if able.)",True,5872.0
midnight crusader shuttle,artifact — vehicle,uncommon,Doctor Who,WHO,True,2023-10-13,2023,"['Crew', 'Midnight Entity']",2,4.0,3.0,4.0,11.0,,[],False,"Midnight Entity - Whenever this Vehicle attacks, defending player faces a villainous choice - That player sacrifices a creature of their choice, or you gain control of a creature of your choice that player controls until end of turn. If you gain control of a creature this way, tap it, and it's attacking that player.
Crew 2",True,7963.0
the moment,legendary artifact,rare,Doctor Who,WHO,True,2023-10-13,2023,[],0,2.0,,,2.0,,[],False,"At the beginning of your upkeep, put a time counter on The Moment.
{2}, {T}: Untap target creature you control. It phases out until The Moment leaves the battlefield.
{3}, {T}: Destroy each nonland permanent with mana value less than or equal to the number of time counters on The Moment. Then sacrifice The Moment. Activate only as a sorcery.",True,12283.0
psychic paper,artifact — equipment,uncommon,Doctor Who,WHO,True,2023-10-13,2023,['Equip'],1,2.0,,,2.0,,[],False,"As this Equipment becomes attached to a creature, choose a creature card name and a creature type.
Equipped creature has ward {1}, it can't be blocked, and its name and creature type are the last chosen name and creature type.
Equip {2}",True,5820.0
river song's diary,artifact,rare,Doctor Who,WHO,True,2023-10-13,2023,['Imprint'],1,3.0,,,3.0,,[],False,"Imprint - Whenever a player casts an instant or sorcery spell from their hand, exile it instead of putting it into a graveyard as it resolves.
At the beginning of your upkeep, if there are four or more cards exiled with this artifact, choose one of them at random. You may cast it without paying its mana cost.",True,5204.0
rotating fireplace,artifact,rare,Doctor Who,WHO,True,2023-10-13,2023,['Time Travel'],1,3.0,,,3.0,,[],False,"This artifact enters tapped with a time counter on it.
{T}: Add an amount of {C} equal to the number of time counters on this artifact.
{4}, {T}: Time travel. Activate only as a sorcery. (For each suspended card you own and each permanent you control with a time counter on it, you may add or remove a time counter.)",True,7699.0
sonic screwdriver,artifact,uncommon,Doctor Who,WHO,True,2023-10-13,2023,['Scry'],1,3.0,,,3.0,,[],False,"{T}: Add one mana of any color.
{1}, {T}: Untap another target artifact.
{2}, {T}: Scry 1. (Look at the top card of your library. You may put that card on the bottom.)
{3}, {T}: Target creature can't be blocked this turn.",True,1675.0
sonic screwdriver,artifact,uncommon,Doctor Who,WHO,True,2023-10-13,2023,['Scry'],1,3.0,,,3.0,,[],False,"{T}: Add one mana of any color.
{1}, {T}: Untap another target artifact.
{2}, {T}: Scry 1. (Look at the top card of your library. You may put that card on the bottom.)
{3}, {T}: Target creature can't be blocked this turn.",True,1675.0
sonic screwdriver,artifact,uncommon,Doctor Who,WHO,True,2023-10-13,2023,['Scry'],1,3.0,,,3.0,,[],False,"{T}: Add one mana of any color.
{1}, {T}: Untap another target artifact.
{2}, {T}: Scry 1. (Look at the top card of your library. You may put that card on the bottom.)
{3}, {T}: Target creature can't be blocked this turn.",True,1675.0
tardis,artifact — vehicle,uncommon,Doctor Who,WHO,True,2023-10-13,2023,"['Crew', 'Flying']",2,2.0,2.0,4.0,8.0,,[],False,"Flying
Whenever this Vehicle attacks, if you control a Time Lord, the next spell you cast this turn has cascade and you may planeswalk.
Crew 2 (Tap any number of creatures you control with total power 2 or more: This Vehicle becomes an artifact creature until end of turn.)",True,6083.0
gallifrey council chamber,legendary land,rare,Doctor Who,WHO,True,2023-10-13,2023,['Surveil'],1,0.0,,,0.0,,[],False,"When Gallifrey Council Chamber enters, surveil 1. (Look at the top card of your library. You may put that card into your graveyard.)
{T}: Add {C}.
{T}: Add one mana of any color. Spend this mana only to cast a Time Lord or Alien spell or activate an ability of a Time Lord or Alien.",True,4951.0
ominous cemetery,land,uncommon,Doctor Who,WHO,True,2023-10-13,2023,[],0,0.0,,,0.0,,[],False,"{T}: Add {C}.
{5}, {T}, Exile this land: Target creature's owner shuffles it into their library.",True,5184.0
trenzalore clocktower,legendary land,rare,Doctor Who,WHO,True,2023-10-13,2023,[],0,0.0,,,0.0,,[],False,"{T}: Add {U}. Put a time counter on Trenzalore Clocktower.
{1}{U}, {T}, Remove twelve time counters from Trenzalore Clocktower and exile it: Shuffle your graveyard and hand into your library, then draw seven cards. Activate only if you control a Time Lord.",True,3950.0
"osgood, operation double",legendary creature — human alien shapeshifter,rare,Doctor Who,WHO,True,2023-10-13,2023,"['Investigate', 'Paradox']",2,4.0,2.0,2.0,8.0,,['U'],False,"When you cast this spell, create a token that's a copy of it, except it isn't legendary.
{T}: Add {C}. Spend this mana only to cast an artifact spell or activate an ability of an artifact.
Paradox - Whenever you cast a spell from anywhere other than your hand, investigate. (Create a Clue token. It's an artifact with ""{2}, Sacrifice this token: Draw a card."")",True,11778.0
day of destiny,legendary enchantment,rare,Doctor Who,WHO,True,2023-10-13,2023,[],0,4.0,,,4.0,,['W'],False,Legendary creatures you control get +2/+2.,True,5684.0
farewell,sorcery,rare,Doctor Who,WHO,True,2023-10-13,2023,[],0,6.0,,,6.0,,['W'],False,"Choose one or more -
• Exile all artifacts.
• Exile all creatures.
• Exile all enchantments.
• Exile all graveyards.",True,140.0
grasp of fate,enchantment,rare,Doctor Who,WHO,True,2023-10-13,2023,[],0,3.0,,,3.0,,['W'],False,"When this enchantment enters, for each opponent, exile up to one target nonland permanent that player controls until this enchantment leaves the battlefield. (Those permanents return under their owners' control.)",True,1039.0
out of time,enchantment,rare,Doctor Who,WHO,True,2023-10-13,2023,['Vanishing'],1,3.0,,,3.0,,['W'],False,"When this enchantment enters, untap all creatures, then those creatures phase out until this enchantment leaves the battlefield. Put a time counter on this enchantment for each creature that phased out this way.
Vanishing (At the beginning of your upkeep, remove a time counter from this enchantment. When the last is removed, sacrifice it.)",True,5384.0
path to exile,instant,uncommon,Doctor Who,WHO,True,2023-10-13,2023,[],0,1.0,,,1.0,,['W'],False,"Exile target creature. Its controller may search their library for a basic land card, put that card onto the battlefield tapped, then shuffle.",True,15.0
return to dust,instant,uncommon,Doctor Who,WHO,True,2023-10-13,2023,[],0,4.0,,,4.0,,['W'],False,"Exile target artifact or enchantment. If you cast this spell during your main phase, you may exile up to one other target artifact or enchantment.",True,1181.0
swords to plowshares,instant,uncommon,Doctor Who,WHO,True,2023-10-13,2023,[],0,1.0,,,1.0,,['W'],False,Exile target creature. Its controller gains life equal to its power.,True,11.0
wedding ring,artifact,mythic,Doctor Who,WHO,True,2023-10-13,2023,[],0,4.0,,,4.0,,['W'],False,"When this artifact enters, if it was cast, target opponent creates a token that's a copy of it.
Whenever an opponent who controls an artifact named Wedding Ring draws a card during their turn, you draw a card.
Whenever an opponent who controls an artifact named Wedding Ring gains life during their turn, you gain that much life.",True,2095.0
as foretold,enchantment,rare,Doctor Who,WHO,True,2023-10-13,2023,[],0,3.0,,,3.0,,['U'],False,"At the beginning of your upkeep, put a time counter on this enchantment.
Once each turn, you may pay {0} rather than pay the mana cost for a spell you cast with mana value X or less, where X is the number of time counters on this enchantment.",True,1578.0
clockspinning,instant,common,Doctor Who,WHO,True,2023-10-13,2023,['Buyback'],1,1.0,,,1.0,,['U'],False,"Buyback {3} (You may pay an additional {3} as you cast this spell. If you do, put this card into your hand as it resolves.)
Choose a counter on target permanent or suspended card. Remove that counter from that permanent or card or put another of those counters on it.",True,3866.0
inspiring refrain,sorcery,rare,Doctor Who,WHO,True,2023-10-13,2023,['Suspend'],1,6.0,,,6.0,,['U'],False,"Draw two cards. Exile Inspiring Refrain with three time counters on it.
Suspend 3-{2}{U} (Rather than cast this card from your hand, you may pay {2}{U} and exile it with three time counters on it. At the beginning of your upkeep, remove a time counter. When the last is removed, you may cast it without paying its mana cost.)",True,3277.0
ponder,sorcery,common,Doctor Who,WHO,True,2023-10-13,2023,[],0,1.0,,,1.0,,['U'],False,"Look at the top three cards of your library, then put them back in any order. You may shuffle.
Draw a card.",True,148.0
preordain,sorcery,common,Doctor Who,WHO,True,2023-10-13,2023,['Scry'],1,1.0,,,1.0,,['U'],False,"Scry 2, then draw a card. (To scry 2, look at the top two cards of your library, then put any number of them on the bottom and the rest on top in any order.)",True,207.0
propaganda,enchantment,uncommon,Doctor Who,WHO,True,2023-10-13,2023,[],0,3.0,,,3.0,,['U'],False,Creatures can't attack you unless their controller pays {2} for each creature they control that's attacking you.,True,120.0
think twice,instant,common,Doctor Who,WHO,True,2023-10-13,2023,['Flashback'],1,2.0,,,2.0,,['U'],False,"Draw a card.
Flashback {2}{U} (You may cast this card from your graveyard for its flashback cost. Then exile it.)",True,2307.0
feed the swarm,sorcery,common,Doctor Who,WHO,True,2023-10-13,2023,[],0,2.0,,,2.0,,['B'],False,Destroy target creature or enchantment an opponent controls. You lose life equal to that permanent's mana value.,True,82.0
snuff out,instant,uncommon,Doctor Who,WHO,True,2023-10-13,2023,[],0,4.0,,,4.0,,['B'],False,"If you control a Swamp, you may pay 4 life rather than pay this spell's mana cost.
Destroy target nonblack creature. It can't be regenerated.",True,895.0
wound reflection,enchantment,rare,Doctor Who,WHO,True,2023-10-13,2023,[],0,6.0,,,6.0,,['B'],False,"At the beginning of each end step, each opponent loses life equal to the life they lost this turn. (Damage causes loss of life.)",True,1886.0
blasphemous act,sorcery,rare,Doctor Who,WHO,True,2023-10-13,2023,[],0,9.0,,,9.0,,['R'],False,"This spell costs {1} less to cast for each creature on the battlefield.
Blasphemous Act deals 13 damage to each creature.",True,23.0
chaos warp,instant,rare,Doctor Who,WHO,True,2023-10-13,2023,[],0,3.0,,,3.0,,['R'],False,"The owner of target permanent shuffles it into their library, then reveals the top card of their library. If it's a permanent card, they put it onto the battlefield.",True,29.0
cursed mirror,artifact,rare,Doctor Who,WHO,True,2023-10-13,2023,[],0,3.0,,,3.0,,['R'],False,"{T}: Add {R}.
As this artifact enters, you may have it become a copy of any creature on the battlefield until end of turn, except it has haste.",True,443.0
throes of chaos,sorcery,uncommon,Doctor Who,WHO,True,2023-10-13,2023,"['Cascade', 'Retrace']",2,4.0,,,4.0,,['R'],False,"Cascade (When you cast this spell, exile cards from the top of your library until you exile a nonland card that costs less. You may cast it without paying its mana cost. Put the exiled cards on the bottom in a random order.)
Retrace (You may cast this card from your graveyard by discarding a land card in addition to paying its other costs.)",True,5169.0
beast within,instant,uncommon,Doctor Who,WHO,True,2023-10-13,2023,[],0,3.0,,,3.0,,['G'],False,Destroy target permanent. Its controller creates a 3/3 green Beast creature token.,True,25.0
carpet of flowers,enchantment,rare,Doctor Who,WHO,True,2023-10-13,2023,[],0,1.0,,,1.0,,['G'],False,"At the beginning of each of your main phases, if you haven't added mana with this ability this turn, you may add X mana of any one color, where X is the number of Islands target opponent controls.",True,1046.0
cultivate,sorcery,common,Doctor Who,WHO,True,2023-10-13,2023,[],0,3.0,,,3.0,,['G'],False,"Search your library for up to two basic land cards, reveal those cards, put one onto the battlefield tapped and the other into your hand, then shuffle.",True,20.0
explore,sorcery,common,Doctor Who,WHO,True,2023-10-13,2023,[],0,2.0,,,2.0,,['G'],False,"You may play an additional land this turn.
Draw a card.",True,230.0
farseek,sorcery,common,Doctor Who,WHO,True,2023-10-13,2023,[],0,2.0,,,2.0,,['G'],False,"Search your library for a Plains, Island, Swamp, or Mountain card, put it onto the battlefield tapped, then shuffle.",True,24.0
heroic intervention,instant,rare,Doctor Who,WHO,True,2023-10-13,2023,[],0,2.0,,,2.0,,['G'],False,Permanents you control gain hexproof and indestructible until end of turn.,True,32.0
search for tomorrow,sorcery,common,Doctor Who,WHO,True,2023-10-13,2023,['Suspend'],1,3.0,,,3.0,,['G'],False,"Search your library for a basic land card, put it onto the battlefield, then shuffle.
Suspend 2-{G} (Rather than cast this card from your hand, you may pay {G} and exile it with two time counters on it. At the beginning of your upkeep, remove a time counter. When the last is removed, you may cast it without paying its mana cost.)",True,1360.0
three visits,sorcery,uncommon,Doctor Who,WHO,True,2023-10-13,2023,[],0,2.0,,,2.0,,['G'],False,"Search your library for a Forest card, put it onto the battlefield, then shuffle.",True,44.0
fractured identity,sorcery,rare,Doctor Who,WHO,True,2023-10-13,2023,[],0,5.0,,,5.0,,"['U', 'W']",True,Exile target nonland permanent. Each player other than its controller creates a token that's a copy of it.,True,4385.0
growth spiral,instant,common,Doctor Who,WHO,True,2023-10-13,2023,[],0,2.0,,,2.0,,"['G', 'U']",True,Draw a card. You may put a land card from your hand onto the battlefield.,True,208.0
time wipe,sorcery,rare,Doctor Who,WHO,True,2023-10-13,2023,[],0,5.0,,,5.0,,"['U', 'W']",True,"Return a creature you control to its owner's hand, then destroy all creatures.",True,1223.0
arcane signet,artifact,common,Doctor Who,WHO,True,2023-10-13,2023,[],0,2.0,,,2.0,,[],False,{T}: Add one mana of any color in your commander's color identity.,True,3.0
commander's sphere,artifact,common,Doctor Who,WHO,True,2023-10-13,2023,[],0,3.0,,,3.0,,[],False,"{T}: Add one mana of any color in your commander's color identity.
Sacrifice this artifact: Draw a card.",True,36.0
hero's blade,artifact — equipment,uncommon,Doctor Who,WHO,True,2023-10-13,2023,['Equip'],1,2.0,,,2.0,,[],False,"Equipped creature gets +3/+2.
Whenever a legendary creature you control enters, you may attach this Equipment to it.
Equip {4} ({4}: Attach to target creature you control. Equip only as a sorcery.)",True,1976.0
heroes' podium,legendary artifact,rare,Doctor Who,WHO,True,2023-10-13,2023,[],0,5.0,,,5.0,,[],False,"Each legendary creature you control gets +1/+1 for each other legendary creature you control.
{X}, {T}: Look at the top X cards of your library. You may reveal a legendary creature card from among them and put it into your hand. Put the rest on the bottom of your library in a random order.",True,2406.0
lightning greaves,artifact — equipment,uncommon,Doctor Who,WHO,True,2023-10-13,2023,['Equip'],1,2.0,,,2.0,,[],False,"Equipped creature has haste and shroud. (It can't be the target of spells or abilities.)
Equip {0}",True,13.0
mind stone,artifact,uncommon,Doctor Who,WHO,True,2023-10-13,2023,[],0,2.0,,,2.0,,[],False,"{T}: Add {C}.
{1}, {T}, Sacrifice this artifact: Draw a card.",True,28.0
sol ring,artifact,uncommon,Doctor Who,WHO,True,2023-10-13,2023,[],0,1.0,,,1.0,,[],False,{T}: Add {C}{C}.,True,1.0
solemn simulacrum,artifact creature — golem,rare,Doctor Who,WHO,True,2023-10-13,2023,[],0,4.0,2.0,2.0,8.0,,[],False,"When this creature enters, you may search your library for a basic land card, put that card onto the battlefield tapped, then shuffle.
When this creature dies, you may draw a card.",True,33.0
talisman of conviction,artifact,uncommon,Doctor Who,WHO,True,2023-10-13,2023,[],0,2.0,,,2.0,,[],False,"{T}: Add {C}.
{T}: Add {R} or {W}. This artifact deals 1 damage to you.",True,157.0
talisman of creativity,artifact,uncommon,Doctor Who,WHO,True,2023-10-13,2023,[],0,2.0,,,2.0,,[],False,"{T}: Add {C}.
{T}: Add {U} or {R}. This artifact deals 1 damage to you.",True,123.0
talisman of curiosity,artifact,uncommon,Doctor Who,WHO,True,2023-10-13,2023,[],0,2.0,,,2.0,,[],False,"{T}: Add {C}.
{T}: Add {G} or {U}. This artifact deals 1 damage to you.",True,432.0
talisman of dominance,artifact,uncommon,Doctor Who,WHO,True,2023-10-13,2023,[],0,2.0,,,2.0,,[],False,"{T}: Add {C}.
{T}: Add {U} or {B}. This artifact deals 1 damage to you.",True,87.0
talisman of impulse,artifact,uncommon,Doctor Who,WHO,True,2023-10-13,2023,[],0,2.0,,,2.0,,[],False,"{T}: Add {C}.
{T}: Add {R} or {G}. This artifact deals 1 damage to you.",True,590.0
talisman of indulgence,artifact,uncommon,Doctor Who,WHO,True,2023-10-13,2023,[],0,2.0,,,2.0,,[],False,"{T}: Add {C}.
{T}: Add {B} or {R}. This artifact deals 1 damage to you.",True,128.0
talisman of progress,artifact,uncommon,Doctor Who,WHO,True,2023-10-13,2023,[],0,2.0,,,2.0,,[],False,"{T}: Add {C}.
{T}: Add {W} or {U}. This artifact deals 1 damage to you.",True,152.0
talisman of unity,artifact,uncommon,Doctor Who,WHO,True,2023-10-13,2023,[],0,2.0,,,2.0,,[],False,"{T}: Add {C}.
{T}: Add {G} or {W}. This artifact deals 1 damage to you.",True,918.0
thought vessel,artifact,uncommon,Doctor Who,WHO,True,2023-10-13,2023,[],0,2.0,,,2.0,,[],False,"You have no maximum hand size.
{T}: Add {C}.",True,21.0
wayfarer's bauble,artifact,common,Doctor Who,WHO,True,2023-10-13,2023,[],0,1.0,,,1.0,,[],False,"{2}, {T}, Sacrifice this artifact: Search your library for a basic land card, put that card onto the battlefield tapped, then shuffle.",True,94.0
ash barrens,land,uncommon,Doctor Who,WHO,True,2023-10-13,2023,"['Basic landcycling', 'Cycling', 'Landcycling']",3,0.0,,,0.0,,[],False,"{T}: Add {C}.
Basic landcycling {1} ({1}, Discard this card: Search your library for a basic land card, reveal it, put it into your hand, then shuffle.)",True,184.0
canopy vista,land — forest plains,rare,Doctor Who,WHO,True,2023-10-13,2023,[],0,0.0,,,0.0,,[],False,"({T}: Add {G} or {W}.)
This land enters tapped unless you control two or more basic lands.",True,103.0
canyon slough,land — swamp mountain,rare,Doctor Who,WHO,True,2023-10-13,2023,['Cycling'],1,0.0,,,0.0,,[],False,"({T}: Add {B} or {R}.)
This land enters tapped.
Cycling {2} ({2}, Discard this card: Draw a card.)",True,789.0
celestial colonnade,land,rare,Doctor Who,WHO,True,2023-10-13,2023,[],0,0.0,,,0.0,,[],False,"This land enters tapped.
{T}: Add {W} or {U}.
{3}{W}{U}: Until end of turn, this land becomes a 4/4 white and blue Elemental creature with flying and vigilance. It's still a land.",True,5210.0
choked estuary,land,rare,Doctor Who,WHO,True,2023-10-13,2023,[],0,0.0,,,0.0,,[],False,"As this land enters, you may reveal an Island or Swamp card from your hand. If you don't, this land enters tapped.
{T}: Add {U} or {B}.",True,273.0
cinder glade,land — mountain forest,rare,Doctor Who,WHO,True,2023-10-13,2023,[],0,0.0,,,0.0,,[],False,"({T}: Add {R} or {G}.)
This land enters tapped unless you control two or more basic lands.",True,84.0
command tower,land,common,Doctor Who,WHO,True,2023-10-13,2023,[],0,0.0,,,0.0,,[],False,{T}: Add one mana of any color in your commander's color identity.,True,2.0
command tower,land,common,Doctor Who,WHO,True,2023-10-13,2023,[],0,0.0,,,0.0,,[],False,{T}: Add one mana of any color in your commander's color identity.,True,2.0
command tower,land,common,Doctor Who,WHO,True,2023-10-13,2023,[],0,0.0,,,0.0,,[],False,{T}: Add one mana of any color in your commander's color identity.,True,2.0
command tower,land,common,Doctor Who,WHO,True,2023-10-13,2023,[],0,0.0,,,0.0,,[],False,{T}: Add one mana of any color in your commander's color identity.,True,2.0
creeping tar pit,land,rare,Doctor Who,WHO,True,2023-10-13,2023,[],0,0.0,,,0.0,,[],False,"This land enters tapped.
{T}: Add {U} or {B}.
{1}{U}{B}: This land becomes a 3/2 blue and black Elemental creature until end of turn and can't be blocked this turn. It's still a land.",True,2569.0
crumbling necropolis,land,uncommon,Doctor Who,WHO,True,2023-10-13,2023,[],0,0.0,,,0.0,,[],False,"This land enters tapped.
{T}: Add {U}, {B}, or {R}.",True,330.0
darkwater catacombs,land,rare,Doctor Who,WHO,True,2023-10-13,2023,[],0,0.0,,,0.0,,[],False,"{1}, {T}: Add {U}{B}.",True,294.0
deserted beach,land,rare,Doctor Who,WHO,True,2023-10-13,2023,[],0,0.0,,,0.0,,[],False,"This land enters tapped unless you control two or more other lands.
{T}: Add {W} or {U}.",True,274.0
desolate lighthouse,land,rare,Doctor Who,WHO,True,2023-10-13,2023,[],0,0.0,,,0.0,,[],False,"{T}: Add {C}.
{1}{U}{R}, {T}: Draw a card, then discard a card.",True,1967.0
dragonskull summit,land,rare,Doctor Who,WHO,True,2023-10-13,2023,[],0,0.0,,,0.0,,[],False,"This land enters tapped unless you control a Swamp or a Mountain.
{T}: Add {B} or {R}.",True,99.0
dreamroot cascade,land,rare,Doctor Who,WHO,True,2023-10-13,2023,[],0,0.0,,,0.0,,[],False,"This land enters tapped unless you control two or more other lands.
{T}: Add {G} or {U}.",True,196.0
drowned catacomb,land,rare,Doctor Who,WHO,True,2023-10-13,2023,[],0,0.0,,,0.0,,[],False,"This land enters tapped unless you control an Island or a Swamp.
{T}: Add {U} or {B}.",True,114.0
evolving wilds,land,common,Doctor Who,WHO,True,2023-10-13,2023,[],0,0.0,,,0.0,,[],False,"{T}, Sacrifice this land: Search your library for a basic land card, put it onto the battlefield tapped, then shuffle.",True,16.0
exotic orchard,land,rare,Doctor Who,WHO,True,2023-10-13,2023,[],0,0.0,,,0.0,,[],False,{T}: Add one mana of any color that a land an opponent controls could produce.,True,9.0
fetid pools,land — island swamp,rare,Doctor Who,WHO,True,2023-10-13,2023,['Cycling'],1,0.0,,,0.0,,[],False,"({T}: Add {U} or {B}.)
This land enters tapped.
Cycling {2} ({2}, Discard this card: Draw a card.)",True,827.0
fiery islet,land,rare,Doctor Who,WHO,True,2023-10-13,2023,[],0,0.0,,,0.0,,[],False,"{T}, Pay 1 life: Add {U} or {R}.
{1}, {T}, Sacrifice this land: Draw a card.",True,773.0
foreboding ruins,land,rare,Doctor Who,WHO,True,2023-10-13,2023,[],0,0.0,,,0.0,,[],False,"As this land enters, you may reveal a Swamp or Mountain card from your hand. If you don't, this land enters tapped.
{T}: Add {B} or {R}.",True,307.0
fortified village,land,rare,Doctor Who,WHO,True,2023-10-13,2023,[],0,0.0,,,0.0,,[],False,"As this land enters, you may reveal a Forest or Plains card from your hand. If you don't, this land enters tapped.
{T}: Add {G} or {W}.",True,326.0
frontier bivouac,land,uncommon,Doctor Who,WHO,True,2023-10-13,2023,[],0,0.0,,,0.0,,[],False,"This land enters tapped.
{T}: Add {G}, {U}, or {R}.",True,389.0
frostboil snarl,land,rare,Doctor Who,WHO,True,2023-10-13,2023,[],0,0.0,,,0.0,,[],False,"As this land enters, you may reveal an Island or Mountain card from your hand. If you don't, this land enters tapped.
{T}: Add {U} or {R}.",True,342.0
furycalm snarl,land,rare,Doctor Who,WHO,True,2023-10-13,2023,[],0,0.0,,,0.0,,[],False,"As this land enters, you may reveal a Mountain or Plains card from your hand. If you don't, this land enters tapped.
{T}: Add {R} or {W}.",True,359.0
game trail,land,rare,Doctor Who,WHO,True,2023-10-13,2023,[],0,0.0,,,0.0,,[],False,"As this land enters, you may reveal a Mountain or Forest card from your hand. If you don't, this land enters tapped.
{T}: Add {R} or {G}.",True,334.0
glacial fortress,land,rare,Doctor Who,WHO,True,2023-10-13,2023,[],0,0.0,,,0.0,,[],False,"This land enters tapped unless you control a Plains or an Island.
{T}: Add {W} or {U}.",True,111.0
haunted ridge,land,rare,Doctor Who,WHO,True,2023-10-13,2023,[],0,0.0,,,0.0,,[],False,"This land enters tapped unless you control two or more other lands.
{T}: Add {B} or {R}.",True,272.0
horizon canopy,land,rare,Doctor Who,WHO,True,2023-10-13,2023,[],0,0.0,,,0.0,,[],False,"{T}, Pay 1 life: Add {G} or {W}.
{1}, {T}, Sacrifice this land: Draw a card.",True,1561.0
irrigated farmland,land — plains island,rare,Doctor Who,WHO,True,2023-10-13,2023,['Cycling'],1,0.0,,,0.0,,[],False,"({T}: Add {W} or {U}.)
This land enters tapped.
Cycling {2} ({2}, Discard this card: Draw a card.)",True,770.0
lavaclaw reaches,land,rare,Doctor Who,WHO,True,2023-10-13,2023,[],0,0.0,,,0.0,,[],False,"This land enters tapped.
{T}: Add {B} or {R}.
{1}{B}{R}: Until end of turn, this land becomes a 2/2 black and red Elemental creature with ""{X}: This creature gets +X/+0 until end of turn."" It's still a land.",True,6973.0
myriad landscape,land,uncommon,Doctor Who,WHO,True,2023-10-13,2023,[],0,0.0,,,0.0,,[],False,"This land enters tapped.
{T}: Add {C}.
{2}, {T}, Sacrifice this land: Search your library for up to two basic land cards that share a land type, put them onto the battlefield tapped, then shuffle.",True,22.0
mystic monastery,land,uncommon,Doctor Who,WHO,True,2023-10-13,2023,[],0,0.0,,,0.0,,[],False,"This land enters tapped.
{T}: Add {U}, {R}, or {W}.",True,369.0
overgrown farmland,land,rare,Doctor Who,WHO,True,2023-10-13,2023,[],0,0.0,,,0.0,,[],False,"This land enters tapped unless you control two or more other lands.
{T}: Add {G} or {W}.",True,297.0
path of ancestry,land,common,Doctor Who,WHO,True,2023-10-13,2023,['Scry'],1,0.0,,,0.0,,[],False,"This land enters tapped.
{T}: Add one mana of any color in your commander's color identity. When that mana is spent to cast a creature spell that shares a creature type with your commander, scry 1. (Look at the top card of your library. You may put that card on the bottom.)",True,14.0
port town,land,rare,Doctor Who,WHO,True,2023-10-13,2023,[],0,0.0,,,0.0,,[],False,"As this land enters, you may reveal a Plains or Island card from your hand. If you don't, this land enters tapped.
{T}: Add {W} or {U}.",True,328.0
prairie stream,land — plains island,rare,Doctor Who,WHO,True,2023-10-13,2023,[],0,0.0,,,0.0,,[],False,"({T}: Add {W} or {U}.)
This land enters tapped unless you control two or more basic lands.",True,105.0
reliquary tower,land,uncommon,Doctor Who,WHO,True,2023-10-13,2023,[],0,0.0,,,0.0,,[],False,"You have no maximum hand size.
{T}: Add {C}.",True,10.0
river of tears,land,rare,Doctor Who,WHO,True,2023-10-13,2023,[],0,0.0,,,0.0,,[],False,"{T}: Add {U}. If you played a land this turn, add {B} instead.",True,2261.0
rockfall vale,land,rare,Doctor Who,WHO,True,2023-10-13,2023,[],0,0.0,,,0.0,,[],False,"This land enters tapped unless you control two or more other lands.
{T}: Add {R} or {G}.",True,201.0
rogue's passage,land,uncommon,Doctor Who,WHO,True,2023-10-13,2023,[],0,0.0,,,0.0,,[],False,"{T}: Add {C}.
{4}, {T}: Target creature can't be blocked this turn.",True,19.0
rootbound crag,land,rare,Doctor Who,WHO,True,2023-10-13,2023,[],0,0.0,,,0.0,,[],False,"This land enters tapped unless you control a Mountain or a Forest.
{T}: Add {R} or {G}.",True,144.0
scattered groves,land — forest plains,rare,Doctor Who,WHO,True,2023-10-13,2023,['Cycling'],1,0.0,,,0.0,,[],False,"({T}: Add {G} or {W}.)
This land enters tapped.
Cycling {2} ({2}, Discard this card: Draw a card.)",True,835.0
seaside citadel,land,uncommon,Doctor Who,WHO,True,2023-10-13,2023,[],0,0.0,,,0.0,,[],False,"This land enters tapped.
{T}: Add {G}, {W}, or {U}.",True,404.0
shadowblood ridge,land,rare,Doctor Who,WHO,True,2023-10-13,2023,[],0,0.0,,,0.0,,[],False,"{1}, {T}: Add {B}{R}.",True,418.0
sheltered thicket,land — mountain forest,rare,Doctor Who,WHO,True,2023-10-13,2023,['Cycling'],1,0.0,,,0.0,,[],False,"({T}: Add {R} or {G}.)
This land enters tapped.
Cycling {2} ({2}, Discard this card: Draw a card.)",True,671.0
shipwreck marsh,land,rare,Doctor Who,WHO,True,2023-10-13,2023,[],0,0.0,,,0.0,,[],False,"This land enters tapped unless you control two or more other lands.
{T}: Add {U} or {B}.",True,213.0
skycloud expanse,land,rare,Doctor Who,WHO,True,2023-10-13,2023,[],0,0.0,,,0.0,,[],False,"{1}, {T}: Add {W}{U}.",True,363.0
smoldering marsh,land — swamp mountain,rare,Doctor Who,WHO,True,2023-10-13,2023,[],0,0.0,,,0.0,,[],False,"({T}: Add {B} or {R}.)
This land enters tapped unless you control two or more basic lands.",True,104.0
stormcarved coast,land,rare,Doctor Who,WHO,True,2023-10-13,2023,[],0,0.0,,,0.0,,[],False,"This land enters tapped unless you control two or more other lands.
{T}: Add {U} or {R}.",True,221.0
sunbaked canyon,land,rare,Doctor Who,WHO,True,2023-10-13,2023,[],0,0.0,,,0.0,,[],False,"{T}, Pay 1 life: Add {R} or {W}.
{1}, {T}, Sacrifice this land: Draw a card.",True,1487.0
sundown pass,land,rare,Doctor Who,WHO,True,2023-10-13,2023,[],0,0.0,,,0.0,,[],False,"This land enters tapped unless you control two or more other lands.
{T}: Add {R} or {W}.",True,306.0
sungrass prairie,land,rare,Doctor Who,WHO,True,2023-10-13,2023,[],0,0.0,,,0.0,,[],False,"{1}, {T}: Add {G}{W}.",True,437.0
sunken hollow,land — island swamp,rare,Doctor Who,WHO,True,2023-10-13,2023,[],0,0.0,,,0.0,,[],False,"({T}: Add {U} or {B}.)
This land enters tapped unless you control two or more basic lands.",True,80.0
temple of abandon,land,rare,Doctor Who,WHO,True,2023-10-13,2023,['Scry'],1,0.0,,,0.0,,[],False,"This land enters tapped.
When this land enters, scry 1. (Look at the top card of your library. You may put that card on the bottom.)
{T}: Add {R} or {G}.",True,429.0
temple of deceit,land,rare,Doctor Who,WHO,True,2023-10-13,2023,['Scry'],1,0.0,,,0.0,,[],False,"This land enters tapped.
When this land enters, scry 1. (Look at the top card of your library. You may put that card on the bottom.)
{T}: Add {U} or {B}.",True,289.0
temple of enlightenment,land,rare,Doctor Who,WHO,True,2023-10-13,2023,['Scry'],1,0.0,,,0.0,,[],False,"This land enters tapped.
When this land enters, scry 1. (Look at the top card of your library. You may put that card on the bottom.)
{T}: Add {W} or {U}.",True,292.0
temple of epiphany,land,rare,Doctor Who,WHO,True,2023-10-13,2023,['Scry'],1,0.0,,,0.0,,[],False,"This land enters tapped.
When this land enters, scry 1. (Look at the top card of your library. You may put that card on the bottom.)
{T}: Add {U} or {R}.",True,258.0
temple of malice,land,rare,Doctor Who,WHO,True,2023-10-13,2023,['Scry'],1,0.0,,,0.0,,[],False,"This land enters tapped.
When this land enters, scry 1. (Look at the top card of your library. You may put that card on the bottom.)
{T}: Add {B} or {R}.",True,378.0
temple of mystery,land,rare,Doctor Who,WHO,True,2023-10-13,2023,['Scry'],1,0.0,,,0.0,,[],False,"This land enters tapped.
When this land enters, scry 1. (Look at the top card of your library. You may put that card on the bottom.)
{T}: Add {G} or {U}.",True,282.0
temple of plenty,land,rare,Doctor Who,WHO,True,2023-10-13,2023,['Scry'],1,0.0,,,0.0,,[],False,"This land enters tapped.
When this land enters, scry 1. (Look at the top card of your library. You may put that card on the bottom.)
{T}: Add {G} or {W}.",True,444.0
temple of the false god,land,uncommon,Doctor Who,WHO,True,2023-10-13,2023,[],0,0.0,,,0.0,,[],False,{T}: Add {C}{C}. Activate only if you control five or more lands.,True,61.0
temple of triumph,land,rare,Doctor Who,WHO,True,2023-10-13,2023,['Scry'],1,0.0,,,0.0,,[],False,"This land enters tapped.
When this land enters, scry 1. (Look at the top card of your library. You may put that card on the bottom.)
{T}: Add {R} or {W}.",True,277.0
terramorphic expanse,land,common,Doctor Who,WHO,True,2023-10-13,2023,[],0,0.0,,,0.0,,[],False,"{T}, Sacrifice this land: Search your library for a basic land card, put it onto the battlefield tapped, then shuffle.",True,27.0
thespian's stage,land,rare,Doctor Who,WHO,True,2023-10-13,2023,[],0,0.0,,,0.0,,[],False,"{T}: Add {C}.
{2}, {T}: This land becomes a copy of target land, except it has this ability.",True,531.0
thriving bluff,land,common,Doctor Who,WHO,True,2023-10-13,2023,[],0,0.0,,,0.0,,[],False,"This land enters tapped. As it enters, choose a color other than red.
{T}: Add {R} or one mana of the chosen color.",True,1288.0
thriving grove,land,common,Doctor Who,WHO,True,2023-10-13,2023,[],0,0.0,,,0.0,,[],False,"This land enters tapped. As it enters, choose a color other than green.
{T}: Add {G} or one mana of the chosen color.",True,1423.0
thriving heath,land,common,Doctor Who,WHO,True,2023-10-13,2023,[],0,0.0,,,0.0,,[],False,"This land enters tapped. As it enters, choose a color other than white.
{T}: Add {W} or one mana of the chosen color.",True,1157.0
thriving isle,land,common,Doctor Who,WHO,True,2023-10-13,2023,[],0,0.0,,,0.0,,[],False,"This land enters tapped. As it enters, choose a color other than blue.
{T}: Add {U} or one mana of the chosen color.",True,1176.0
thriving moor,land,common,Doctor Who,WHO,True,2023-10-13,2023,[],0,0.0,,,0.0,,[],False,"This land enters tapped. As it enters, choose a color other than black.
{T}: Add {B} or one mana of the chosen color.",True,1377.0
vineglimmer snarl,land,rare,Doctor Who,WHO,True,2023-10-13,2023,[],0,0.0,,,0.0,,[],False,"As this land enters, you may reveal a Forest or Island card from your hand. If you don't, this land enters tapped.
{T}: Add {G} or {U}.",True,540.0
war room,land,rare,Doctor Who,WHO,True,2023-10-13,2023,[],0,0.0,,,0.0,,[],False,"{T}: Add {C}.
{3}, {T}, Pay life equal to the number of colors in your commanders' color identity: Draw a card.",True,145.0
waterlogged grove,land,rare,Doctor Who,WHO,True,2023-10-13,2023,[],0,0.0,,,0.0,,[],False,"{T}, Pay 1 life: Add {G} or {U}.
{1}, {T}, Sacrifice this land: Draw a card.",True,972.0
clara oswald,legendary creature — human advisor,rare,Doctor Who,WHO,True,2023-10-13,2023,"[""Doctor's companion"", 'Impossible Girl']",2,6.0,2.0,6.0,14.0,,[],False,"Impossible Girl - If Clara Oswald is your commander, choose a color before the game begins. Clara Oswald is the chosen color.
If a triggered ability of a Doctor you control triggers, that ability triggers an additional time.
Doctor's companion (You can have two commanders if the other is the Doctor.)",True,11120.0
adipose offspring,creature — alien,rare,Doctor Who,WHO,True,2023-10-13,2023,['Emerge'],1,4.0,2.0,2.0,8.0,,['W'],False,"Emerge {5}{W} (You may cast this spell by sacrificing a creature and paying the emerge cost reduced by that creature's mana value.)
When this creature enters, create a 2/2 white Alien creature token. If this creature's emerge cost was paid, instead create X of those tokens, where X is the sacrificed creature's toughness.",True,16103.0
astrid peth,legendary creature — human,rare,Doctor Who,WHO,True,2023-10-13,2023,"['Brand-new Sky', 'Explore', 'Food']",3,2.0,2.0,2.0,6.0,,['W'],False,"Whenever Astrid Peth enters or attacks, create a Food token.
Brand-new Sky - Whenever you sacrifice a Clue or Food, Astrid Peth explores. (Reveal the top card of your library. Put that card into your hand if it's a land. Otherwise, put a +1/+1 counter on this creature, then put the card back or put it into your graveyard.)",True,5255.0
barbara wright,legendary creature — human advisor,rare,Doctor Who,WHO,True,2023-10-13,2023,"[""Doctor's companion"", 'History Teacher']",2,2.0,1.0,3.0,6.0,,['W'],False,"History Teacher - Sagas you control have read ahead. (As a Saga enters, choose a chapter and start with that many lore counters. Skipped chapters don't trigger.)
Doctor's companion (You can have two commanders if the other is the Doctor.)",True,6921.0
crack in time,enchantment,rare,Doctor Who,WHO,True,2023-10-13,2023,['Vanishing'],1,4.0,,,4.0,,['W'],False,"Vanishing 3 (This enchantment enters with three time counters on it. At the beginning of your upkeep, remove a time counter from it. When the last is removed, sacrifice it.)
When this enchantment enters and at the beginning of your first main phase, exile target creature an opponent controls until this enchantment leaves the battlefield.",True,12038.0
crisis of conscience,sorcery,rare,Doctor Who,WHO,True,2023-10-13,2023,[],0,6.0,,,6.0,,['W'],False,"Choose one -
• Destroy all tokens.
• Destroy all nonland, nontoken permanents.",True,11297.0
everybody lives!,instant,rare,Doctor Who,WHO,True,2023-10-13,2023,[],0,2.0,,,2.0,,['W'],False,All creatures gain hexproof and indestructible until end of turn. Players gain hexproof until end of turn. Players can't lose life this turn and players can't lose the game or win the game this turn.,True,1892.0
everything comes to dust,sorcery,rare,Doctor Who,WHO,True,2023-10-13,2023,['Convoke'],1,10.0,,,10.0,,['W'],False,"Convoke (Your creatures can help cast this spell. Each creature you tap while casting this spell pays for {1} or one mana of that creature's color.)
Exile all creatures except those that share a creature type with a creature that convoked this spell, all artifacts, and all enchantments.",True,4115.0
four knocks,enchantment,rare,Doctor Who,WHO,True,2023-10-13,2023,['Vanishing'],1,3.0,,,3.0,,['W'],False,"Vanishing 4 (This enchantment enters with four time counters on it. At the beginning of your upkeep, remove a time counter from it. When the last is removed, sacrifice it.)
At the beginning of your first main phase, draw a card.",True,7560.0
ian chesterton,legendary creature — human scientist,rare,Doctor Who,WHO,True,2023-10-13,2023,"[""Doctor's companion"", 'Science Teacher']",2,3.0,2.0,3.0,8.0,,['W'],False,"Science Teacher - Each Saga spell you cast has replicate. The replicate cost is equal to its mana cost. (When you cast that Saga, copy it for each time you paid its replicate cost. Copies of Saga spells become tokens.)
Doctor's companion (You can have two commanders if the other is the Doctor.)",True,11345.0
jo grant,legendary creature — human soldier,rare,Doctor Who,WHO,True,2023-10-13,2023,"[""Doctor's companion""]",1,3.0,3.0,2.0,8.0,,['W'],False,"Each historic card in your hand has cycling {2}{W}. ({2}{W}, Discard that card: Draw a card.)
Whenever you cycle a card, put a +1/+1 counter on Jo Grant.
Doctor's companion (You can have two commanders if the other is the Doctor.)",True,14210.0
the pandorica,legendary artifact,rare,Doctor Who,WHO,True,2023-10-13,2023,[],0,3.0,,,3.0,,['W'],False,"You may choose not to untap The Pandorica during your untap step.
{1}{W}, {T}: Untap another target nonland permanent, then it phases out. It can't phase in for as long as The Pandorica remains tapped. When The Pandorica becomes untapped or leaves the battlefield, that permanent phases in. Activate only as a sorcery.",True,12068.0
peri brown,legendary creature — human,rare,Doctor Who,WHO,True,2023-10-13,2023,"[""Doctor's companion""]",1,4.0,2.0,3.0,9.0,,['W'],False,"The first historic spell you cast each turn has convoke. (Your creatures can help cast it. Each creature you tap while casting it pays for {1} or one mana of that creature's color.)
Doctor's companion (You can have two commanders if the other is the Doctor.)",True,11613.0
romana ii,legendary creature — time lord scientist,rare,Doctor Who,WHO,True,2023-10-13,2023,"[""Doctor's companion"", 'Vigilance']",2,4.0,3.0,3.0,10.0,,['W'],False,"Vigilance
{1}, {T}: Create a tapped token that's a copy of target token that entered this turn.
Doctor's companion (You can have two commanders if the other is the Doctor.)",True,14062.0
rose tyler,legendary creature — human,rare,Doctor Who,WHO,True,2023-10-13,2023,"['Bad Wolf', ""Doctor's companion""]",2,2.0,2.0,2.0,6.0,,['W'],False,"Rose Tyler gets +1/+1 for each time counter on it.
Bad Wolf - Whenever Rose Tyler attacks, put a time counter on it for each suspended card you own and each other permanent you control with a time counter on it.
Doctor's companion (You can have two commanders if the other is the Doctor.)",True,15095.0
sarah jane smith,legendary creature — human detective,rare,Doctor Who,WHO,True,2023-10-13,2023,"[""Doctor's companion"", 'Investigate']",2,2.0,2.0,1.0,5.0,,['W'],False,"Whenever you cast a historic spell, investigate. This ability triggers only once each turn. (Artifacts, legendaries, and Sagas are historic. To investigate, create a Clue token. It's an artifact with ""{2}, Sacrifice this token: Draw a card."")
Doctor's companion (You can have two commanders if the other is the Doctor.)",True,7821.0
tegan jovanka,legendary creature — human,rare,Doctor Who,WHO,True,2023-10-13,2023,"['Brave Heart', ""Doctor's companion""]",2,3.0,2.0,2.0,7.0,,['W'],False,"Brave Heart - Whenever you attack, target attacking historic creature gets +1/+1 and gains indestructible until end of turn. (Artifacts, legendaries, and Sagas are historic.)
Doctor's companion (You can have two commanders if the other is the Doctor.)",True,10709.0
the wedding of river song,sorcery,rare,Doctor Who,WHO,True,2023-10-13,2023,['Time Travel'],1,3.0,,,3.0,,['W'],False,"Draw two cards, then you may exile a nonland card from your hand with a number of time counters on it equal to its mana value. Then target opponent does the same. Cards exiled this way that don't have suspend gain suspend.
Time travel. (For each suspended card you own and each permanent you control with a time counter on it, you may add or remove a time counter.)",True,9719.0
wilfred mott,legendary creature — human soldier,rare,Doctor Who,WHO,True,2023-10-13,2023,['Look to the Stars'],1,4.0,2.0,4.0,10.0,,['W'],False,"Look to the Stars - At the beginning of your upkeep, put a time counter on Wilfred Mott. Then look at the top X cards of your library, where X is the number of time counters on Wilfred Mott. You may put a nonland permanent card with mana value 3 or less from among them onto the battlefield. Put the rest on the bottom of your library in a random order.",True,11177.0
"adric, mathematical genius",legendary creature — human artificer,rare,Doctor Who,WHO,True,2023-10-13,2023,"[""Doctor's companion"", 'Ultimate Sacrifice']",2,2.0,1.0,1.0,4.0,,['U'],False,"{2}{U}, {T}: Copy target activated or triggered ability you control. You may choose new targets for the copy.
Ultimate Sacrifice - {1}{U}, Sacrifice Adric: Counter target activated or triggered ability.
Doctor's companion (You can have two commanders if the other is the Doctor.)",True,7140.0
"all of history, all at once",sorcery,rare,Doctor Who,WHO,True,2023-10-13,2023,"['Storm', 'Time Travel']",2,4.0,,,4.0,,['U'],False,"Time travel. (For each suspended card you own and each permanent you control with a time counter on it, you may add or remove a time counter.)
Storm (When you cast this spell, copy it for each spell cast before it this turn.)",True,8469.0
auton soldier,artifact creature — alien soldier,rare,Doctor Who,WHO,True,2023-10-13,2023,[],0,6.0,0.0,0.0,6.0,,['U'],False,"You may have this creature enter as a copy of any creature on the battlefield, except it isn't legendary, is an artifact in addition to its other types, and has myriad. (Whenever it attacks, for each opponent other than defending player, you may create a token copy that's tapped and attacking that player or a planeswalker they control. Exile the tokens at end of combat.)",True,1942.0
become the pilot,enchantment — aura,rare,Doctor Who,WHO,True,2023-10-13,2023,['Enchant'],1,5.0,,,5.0,,['U'],False,"Enchant noncommander creature
You control enchanted creature.
Enchanted creature gets +2/+2 and can't be blocked unless it's attacking its owner or a permanent its owner controls.",True,15375.0
cyber conversion,instant,rare,Doctor Who,WHO,True,2023-10-13,2023,[],0,2.0,,,2.0,,['U'],False,Turn target creature face down. It's a 2/2 Cyberman artifact creature.,True,4078.0
danny pink,legendary creature — human soldier advisor,rare,Doctor Who,WHO,True,2023-10-13,2023,['Mentor'],1,4.0,4.0,3.0,11.0,,['U'],False,"Mentor (Whenever this creature attacks, put a +1/+1 counter on target attacking creature with lesser power.)
Creatures you control have ""Whenever one or more counters are put on this creature for the first time each turn, draw a card.""",True,2754.0
five hundred year diary,legendary artifact — clue,rare,Doctor Who,WHO,True,2023-10-13,2023,[],0,4.0,,,4.0,,['U'],False,"Five Hundred Year Diary enters tapped.
{T}: Add {U} for each Clue you control.
{2}, Sacrifice Five Hundred Year Diary: Draw a card.",True,5227.0
flatline,instant,rare,Doctor Who,WHO,True,2023-10-13,2023,[],0,3.0,,,3.0,,['U'],False,Creatures your opponents control have base power and toughness 0/1 until end of turn.,True,6346.0
flesh duplicate,creature — shapeshifter rebel,rare,Doctor Who,WHO,True,2023-10-13,2023,[],0,2.0,0.0,0.0,2.0,,['U'],False,"You may have this creature enter as a copy of any creature on the battlefield, except it has vanishing 3 if that creature doesn't have vanishing. (A permanent with vanishing 3 enters with three time counters on it. At the beginning of your upkeep, remove a time counter from it. When the last is removed, sacrifice it.)",True,2320.0
the flood of mars,creature — alien zombie horror,rare,Doctor Who,WHO,True,2023-10-13,2023,"['Islandwalk', 'Landwalk', 'Water Always Wins']",3,4.0,3.0,3.0,10.0,,['U'],False,"Islandwalk (This creature can't be blocked as long as defending player controls an Island.)
Water Always Wins - Whenever this creature attacks, put a flood counter on another target creature or land. If it's a creature, it becomes a copy of this creature. If it's a land, it becomes an Island in addition to its other types.",True,7630.0
hunted by the family,sorcery,rare,Doctor Who,WHO,True,2023-10-13,2023,[],0,7.0,,,7.0,,['U'],False,"Choose up to four target creatures you don't control. For each of them, that creature's controller faces a villainous choice - That creature becomes a 1/1 white Human creature and loses all abilities, or you create a token that's a copy of it.",True,9393.0
"k-9, mark i",legendary artifact creature — robot dog,rare,Doctor Who,WHO,True,2023-10-13,2023,"['Affirmative', ""Doctor's companion"", 'Negative']",3,1.0,1.0,1.0,3.0,,['U'],False,"Negative - As long as K-9 is untapped, other legendary creatures you control have ward {1}.
Affirmative - {1}{U}, {T}: Target legendary creature can't be blocked this turn.
Doctor's companion (You can have two commanders if the other is the Doctor.)",True,3030.0
martha jones,legendary creature — human cleric,rare,Doctor Who,WHO,True,2023-10-13,2023,"[""Doctor's companion"", 'Investigate', 'Woman Who Walked the Earth']",3,3.0,3.0,2.0,8.0,,['U'],False,"Woman Who Walked the Earth - When Martha Jones enters, investigate. (Create a Clue token. It's an artifact with ""{2}, Sacrifice this token: Draw a card."")
Whenever you sacrifice a Clue, Martha Jones and up to one other target creature can't be blocked this turn.
Doctor's companion (You can have two commanders if the other is the Doctor.)",True,7662.0
nanogene conversion,sorcery,rare,Doctor Who,WHO,True,2023-10-13,2023,[],0,4.0,,,4.0,,['U'],False,"Choose target creature you control. Each other creature becomes a copy of that creature until end of turn, except it isn't legendary.",True,4134.0
"nardole, resourceful cyborg",legendary artifact creature — scientist,rare,Doctor Who,WHO,True,2023-10-13,2023,"[""Doctor's companion"", 'Undying']",2,2.0,1.0,2.0,5.0,,['U'],False,"{T}: Add {U} for each counter on Nardole. Spend this mana only to cast noncreature spells.
Undying (When this creature dies, if it had no +1/+1 counters on it, return it to the battlefield under its owner's control with a +1/+1 counter on it.)
Doctor's companion (You can have two commanders if the other is the Doctor.)",True,14435.0
nyssa of traken,legendary creature — human scientist,rare,Doctor Who,WHO,True,2023-10-13,2023,"[""Doctor's companion"", 'Sonic Booster']",2,4.0,3.0,4.0,11.0,,['U'],False,"You have no maximum hand size.
Sonic Booster - Whenever Nyssa of Traken attacks, sacrifice any number of artifacts. When you sacrifice one or more artifacts this way, tap up to that many target creatures and draw that many cards.
Doctor's companion (You can have two commanders if the other is the Doctor.)",True,11557.0
"osgood, operation double",legendary creature — human alien shapeshifter,rare,Doctor Who,WHO,True,2023-10-13,2023,"['Investigate', 'Paradox']",2,4.0,2.0,2.0,8.0,,['U'],False,"When you cast this spell, create a token that's a copy of it, except it isn't legendary.
{T}: Add {C}. Spend this mana only to cast an artifact spell or activate an ability of an artifact.
Paradox - Whenever you cast a spell from anywhere other than your hand, investigate. (Create a Clue token. It's an artifact with ""{2}, Sacrifice this token: Draw a card."")",True,11778.0
quantum misalignment,sorcery,rare,Doctor Who,WHO,True,2023-10-13,2023,['Rebound'],1,5.0,,,5.0,,['U'],False,"Create a token that's a copy of target creature you control, except it isn't legendary.
Rebound (If you cast this spell from your hand, exile it as it resolves. At the beginning of your next upkeep, you may cast this card from exile without paying its mana cost.)",True,1964.0
reverse the polarity,instant,rare,Doctor Who,WHO,True,2023-10-13,2023,[],0,3.0,,,3.0,,['U'],False,"Choose one -
• Counter all other spells.
• Switch each creature's power and toughness until end of turn.
• Creatures can't be blocked this turn.",True,4376.0
traverse eternity,sorcery,rare,Doctor Who,WHO,True,2023-10-13,2023,[],0,4.0,,,4.0,,['U'],False,"Draw cards equal to the greatest mana value among historic permanents you control. (Artifacts, legendaries, and Sagas are historic.)",True,7379.0
dalek drone,artifact creature — dalek,rare,Doctor Who,WHO,True,2023-10-13,2023,"['Exterminate!', 'Flying', 'Menace']",3,5.0,3.0,3.0,11.0,,['B'],False,"Flying, menace
Exterminate! - When this creature enters, destroy target creature an opponent controls. That player loses 3 life.",True,6618.0
doomsday confluence,sorcery,rare,Doctor Who,WHO,True,2023-10-13,2023,[],0,1.0,,,1.0,,['B'],False,"Choose X. You may choose the same mode more than once.
• Each player sacrifices a nonartifact creature of their choice.
• Create a 3/3 black Dalek artifact creature token with menace.
• Each opponent discards a card.",True,8353.0
this is how it ends,instant,rare,Doctor Who,WHO,True,2023-10-13,2023,[],0,4.0,,,4.0,,['B'],False,"Target creature's owner shuffles it into their library, then faces a villainous choice - They lose 5 life, or they shuffle another creature they own into their library.",True,8140.0
time reaper,creature — alien horror,rare,Doctor Who,WHO,True,2023-10-13,2023,"['Consume Anomaly', 'Flying', 'Haste']",3,5.0,4.0,4.0,13.0,,['B'],False,"Flying, haste
Consume Anomaly - Whenever this creature deals combat damage to a player, put target face-up card they own in exile on the bottom of their library. If you do, you gain 3 life.",True,19455.0
the toymaker's trap,enchantment,rare,Doctor Who,WHO,True,2023-10-13,2023,[],0,3.0,,,3.0,,['B'],False,"At the beginning of your upkeep, secretly choose a number between 1 and 5 that hasn't been chosen. If you do, an opponent guesses which number you chose, then you reveal the number you chose. If they guessed wrong, they lose life equal to the number they guessed and you draw a card. If they guessed right, sacrifice this enchantment.",True,12777.0
vashta nerada,creature — alien horror,rare,Doctor Who,WHO,True,2023-10-13,2023,"['Indestructible', 'Morbid', 'Shadow']",3,3.0,1.0,1.0,5.0,,['B'],False,"Indestructible
Shadow (This creature can block or be blocked by only creatures with shadow.)
Morbid - At the beginning of each end step, if a creature died this turn, put a +1/+1 counter on this creature.",True,4807.0
vislor turlough,legendary creature — rogue,rare,Doctor Who,WHO,True,2023-10-13,2023,"['Deal with the Black Guardian', ""Doctor's companion"", 'Goad']",3,4.0,2.0,5.0,11.0,,['B'],False,"Deal with the Black Guardian - When Vislor Turlough enters, you may have an opponent gain control of it. If you do, it's goaded for as long as they control it.
At the beginning of your end step, draw a card, then you lose life equal to the number of cards in your hand.
Doctor's companion (You can have two commanders if the other is the Doctor.)",True,11445.0
amy pond,legendary creature — human,rare,Doctor Who,WHO,True,2023-10-13,2023,"[""Doctor's companion"", 'Partner', 'Partner with']",3,3.0,2.0,2.0,7.0,,['R'],False,"Partner with Rory Williams (When this creature enters, target player may put Rory into their hand from their library, then shuffle.)
Whenever Amy Pond deals combat damage to a player, choose a suspended card you own and remove that many time counters from it.
Doctor's companion (You can have two commanders if the other is the Doctor.)",True,11863.0
bill potts,legendary creature — human,rare,Doctor Who,WHO,True,2023-10-13,2023,"[""Doctor's companion""]",1,4.0,2.0,4.0,10.0,,['R'],False,"Whenever you cast an instant or sorcery spell that targets only Bill Potts or activate an ability that targets only Bill Potts, copy that spell or ability. You may choose new targets for the copy. This ability triggers only once each turn.
Doctor's companion (You can have two commanders if the other is the Doctor.)",True,20945.0
dan lewis,legendary creature — human,rare,Doctor Who,WHO,True,2023-10-13,2023,"[""Doctor's companion""]",1,2.0,2.0,2.0,6.0,,['R'],False,"Noncreature, non-Equipment artifacts you control are Equipment in addition to their other types and have ""Equipped creature gets +1/+0"" and equip {1}.
Doctor's companion (You can have two commanders if the other is the Doctor.)",True,16712.0
delete,sorcery,rare,Doctor Who,WHO,True,2023-10-13,2023,[],0,2.0,,,2.0,,['R'],False,Delete deals X damage to each nonartifact creature and each player.,True,4869.0
donna noble,legendary creature — human,rare,Doctor Who,WHO,True,2023-10-13,2023,"[""Doctor's companion"", 'Soulbond']",2,4.0,2.0,4.0,10.0,,['R'],False,"Soulbond (You may pair this creature with another unpaired creature when either enters. They remain paired for as long as you control both of them.)
Whenever Donna Noble or a creature it's paired with is dealt damage, Donna Noble deals that much damage to target opponent.
Doctor's companion (You can have two commanders if the other is the Doctor.)",True,9998.0
ecstatic beauty,sorcery,rare,Doctor Who,WHO,True,2023-10-13,2023,['Suspend'],1,3.0,,,3.0,,['R'],False,"Exile the top three cards of your library. You may play those cards until end of turn. Put four time counters on each of those cards that has suspend.
Suspend 4-{R}",True,9433.0
ensnared by the mara,sorcery,rare,Doctor Who,WHO,True,2023-10-13,2023,[],0,4.0,,,4.0,,['R'],False,"Each opponent faces a villainous choice - They exile cards from the top of their library until they exile a nonland card, then you may cast that card without paying its mana cost, or that player exiles the top four cards of their library and Ensnared by the Mara deals damage equal to the total mana value of those exiled cards to that player.",True,3426.0
flaming tyrannosaurus,creature — dinosaur,rare,Doctor Who,WHO,True,2023-10-13,2023,"['Menace', 'Paradox']",2,7.0,5.0,5.0,17.0,,['R'],False,"Menace
Paradox - Whenever you cast a spell from anywhere other than your hand, this creature deals 3 damage to any target. Then put a +1/+1 counter on this creature.
When this creature dies, it deals damage equal to its power to each opponent.",True,2964.0
impending flux,sorcery,rare,Doctor Who,WHO,True,2023-10-13,2023,"['Foretell', 'Paradox']",2,3.0,,,3.0,,['R'],False,"Paradox - Impending Flux deals X damage to each opponent and each creature they control, where X is 1 plus the number of spells you've cast from anywhere other than your hand this turn.
Foretell {1}{R}{R} (During your turn, you may pay {2} and exile this card from your hand face down. Cast it on a later turn for its foretell cost.)",True,8460.0
into the time vortex,sorcery,rare,Doctor Who,WHO,True,2023-10-13,2023,"['Cascade', 'Rebound']",2,5.0,,,5.0,,['R'],False,"Cascade (When you cast this spell, exile cards from the top of your library until you exile a nonland card that costs less. You may cast it without paying its mana cost. Put the exiled cards on the bottom in a random order.)
Rebound (If you cast this spell from your hand, exile it as it resolves. At the beginning of your next upkeep, you may cast this card from exile without paying its mana cost.)",True,5334.0
return the past,enchantment,rare,Doctor Who,WHO,True,2023-10-13,2023,[],0,6.0,,,6.0,,['R'],False,"During your turn, each instant and sorcery card in your graveyard has flashback. Its flashback cost is equal to its mana cost.",True,8163.0
rms titanic,legendary artifact — vehicle,rare,Doctor Who,WHO,True,2023-10-13,2023,"['Crew', 'Flying', 'Trample', 'Treasure']",4,4.0,7.0,1.0,12.0,,['R'],False,"Flying, trample
When RMS Titanic deals combat damage to a player, sacrifice it and create that many Treasure tokens.
Crew 3 (Tap any number of creatures you control with total power 3 or more: This Vehicle becomes an artifact creature until end of turn.)",True,4793.0
ryan sinclair,legendary creature — human,rare,Doctor Who,WHO,True,2023-10-13,2023,"[""Doctor's companion""]",1,3.0,2.0,2.0,7.0,,['R'],False,"Whenever Ryan attacks, exile cards from the top of your library until you exile a nonland card. You may cast the exiled card without paying its mana cost if it's a spell with mana value less than or equal to Ryan's power. Put the exiled cards not cast this way on the bottom of your library in a random order.
Doctor's companion (You can have two commanders if the other is the Doctor.)",True,11797.0
the sound of drums,enchantment — aura,rare,Doctor Who,WHO,True,2023-10-13,2023,"['Enchant', 'Goad']",2,3.0,,,3.0,,['R'],False,"Enchant creature
Enchanted creature is goaded.
If enchanted creature would deal combat damage to a permanent or player, it deals double that damage instead.
{2}{R}: Return this card from your graveyard to your hand.",True,3289.0
yasmin khan,legendary creature — human detective,rare,Doctor Who,WHO,True,2023-10-13,2023,"[""Doctor's companion""]",1,4.0,3.0,3.0,10.0,,['R'],False,"{T}: Exile the top card of your library. Until your next end step, you may play it.
Doctor's companion (You can have two commanders if the other is the Doctor.)",True,13475.0
"ace, fearless rebel",legendary creature — human rebel,rare,Doctor Who,WHO,True,2023-10-13,2023,"[""Doctor's companion"", 'Fight', 'Nitro-9']",3,4.0,2.0,2.0,8.0,,['G'],False,"Nitro-9 - Whenever Ace attacks, you may sacrifice an artifact. When you do, put a +1/+1 counter on Ace, then it fights up to one target creature defending player controls.
Doctor's companion (You can have two commanders if the other is the Doctor.)",True,18688.0
the five doctors,sorcery,rare,Doctor Who,WHO,True,2023-10-13,2023,['Kicker'],1,6.0,,,6.0,,['G'],False,"Kicker {5} (You may pay an additional {5} as you cast this spell.)
Search your library and/or graveyard for up to five Doctor cards, reveal them, and put them into your hand. If you search your library this way, shuffle. If this spell was kicked, put those cards onto the battlefield instead of putting them into your hand.",True,13063.0
the foretold soldier,creature — alien zombie soldier,rare,Doctor Who,WHO,True,2023-10-13,2023,['Foretell'],1,4.0,6.0,6.0,16.0,,['G'],False,"This creature must be blocked if able.
This creature can't be blocked by more than one creature.
Whenever this creature deals damage, exile it face down. It becomes foretold.
Foretell {1}{G} (During your turn, you may pay {2} and exile this card from your hand face down. Cast it on a later turn for its foretell cost.)",True,9528.0
graham o'brien,legendary creature — human pilot,rare,Doctor Who,WHO,True,2023-10-13,2023,"[""Doctor's companion"", 'Food', 'Paradox']",3,2.0,2.0,2.0,6.0,,['G'],False,"Paradox - Whenever you cast a spell from anywhere other than your hand, create a Food token. (It's an artifact with ""{2}, {T}, Sacrifice this token: You gain 3 life."")
Doctor's companion (You can have two commanders if the other is the Doctor.)",True,13151.0
jamie mccrimmon,legendary creature — human warrior,rare,Doctor Who,WHO,True,2023-10-13,2023,"[""Doctor's companion"", 'Trample']",2,3.0,2.0,2.0,7.0,,['G'],False,"Trample
Whenever you cast a historic spell, Jamie McCrimmon gets +X/+X until end of turn, where X is that spell's mana value. (Artifacts, legendaries, and Sagas are historic.)
Doctor's companion (You can have two commanders if the other is the Doctor.)",True,13543.0
"leela, sevateem warrior",legendary creature — human warrior,rare,Doctor Who,WHO,True,2023-10-13,2023,"[""Doctor's companion""]",1,4.0,3.0,3.0,10.0,,['G'],False,"Whenever an opponent draws a card except the first one they draw in each of their draw steps, put a +1/+1 counter on Leela.
Doctor's companion (You can have two commanders if the other is the Doctor.)",True,16319.0
sisterhood of karn,creature — cleric,rare,Doctor Who,WHO,True,2023-10-13,2023,['Paradox'],1,2.0,0.0,0.0,2.0,,['G'],False,"This creature enters with a +1/+1 counter on it.
Paradox - Whenever you cast a spell from anywhere other than your hand, double the number of +1/+1 counters on this creature.",True,10175.0
susan foreman,legendary creature — time lord,rare,Doctor Who,WHO,True,2023-10-13,2023,"[""Doctor's companion""]",1,2.0,1.0,1.0,4.0,,['G'],False,"If you would planeswalk, instead look at the top two cards of your planar deck, put one on the bottom of your planar deck and the other on top, then planeswalk.
{T}: Add {G}.
Doctor's companion (You can have two commanders if the other is the Doctor.)",True,16797.0
"alistair, the brigadier",legendary creature — human soldier,rare,Doctor Who,WHO,True,2023-10-13,2023,[],0,4.0,3.0,3.0,10.0,,"['G', 'U', 'W']",True,"Whenever you cast a historic spell, create a 1/1 white Soldier creature token. (Artifacts, legendaries, and Sagas are historic.)
Whenever Alistair attacks, you may pay {8}. If you do, creatures you control get +X/+X until end of turn, where X is the number of historic permanents you control.",True,10459.0
"ashad, the lone cyberman",legendary artifact creature — cyberman,rare,Doctor Who,WHO,True,2023-10-13,2023,[],0,4.0,3.0,3.0,10.0,,"['B', 'R', 'U']",True,"The first nonlegendary artifact spell you cast each turn has casualty 2. (As you cast it, you may sacrifice a creature with power 2 or greater. When you do, copy it. A copy of an artifact spell becomes a token.)
Whenever you sacrifice another creature, put a +1/+1 counter on Ashad.",True,11522.0
"the beast, deathless prince",legendary creature — demon,rare,Doctor Who,WHO,True,2023-10-13,2023,[],0,4.0,6.0,6.0,16.0,,"['B', 'R']",True,"When you cast this spell, gain control of target creature until end of turn. Untap it. It gains menace and haste until end of turn.
The Beast enters tapped with six stun counters on it. (If it would become untapped, remove a stun counter from it instead.)
Whenever a creature deals combat damage to its owner, untap The Beast and draw a card.",True,10008.0
cult of skaro,legendary artifact creature — dalek,rare,Doctor Who,WHO,True,2023-10-13,2023,"['Caan', 'Jast', 'Sec', 'Thay']",4,4.0,4.0,4.0,12.0,,"['B', 'R', 'U']",True,"Whenever Cult of Skaro attacks, choose one at random -
• Thay - Put a +1/+1 counter on each artifact creature you control.
• Caan - Draw two cards.
• Sec - Create a 3/3 black Dalek artifact creature token with menace.
• Jast - Each opponent loses 4 life.",True,10170.0
the cyber-controller,legendary artifact creature — cyberman,rare,Doctor Who,WHO,True,2023-10-13,2023,['Mill'],1,3.0,3.0,3.0,9.0,,"['B', 'U']",True,"When The Cyber-Controller enters, each opponent mills X cards. Put all creature cards milled this way onto the battlefield face down under your control. They're 2/2 Cyberman artifact creatures.
Other artifact creatures you control get +1/+1.",True,7163.0
the dalek emperor,legendary artifact creature — dalek,rare,Doctor Who,WHO,True,2023-10-13,2023,['Affinity'],1,7.0,6.0,6.0,19.0,,"['B', 'R']",True,"Affinity for Daleks (This spell costs {1} less to cast for each Dalek you control.)
Other Daleks you control have haste.
At the beginning of combat on your turn, each opponent faces a villainous choice - That player sacrifices a creature of their choice, or you create a 3/3 black Dalek artifact creature token with menace.",True,8630.0
"davros, dalek creator",legendary artifact creature — alien scientist,mythic,Doctor Who,WHO,True,2023-10-13,2023,['Menace'],1,4.0,3.0,4.0,11.0,,"['B', 'R', 'U']",True,"Menace
At the beginning of your end step, create a 3/3 black Dalek artifact creature token with menace if an opponent lost 3 or more life this turn. Then each opponent who lost 3 or more life this turn faces a villainous choice - You draw a card, or that player discards a card.",True,7339.0
dinosaurs on a spaceship,creature — dinosaur,rare,Doctor Who,WHO,True,2023-10-13,2023,"['Suspend', 'Trample', 'Vigilance']",3,6.0,7.0,7.0,20.0,,"['R', 'W']",True,"Vigilance, trample
Other Dinosaurs you control get +1/+1 and have vigilance and trample.
Suspend 4-{3}{R}{W}
Whenever a time counter is removed from this card while it's exiled, create a 2/2 red and white Dinosaur creature token with flying and haste.",True,4705.0
"duggan, private detective",legendary creature — human detective,rare,Doctor Who,WHO,True,2023-10-13,2023,"['Investigate', 'The Most Important Punch in History']",2,4.0,,,4.0,,"['G', 'U']",True,"Duggan's power and toughness are each equal to the number of cards in your hand.
Whenever Duggan enters or attacks, investigate.
The Most Important Punch in History - {1}{G}, {T}: Duggan deals damage equal to twice its power to another target creature. Activate only once.",True,12174.0
the eighth doctor,legendary creature — time lord doctor,rare,Doctor Who,WHO,True,2023-10-13,2023,['Mill'],1,6.0,4.0,4.0,14.0,,"['U', 'W']",True,"When The Eighth Doctor enters, mill three cards.
Once during each of your turns, you may play a historic land or cast a historic permanent spell from your graveyard. If you do, it gains ""If this permanent would leave the battlefield, exile it instead of putting it anywhere else.""",True,9995.0
the eleventh doctor,legendary creature — time lord doctor,rare,Doctor Who,WHO,True,2023-10-13,2023,['I. AM. TALKING!'],1,3.0,3.0,2.0,8.0,,"['U', 'W']",True,"I. AM. TALKING! - Whenever The Eleventh Doctor deals combat damage to a player, you may exile a card from your hand with a number of time counters on it equal to its mana value. If it doesn't have suspend, it gains suspend.
{2}: Target creature with power 3 or less can't be blocked this turn.",True,7976.0
the face of boe,legendary creature — alien advisor,rare,Doctor Who,WHO,True,2023-10-13,2023,[],0,4.0,0.0,4.0,8.0,,"['R', 'U', 'W']",True,"{T}: You may cast a spell with suspend from your hand. If you do, pay its suspend cost rather than its mana cost. Activate only as a sorcery.",True,14686.0
the fifth doctor,legendary creature — time lord doctor,rare,Doctor Who,WHO,True,2023-10-13,2023,['Peaceful Coexistence'],1,4.0,2.0,2.0,8.0,,"['U', 'W']",True,"Peaceful Coexistence - At the beginning of your end step, put a +1/+1 counter on each creature you control that didn't attack or enter this turn. Untap those creatures.",True,9613.0
the first doctor,legendary creature — time lord doctor,rare,Doctor Who,WHO,True,2023-10-13,2023,[],0,3.0,2.0,2.0,7.0,,"['U', 'W']",True,"When The First Doctor enters, search your library and/or graveyard for a card named TARDIS, reveal it, and put it into your hand. If you search your library this way, shuffle.
Whenever you cast a spell with cascade, put a +1/+1 counter on target artifact or creature.",True,10713.0
the fourth doctor,legendary creature — time lord doctor,mythic,Doctor Who,WHO,True,2023-10-13,2023,['Food'],1,4.0,4.0,4.0,12.0,,"['G', 'U']",True,"You may look at the top card of your library any time.
Would You Like A...? - Once each turn, you may play a historic land or cast a historic spell from the top of your library. When you do, create a Food token. (Artifacts, legendaries, and Sagas are historic.)",True,8404.0
frost fair lure fish,creature — fish,rare,Doctor Who,WHO,True,2023-10-13,2023,"['Foretell', 'Treasure']",2,7.0,7.0,7.0,21.0,,"['R', 'U']",True,"When this creature enters, create two 1/1 blue Fish creature tokens and create two tapped Treasure tokens.
Fish you control have haste and can't be blocked by Humans.
Foretell {3}{U}{R}",True,18612.0
the fugitive doctor,legendary creature — time lord doctor,rare,Doctor Who,WHO,True,2023-10-13,2023,['Investigate'],1,5.0,4.0,4.0,13.0,,"['G', 'R']",True,"When The Fugitive Doctor enters, investigate.
Whenever The Fugitive Doctor attacks, you may sacrifice a Clue. When you do, target instant or sorcery card in your graveyard gains flashback {2}{R}{G} until end of turn. (You may cast that card from your graveyard for its flashback cost. Then exile it.)",True,12456.0
gallifrey stands,legendary enchantment,rare,Doctor Who,WHO,True,2023-10-13,2023,[],0,6.0,,,6.0,,"['U', 'W']",True,"When Gallifrey Stands enters, return all Doctor cards from your graveyard to your hand.
At the beginning of your upkeep, you may put a Doctor creature card from your hand onto the battlefield. Then if you control thirteen or more Doctors, you win the game.",True,11906.0
"idris, soul of the tardis",legendary creature — human incarnation,rare,Doctor Who,WHO,True,2023-10-13,2023,"['Imprint', 'Vanishing']",2,3.0,3.0,3.0,9.0,,"['R', 'U']",True,"Vanishing 3
Imprint - When Idris enters, exile another artifact you control until Idris leaves the battlefield.
Idris has all activated and triggered abilities of the exiled card and gets +X/+X, where X is the exiled card's mana value.",True,18246.0
jenny flint,legendary creature — human detective,rare,Doctor Who,WHO,True,2023-10-13,2023,"['First strike', 'Partner', 'Partner with', 'Training']",4,3.0,2.0,2.0,7.0,,"['R', 'U']",True,"Partner with Madame Vastra
First strike
Training (Whenever this creature attacks with another creature with greater power, put a +1/+1 counter on this creature.)
Whenever you sacrifice a Clue or Food, put a +1/+1 counter on another target creature you control.",True,14326.0
"jenny, generated anomaly",legendary creature — time lord soldier,rare,Doctor Who,WHO,True,2023-10-13,2023,"['Double strike', 'Explore']",2,4.0,2.0,3.0,9.0,,"['R', 'W']",True,"Double strike
Whenever Jenny deals combat damage to a player, it explores. (Reveal the top card of your library. Put that card into your hand if it's a land. Otherwise, put a +1/+1 counter on this creature, then put the card back or put it into your graveyard.)",True,16847.0
kate stewart,legendary creature — human scientist,rare,Doctor Who,WHO,True,2023-10-13,2023,[],0,4.0,3.0,3.0,10.0,,"['R', 'U', 'W']",True,"Whenever you put one or more time counters on a permanent you control, create a 1/1 white Soldier creature token.
Whenever Kate Stewart attacks, you may pay {8}. If you do, attacking creatures get +X/+X until end of turn, where X is the number of time counters among permanents you control.",True,13389.0
last night together,sorcery,rare,Doctor Who,WHO,True,2023-10-13,2023,[],0,5.0,,,5.0,,"['G', 'R']",True,"Choose two target creatures. Untap them. Put two +1/+1 counters on each of them. They gain vigilance, indestructible, and haste until end of turn. After this main phase, there is an additional combat phase. Only the chosen creatures can attack during that combat phase.",True,8343.0
lunar hatchling,creature — alien beast,rare,Doctor Who,WHO,True,2023-10-13,2023,"['Basic landcycling', 'Cycling', 'Escape', 'Flying', 'Landcycling', 'Trample']",6,6.0,6.0,6.0,18.0,,"['G', 'U']",True,"Flying, trample
Basic landcycling {2} ({2}, Discard this card: Search your library for a basic land card, reveal it, put it into your hand, then shuffle.)
Escape-{4}{G}{U}, Exile a land you control, Exile five other cards from your graveyard. (You may cast this card from your graveyard for its escape cost.)",True,15077.0
madame vastra,legendary creature — lizard detective,rare,Doctor Who,WHO,True,2023-10-13,2023,"['Food', 'Partner', 'Partner with']",3,4.0,3.0,3.0,10.0,,"['G', 'U']",True,"Partner with Jenny Flint (When this creature enters, target player may put Jenny Flint into their hand from their library, then shuffle.)
Madame Vastra must be blocked if able.
Whenever a creature dealt damage by Madame Vastra this turn dies, create a Clue token and a Food token.",True,17638.0
"the master, formed anew",legendary creature — time lord rogue,rare,Doctor Who,WHO,True,2023-10-13,2023,['Body Thief'],1,2.0,0.0,1.0,3.0,,"['B', 'U']",True,"Body Thief - When you cast this spell, you may exile a creature you control and put a takeover counter on it.
You may have The Master enter as a copy of a creature card in exile with a takeover counter on it.",True,17740.0
"the master, gallifrey's end",legendary creature — time lord rogue,rare,Doctor Who,WHO,True,2023-10-13,2023,['Make Them Pay'],1,4.0,4.0,3.0,11.0,,"['B', 'R']",True,"Make Them Pay - Whenever a nontoken artifact creature you control dies, you may exile it. If you do, choose an opponent with the most life among your opponents. That player faces a villainous choice - They lose 4 life, or you create a token that's a copy of that card.",True,11402.0
"the master, mesmerist",legendary creature — time lord rogue,rare,Doctor Who,WHO,True,2023-10-13,2023,['Goad'],1,4.0,3.0,3.0,10.0,,"['B', 'U']",True,"{T}: Target creature an opponent controls with power less than or equal to The Master's power gains skulk until end of turn. Goad it. (A creature with skulk can't be blocked by creatures with greater power.)
Whenever a creature with skulk deals combat damage to one of your opponents, put a +1/+1 counter on The Master and draw a card.",True,11645.0
"the master, multiplied",legendary creature — time lord rogue,rare,Doctor Who,WHO,True,2023-10-13,2023,['Myriad'],1,6.0,4.0,3.0,13.0,,"['B', 'R']",True,"Myriad
The ""legend rule"" doesn't apply to creature tokens you control.
Triggered abilities you control can't cause you to sacrifice or exile creature tokens you control.",True,3325.0
"me, the immortal",legendary creature — human rogue,rare,Doctor Who,WHO,True,2023-10-13,2023,[],0,5.0,3.0,3.0,11.0,,"['G', 'R', 'U']",True,"At the beginning of combat on your turn, put your choice of a +1/+1, first strike, vigilance, or menace counter on Me.
Counters remain on Me as it moves to any zone other than a player's hand or library.
You may cast this card from your graveyard by discarding two cards in addition to paying its other costs.",True,13816.0
missy,legendary creature — time lord rogue,rare,Doctor Who,WHO,True,2023-10-13,2023,[],0,6.0,4.0,5.0,15.0,,"['B', 'R', 'U']",True,"Whenever another nonartifact creature dies, return it to the battlefield under your control face down and tapped. It's a 2/2 Cyberman artifact creature.
At the beginning of your end step, each opponent faces a villainous choice - Each artifact creature you control deals 1 damage to that opponent, or you draw a card and chaos ensues.",True,9127.0
the ninth doctor,legendary creature — time lord doctor,rare,Doctor Who,WHO,True,2023-10-13,2023,"['Haste', 'Into the TARDIS']",2,3.0,2.0,4.0,9.0,,"['R', 'U']",True,"Haste
Into the TARDIS - Whenever The Ninth Doctor becomes untapped during your untap step, you get an additional upkeep step after this step.",True,5676.0
the rani,legendary creature — time lord scientist,rare,Doctor Who,WHO,True,2023-10-13,2023,"['Goad', 'Investigate']",2,4.0,3.0,4.0,11.0,,"['B', 'R', 'U']",True,"Whenever The Rani enters or attacks, create a red Aura enchantment token named Mark of the Rani attached to another target creature. That token has enchant creature and ""Enchanted creature gets +2/+2 and is goaded.""
Whenever a goaded creature deals combat damage to one of your opponents, investigate.",True,11831.0
"rassilon, the war president",legendary creature — time lord noble,rare,Doctor Who,WHO,True,2023-10-13,2023,[],0,5.0,3.0,4.0,12.0,,"['B', 'U']",True,"At the beginning of your upkeep, you lose 2 life and exile the top card of your library. You may play that card for as long as it remains exiled.
Each noncreature spell you cast from exile has conspire. (As you cast that spell, you may tap two untapped creatures you control that share a color with it. When you do, copy it and you may choose new targets for the copy.)",True,16187.0
regenerations restored,enchantment,rare,Doctor Who,WHO,True,2023-10-13,2023,"['Scry', 'Vanishing']",2,2.0,,,2.0,,"['U', 'W']",True,"Vanishing 12 (This enchantment enters with twelve time counters on it. At the beginning of your upkeep, remove a time counter from it. When the last is removed, sacrifice it.)
Whenever one or more time counters are removed from this enchantment, scry 1 and you gain 1 life. Then if this enchantment has no time counters on it, exile it. When you do, take an extra turn after this one.",True,9623.0
river song,legendary creature — human time lord rogue,rare,Doctor Who,WHO,True,2023-10-13,2023,"['Meet in Reverse', 'Spoilers']",2,3.0,2.0,2.0,7.0,,"['R', 'U']",True,"Meet in Reverse - You draw cards from the bottom of your library rather than the top.
Spoilers - Whenever an opponent scries, surveils, or searches their library, put a +1/+1 counter on River Song. Then River Song deals damage to that player equal to its power.",True,9448.0
rory williams,legendary creature — human soldier,rare,Doctor Who,WHO,True,2023-10-13,2023,"['First strike', 'Investigate', 'Lifelink', 'Partner', 'Partner with', 'The Last Centurion']",6,2.0,3.0,3.0,8.0,,"['U', 'W']",True,"Partner with Amy Pond
First strike, lifelink
The Last Centurion - When you cast this spell from anywhere other than exile, exile it with three time counters on it. It gains suspend. Then investigate. (Create a Clue token. It's an artifact with ""{2}, Sacrifice this token: Draw a card."")",True,12706.0
run for your life,instant,rare,Doctor Who,WHO,True,2023-10-13,2023,['Escape'],1,2.0,,,2.0,,"['R', 'U']",True,"One or two target creatures each gain haste until end of turn. They can't be blocked this turn except by creatures with haste.
Escape-{2}{U}{R}, Exile four other cards from your graveyard. (You may cast this card from your graveyard for its escape cost.)",True,11316.0
sally sparrow,legendary creature — human detective,rare,Doctor Who,WHO,True,2023-10-13,2023,['Investigate'],1,4.0,2.0,3.0,9.0,,"['U', 'W']",True,"You may cast creature spells as though they had flash.
Whenever one or more other creatures you control leave the battlefield, investigate. This ability triggers only once each turn. (Create a Clue token. It's an artifact with ""{2}, Sacrifice this token: Draw a card."")",True,12383.0
the second doctor,legendary creature — time lord doctor,rare,Doctor Who,WHO,True,2023-10-13,2023,['How Civil of You'],1,4.0,2.0,4.0,10.0,,"['U', 'W']",True,"Players have no maximum hand size.
How Civil of You - At the beginning of your end step, each player may draw a card. Each opponent who does can't attack you or permanents you control during their next turn.",True,3601.0
sergeant john benton,legendary creature — human soldier,rare,Doctor Who,WHO,True,2023-10-13,2023,"['Haste', 'Share Intelligence', 'Trample']",3,3.0,2.0,4.0,9.0,,"['G', 'W']",True,"Trample, haste
Share Intelligence - Whenever Sergeant John Benton deals combat damage to a player, you and that player each draw that many cards.",True,8089.0
the seventh doctor,legendary creature — time lord doctor,rare,Doctor Who,WHO,True,2023-10-13,2023,['Investigate'],1,5.0,3.0,6.0,14.0,,"['U', 'W']",True,"Whenever The Seventh Doctor attacks, choose a card in your hand. Defending player guesses whether that card's mana value is greater than the number of artifacts you control. If they guessed wrong, you may cast it without paying its mana cost. If you don't cast a spell this way, investigate. (Create a Clue token. It's an artifact with ""{2}, Sacrifice this token: Draw a card."")",True,9384.0
the sixth doctor,legendary creature — time lord doctor,rare,Doctor Who,WHO,True,2023-10-13,2023,"[""Time Lord's Prerogative""]",1,6.0,3.0,3.0,12.0,,"['G', 'U']",True,"Time Lord's Prerogative - Whenever you cast a historic spell, copy it, except the copy isn't legendary. This ability triggers only once each turn. (Artifacts, legendaries, and Sagas are historic. A copy of a permanent spell becomes a token.)",True,5611.0
"strax, sontaran nurse",legendary creature — alien cleric,rare,Doctor Who,WHO,True,2023-10-13,2023,"['Fight', 'Glory of Battle', 'Grenades!', 'Trample', 'Vigilance']",5,5.0,5.0,5.0,15.0,,"['G', 'R']",True,"Vigilance, trample
Grenades! - {2}, {T}, Sacrifice an artifact: Choose a player at random. When you do, Strax fights another target creature that player controls.
Glory of Battle - Whenever Strax deals damage to a creature, put a +1/+1 counter on Strax.",True,18241.0
sycorax commander,creature — alien soldier,rare,Doctor Who,WHO,True,2023-10-13,2023,"['First strike', 'Haste', 'Sanctified Rules of Combat']",3,4.0,4.0,2.0,10.0,,"['B', 'R']",True,"First strike, haste
Sanctified Rules of Combat - When this creature enters, each opponent faces a villainous choice - That opponent discards all the cards in their hand, then draws that many cards minus one, or this creature deals damage to that player equal to the number of cards in their hand.",True,9825.0
the tenth doctor,legendary creature — time lord doctor,mythic,Doctor Who,WHO,True,2023-10-13,2023,"['Allons-y!', 'Time Travel', 'Timey-Wimey']",3,5.0,3.0,5.0,13.0,,"['R', 'U']",True,"Allons-y! - Whenever you attack, exile cards from the top of your library until you exile a nonland card. Put three time counters on it. If it doesn't have suspend, it gains suspend.
Timey-Wimey - {7}: Time travel three times. Activate only as a sorcery. (For each suspended card you own and each permanent you control with a time counter on it, you may add or remove a time counter. Then do it two more times.)",True,5385.0
the third doctor,legendary creature — time lord doctor,rare,Doctor Who,WHO,True,2023-10-13,2023,"['Food', 'Trample', 'Treasure']",3,4.0,2.0,2.0,8.0,,"['G', 'U']",True,"Trample
The Third Doctor gets +1/+1 for each noncreature token you control.
When The Third Doctor enters, create your choice of a Clue token, a Food token, or a Treasure token.",True,7857.0
the thirteenth doctor,legendary creature — time lord doctor,mythic,Doctor Who,WHO,True,2023-10-13,2023,"['Paradox', 'Team TARDIS']",2,3.0,2.0,2.0,7.0,,"['G', 'U']",True,"Paradox - Whenever you cast a spell from anywhere other than your hand, put a +1/+1 counter on target creature.
Team TARDIS - At the beginning of your end step, untap each creature you control with a counter on it.",True,4263.0
the twelfth doctor,legendary creature — time lord doctor,rare,Doctor Who,WHO,True,2023-10-13,2023,[],0,5.0,4.0,4.0,13.0,,"['R', 'U']",True,"The first spell you cast from anywhere other than your hand each turn has demonstrate. (When you cast that spell, you may copy it. If you do, choose an opponent to also copy it. A copy of a permanent spell becomes a token.)
Whenever you copy a spell, put a +1/+1 counter on The Twelfth Doctor.",True,6248.0
the valeyard,legendary creature — time lord noble,rare,Doctor Who,WHO,True,2023-10-13,2023,[],0,5.0,4.0,5.0,14.0,,"['B', 'R', 'U']",True,"If an opponent would face a villainous choice, they face that choice an additional time. (They can make the same or different choices.)
While voting, you may vote an additional time.",True,8636.0
"vrestin, menoptra leader",legendary creature — alien insect scout,rare,Doctor Who,WHO,True,2023-10-13,2023,['Flying'],1,3.0,0.0,0.0,3.0,,"['G', 'W']",True,"Flying
Vrestin enters with X +1/+1 counters on it.
When Vrestin enters, create X 1/1 green and white Alien Insect creature tokens with flying.
Whenever you attack with one or more Insects, put a +1/+1 counter on each of them.",True,12417.0
the war doctor,legendary creature — time lord doctor,rare,Doctor Who,WHO,True,2023-10-13,2023,[],0,4.0,3.0,5.0,12.0,,"['R', 'W']",True,"Whenever one or more other permanents phase out and whenever one or more other cards are put into exile from anywhere, put a time counter on The War Doctor.
Whenever The War Doctor attacks, it deals damage equal to the number of time counters on it to any target. If a creature dealt damage this way would die this turn, exile it instead.",True,6524.0
weeping angel,artifact creature — alien angel,rare,Doctor Who,WHO,True,2023-10-13,2023,"['First strike', 'Flash', 'Vigilance']",3,3.0,2.0,2.0,7.0,,"['B', 'U']",True,"Flash
First strike, vigilance
Whenever an opponent casts a creature spell, this creature isn't a creature until end of turn.
If this creature would deal combat damage to a creature, prevent that damage and that creature's owner shuffles it into their library.",True,8237.0
ace's baseball bat,legendary artifact — equipment,rare,Doctor Who,WHO,True,2023-10-13,2023,['Equip'],1,2.0,,,2.0,,[],False,"Equipped creature gets +3/+0.
As long as equipped creature is attacking, it has first strike and must be blocked by a Dalek if able.
Equip legendary creature {1}
Equip {3}",True,11015.0
"bessie, the doctor's roadster",legendary artifact — vehicle,rare,Doctor Who,WHO,True,2023-10-13,2023,"['Crew', 'Haste']",2,2.0,3.0,4.0,9.0,,[],False,"Haste
Whenever Bessie attacks, another target legendary creature can't be blocked this turn.
Crew 2 (Tap any number of creatures you control with total power 2 or more: This Vehicle becomes an artifact creature until end of turn.)",True,10244.0
confession dial,artifact,rare,Doctor Who,WHO,True,2023-10-13,2023,['Surveil'],1,3.0,,,3.0,,[],False,"When this artifact enters, surveil 3.
{T}: Target legendary creature card in your graveyard gains escape until end of turn. The escape cost is equal to its mana cost plus exile three other cards from your graveyard. (You may cast it from your graveyard for its escape cost this turn.)",True,12428.0
cybermen squadron,artifact creature — cyberman,rare,Doctor Who,WHO,True,2023-10-13,2023,[],0,7.0,5.0,5.0,17.0,,[],False,"Nonlegendary artifact creatures you control have myriad. (Whenever a creature with myriad attacks, for each opponent other than defending player, you may create a token copy that's tapped and attacking that player or a planeswalker they control. Exile the tokens at end of combat.)",True,1999.0
cybership,artifact — vehicle,rare,Doctor Who,WHO,True,2023-10-13,2023,"['Crew', 'Flying']",2,6.0,8.0,8.0,22.0,,[],False,"Flying
Whenever this Vehicle deals combat damage to a player, put the top two cards of that player's library onto the battlefield face down under your control. They're 2/2 Cyberman artifact creatures.
Crew 4",True,5479.0
the moment,legendary artifact,rare,Doctor Who,WHO,True,2023-10-13,2023,[],0,2.0,,,2.0,,[],False,"At the beginning of your upkeep, put a time counter on The Moment.
{2}, {T}: Untap target creature you control. It phases out until The Moment leaves the battlefield.
{3}, {T}: Destroy each nonland permanent with mana value less than or equal to the number of time counters on The Moment. Then sacrifice The Moment. Activate only as a sorcery.",True,12283.0
river song's diary,artifact,rare,Doctor Who,WHO,True,2023-10-13,2023,['Imprint'],1,3.0,,,3.0,,[],False,"Imprint - Whenever a player casts an instant or sorcery spell from their hand, exile it instead of putting it into a graveyard as it resolves.
At the beginning of your upkeep, if there are four or more cards exiled with this artifact, choose one of them at random. You may cast it without paying its mana cost.",True,5204.0
rotating fireplace,artifact,rare,Doctor Who,WHO,True,2023-10-13,2023,['Time Travel'],1,3.0,,,3.0,,[],False,"This artifact enters tapped with a time counter on it.
{T}: Add an amount of {C} equal to the number of time counters on this artifact.
{4}, {T}: Time travel. Activate only as a sorcery. (For each suspended card you own and each permanent you control with a time counter on it, you may add or remove a time counter.)",True,7699.0
gallifrey council chamber,legendary land,rare,Doctor Who,WHO,True,2023-10-13,2023,['Surveil'],1,0.0,,,0.0,,[],False,"When Gallifrey Council Chamber enters, surveil 1. (Look at the top card of your library. You may put that card into your graveyard.)
{T}: Add {C}.
{T}: Add one mana of any color. Spend this mana only to cast a Time Lord or Alien spell or activate an ability of a Time Lord or Alien.",True,4951.0
trenzalore clocktower,legendary land,rare,Doctor Who,WHO,True,2023-10-13,2023,[],0,0.0,,,0.0,,[],False,"{T}: Add {U}. Put a time counter on Trenzalore Clocktower.
{1}{U}, {T}, Remove twelve time counters from Trenzalore Clocktower and exile it: Shuffle your graveyard and hand into your library, then draw seven cards. Activate only if you control a Time Lord.",True,3950.0
day of destiny,legendary enchantment,rare,Doctor Who,WHO,True,2023-10-13,2023,[],0,4.0,,,4.0,,['W'],False,Legendary creatures you control get +2/+2.,True,5684.0
farewell,sorcery,rare,Doctor Who,WHO,True,2023-10-13,2023,[],0,6.0,,,6.0,,['W'],False,"Choose one or more -
• Exile all artifacts.
• Exile all creatures.
• Exile all enchantments.
• Exile all graveyards.",True,140.0
grasp of fate,enchantment,rare,Doctor Who,WHO,True,2023-10-13,2023,[],0,3.0,,,3.0,,['W'],False,"When this enchantment enters, for each opponent, exile up to one target nonland permanent that player controls until this enchantment leaves the battlefield. (Those permanents return under their owners' control.)",True,1039.0
out of time,enchantment,rare,Doctor Who,WHO,True,2023-10-13,2023,['Vanishing'],1,3.0,,,3.0,,['W'],False,"When this enchantment enters, untap all creatures, then those creatures phase out until this enchantment leaves the battlefield. Put a time counter on this enchantment for each creature that phased out this way.
Vanishing (At the beginning of your upkeep, remove a time counter from this enchantment. When the last is removed, sacrifice it.)",True,5384.0
wedding ring,artifact,mythic,Doctor Who,WHO,True,2023-10-13,2023,[],0,4.0,,,4.0,,['W'],False,"When this artifact enters, if it was cast, target opponent creates a token that's a copy of it.
Whenever an opponent who controls an artifact named Wedding Ring draws a card during their turn, you draw a card.
Whenever an opponent who controls an artifact named Wedding Ring gains life during their turn, you gain that much life.",True,2095.0
as foretold,enchantment,rare,Doctor Who,WHO,True,2023-10-13,2023,[],0,3.0,,,3.0,,['U'],False,"At the beginning of your upkeep, put a time counter on this enchantment.
Once each turn, you may pay {0} rather than pay the mana cost for a spell you cast with mana value X or less, where X is the number of time counters on this enchantment.",True,1578.0
inspiring refrain,sorcery,rare,Doctor Who,WHO,True,2023-10-13,2023,['Suspend'],1,6.0,,,6.0,,['U'],False,"Draw two cards. Exile Inspiring Refrain with three time counters on it.
Suspend 3-{2}{U} (Rather than cast this card from your hand, you may pay {2}{U} and exile it with three time counters on it. At the beginning of your upkeep, remove a time counter. When the last is removed, you may cast it without paying its mana cost.)",True,3277.0
wound reflection,enchantment,rare,Doctor Who,WHO,True,2023-10-13,2023,[],0,6.0,,,6.0,,['B'],False,"At the beginning of each end step, each opponent loses life equal to the life they lost this turn. (Damage causes loss of life.)",True,1886.0
blasphemous act,sorcery,rare,Doctor Who,WHO,True,2023-10-13,2023,[],0,9.0,,,9.0,,['R'],False,"This spell costs {1} less to cast for each creature on the battlefield.
Blasphemous Act deals 13 damage to each creature.",True,23.0
chaos warp,instant,rare,Doctor Who,WHO,True,2023-10-13,2023,[],0,3.0,,,3.0,,['R'],False,"The owner of target permanent shuffles it into their library, then reveals the top card of their library. If it's a permanent card, they put it onto the battlefield.",True,29.0
cursed mirror,artifact,rare,Doctor Who,WHO,True,2023-10-13,2023,[],0,3.0,,,3.0,,['R'],False,"{T}: Add {R}.
As this artifact enters, you may have it become a copy of any creature on the battlefield until end of turn, except it has haste.",True,443.0
carpet of flowers,enchantment,rare,Doctor Who,WHO,True,2023-10-13,2023,[],0,1.0,,,1.0,,['G'],False,"At the beginning of each of your main phases, if you haven't added mana with this ability this turn, you may add X mana of any one color, where X is the number of Islands target opponent controls.",True,1046.0
heroic intervention,instant,rare,Doctor Who,WHO,True,2023-10-13,2023,[],0,2.0,,,2.0,,['G'],False,Permanents you control gain hexproof and indestructible until end of turn.,True,32.0
fractured identity,sorcery,rare,Doctor Who,WHO,True,2023-10-13,2023,[],0,5.0,,,5.0,,"['U', 'W']",True,Exile target nonland permanent. Each player other than its controller creates a token that's a copy of it.,True,4385.0
time wipe,sorcery,rare,Doctor Who,WHO,True,2023-10-13,2023,[],0,5.0,,,5.0,,"['U', 'W']",True,"Return a creature you control to its owner's hand, then destroy all creatures.",True,1223.0
heroes' podium,legendary artifact,rare,Doctor Who,WHO,True,2023-10-13,2023,[],0,5.0,,,5.0,,[],False,"Each legendary creature you control gets +1/+1 for each other legendary creature you control.
{X}, {T}: Look at the top X cards of your library. You may reveal a legendary creature card from among them and put it into your hand. Put the rest on the bottom of your library in a random order.",True,2406.0
solemn simulacrum,artifact creature — golem,rare,Doctor Who,WHO,True,2023-10-13,2023,[],0,4.0,2.0,2.0,8.0,,[],False,"When this creature enters, you may search your library for a basic land card, put that card onto the battlefield tapped, then shuffle.
When this creature dies, you may draw a card.",True,33.0
canopy vista,land — forest plains,rare,Doctor Who,WHO,True,2023-10-13,2023,[],0,0.0,,,0.0,,[],False,"({T}: Add {G} or {W}.)
This land enters tapped unless you control two or more basic lands.",True,103.0
canyon slough,land — swamp mountain,rare,Doctor Who,WHO,True,2023-10-13,2023,['Cycling'],1,0.0,,,0.0,,[],False,"({T}: Add {B} or {R}.)
This land enters tapped.
Cycling {2} ({2}, Discard this card: Draw a card.)",True,789.0
celestial colonnade,land,rare,Doctor Who,WHO,True,2023-10-13,2023,[],0,0.0,,,0.0,,[],False,"This land enters tapped.
{T}: Add {W} or {U}.
{3}{W}{U}: Until end of turn, this land becomes a 4/4 white and blue Elemental creature with flying and vigilance. It's still a land.",True,5210.0
choked estuary,land,rare,Doctor Who,WHO,True,2023-10-13,2023,[],0,0.0,,,0.0,,[],False,"As this land enters, you may reveal an Island or Swamp card from your hand. If you don't, this land enters tapped.
{T}: Add {U} or {B}.",True,273.0
cinder glade,land — mountain forest,rare,Doctor Who,WHO,True,2023-10-13,2023,[],0,0.0,,,0.0,,[],False,"({T}: Add {R} or {G}.)
This land enters tapped unless you control two or more basic lands.",True,84.0
creeping tar pit,land,rare,Doctor Who,WHO,True,2023-10-13,2023,[],0,0.0,,,0.0,,[],False,"This land enters tapped.
{T}: Add {U} or {B}.
{1}{U}{B}: This land becomes a 3/2 blue and black Elemental creature until end of turn and can't be blocked this turn. It's still a land.",True,2569.0
darkwater catacombs,land,rare,Doctor Who,WHO,True,2023-10-13,2023,[],0,0.0,,,0.0,,[],False,"{1}, {T}: Add {U}{B}.",True,294.0
deserted beach,land,rare,Doctor Who,WHO,True,2023-10-13,2023,[],0,0.0,,,0.0,,[],False,"This land enters tapped unless you control two or more other lands.
{T}: Add {W} or {U}.",True,274.0
desolate lighthouse,land,rare,Doctor Who,WHO,True,2023-10-13,2023,[],0,0.0,,,0.0,,[],False,"{T}: Add {C}.
{1}{U}{R}, {T}: Draw a card, then discard a card.",True,1967.0
dragonskull summit,land,rare,Doctor Who,WHO,True,2023-10-13,2023,[],0,0.0,,,0.0,,[],False,"This land enters tapped unless you control a Swamp or a Mountain.
{T}: Add {B} or {R}.",True,99.0
dreamroot cascade,land,rare,Doctor Who,WHO,True,2023-10-13,2023,[],0,0.0,,,0.0,,[],False,"This land enters tapped unless you control two or more other lands.
{T}: Add {G} or {U}.",True,196.0
drowned catacomb,land,rare,Doctor Who,WHO,True,2023-10-13,2023,[],0,0.0,,,0.0,,[],False,"This land enters tapped unless you control an Island or a Swamp.
{T}: Add {U} or {B}.",True,114.0
exotic orchard,land,rare,Doctor Who,WHO,True,2023-10-13,2023,[],0,0.0,,,0.0,,[],False,{T}: Add one mana of any color that a land an opponent controls could produce.,True,9.0
fetid pools,land — island swamp,rare,Doctor Who,WHO,True,2023-10-13,2023,['Cycling'],1,0.0,,,0.0,,[],False,"({T}: Add {U} or {B}.)
This land enters tapped.
Cycling {2} ({2}, Discard this card: Draw a card.)",True,827.0
fiery islet,land,rare,Doctor Who,WHO,True,2023-10-13,2023,[],0,0.0,,,0.0,,[],False,"{T}, Pay 1 life: Add {U} or {R}.
{1}, {T}, Sacrifice this land: Draw a card.",True,773.0
foreboding ruins,land,rare,Doctor Who,WHO,True,2023-10-13,2023,[],0,0.0,,,0.0,,[],False,"As this land enters, you may reveal a Swamp or Mountain card from your hand. If you don't, this land enters tapped.
{T}: Add {B} or {R}.",True,307.0
fortified village,land,rare,Doctor Who,WHO,True,2023-10-13,2023,[],0,0.0,,,0.0,,[],False,"As this land enters, you may reveal a Forest or Plains card from your hand. If you don't, this land enters tapped.
{T}: Add {G} or {W}.",True,326.0
frostboil snarl,land,rare,Doctor Who,WHO,True,2023-10-13,2023,[],0,0.0,,,0.0,,[],False,"As this land enters, you may reveal an Island or Mountain card from your hand. If you don't, this land enters tapped.
{T}: Add {U} or {R}.",True,342.0
furycalm snarl,land,rare,Doctor Who,WHO,True,2023-10-13,2023,[],0,0.0,,,0.0,,[],False,"As this land enters, you may reveal a Mountain or Plains card from your hand. If you don't, this land enters tapped.
{T}: Add {R} or {W}.",True,359.0
game trail,land,rare,Doctor Who,WHO,True,2023-10-13,2023,[],0,0.0,,,0.0,,[],False,"As this land enters, you may reveal a Mountain or Forest card from your hand. If you don't, this land enters tapped.
{T}: Add {R} or {G}.",True,334.0
glacial fortress,land,rare,Doctor Who,WHO,True,2023-10-13,2023,[],0,0.0,,,0.0,,[],False,"This land enters tapped unless you control a Plains or an Island.
{T}: Add {W} or {U}.",True,111.0
haunted ridge,land,rare,Doctor Who,WHO,True,2023-10-13,2023,[],0,0.0,,,0.0,,[],False,"This land enters tapped unless you control two or more other lands.
{T}: Add {B} or {R}.",True,272.0
horizon canopy,land,rare,Doctor Who,WHO,True,2023-10-13,2023,[],0,0.0,,,0.0,,[],False,"{T}, Pay 1 life: Add {G} or {W}.
{1}, {T}, Sacrifice this land: Draw a card.",True,1561.0
irrigated farmland,land — plains island,rare,Doctor Who,WHO,True,2023-10-13,2023,['Cycling'],1,0.0,,,0.0,,[],False,"({T}: Add {W} or {U}.)
This land enters tapped.
Cycling {2} ({2}, Discard this card: Draw a card.)",True,770.0
lavaclaw reaches,land,rare,Doctor Who,WHO,True,2023-10-13,2023,[],0,0.0,,,0.0,,[],False,"This land enters tapped.
{T}: Add {B} or {R}.
{1}{B}{R}: Until end of turn, this land becomes a 2/2 black and red Elemental creature with ""{X}: This creature gets +X/+0 until end of turn."" It's still a land.",True,6973.0
overgrown farmland,land,rare,Doctor Who,WHO,True,2023-10-13,2023,[],0,0.0,,,0.0,,[],False,"This land enters tapped unless you control two or more other lands.
{T}: Add {G} or {W}.",True,297.0
port town,land,rare,Doctor Who,WHO,True,2023-10-13,2023,[],0,0.0,,,0.0,,[],False,"As this land enters, you may reveal a Plains or Island card from your hand. If you don't, this land enters tapped.
{T}: Add {W} or {U}.",True,328.0
prairie stream,land — plains island,rare,Doctor Who,WHO,True,2023-10-13,2023,[],0,0.0,,,0.0,,[],False,"({T}: Add {W} or {U}.)
This land enters tapped unless you control two or more basic lands.",True,105.0
river of tears,land,rare,Doctor Who,WHO,True,2023-10-13,2023,[],0,0.0,,,0.0,,[],False,"{T}: Add {U}. If you played a land this turn, add {B} instead.",True,2261.0
rockfall vale,land,rare,Doctor Who,WHO,True,2023-10-13,2023,[],0,0.0,,,0.0,,[],False,"This land enters tapped unless you control two or more other lands.
{T}: Add {R} or {G}.",True,201.0
rootbound crag,land,rare,Doctor Who,WHO,True,2023-10-13,2023,[],0,0.0,,,0.0,,[],False,"This land enters tapped unless you control a Mountain or a Forest.
{T}: Add {R} or {G}.",True,144.0
scattered groves,land — forest plains,rare,Doctor Who,WHO,True,2023-10-13,2023,['Cycling'],1,0.0,,,0.0,,[],False,"({T}: Add {G} or {W}.)
This land enters tapped.
Cycling {2} ({2}, Discard this card: Draw a card.)",True,835.0
shadowblood ridge,land,rare,Doctor Who,WHO,True,2023-10-13,2023,[],0,0.0,,,0.0,,[],False,"{1}, {T}: Add {B}{R}.",True,418.0
sheltered thicket,land — mountain forest,rare,Doctor Who,WHO,True,2023-10-13,2023,['Cycling'],1,0.0,,,0.0,,[],False,"({T}: Add {R} or {G}.)
This land enters tapped.
Cycling {2} ({2}, Discard this card: Draw a card.)",True,671.0
shipwreck marsh,land,rare,Doctor Who,WHO,True,2023-10-13,2023,[],0,0.0,,,0.0,,[],False,"This land enters tapped unless you control two or more other lands.
{T}: Add {U} or {B}.",True,213.0
skycloud expanse,land,rare,Doctor Who,WHO,True,2023-10-13,2023,[],0,0.0,,,0.0,,[],False,"{1}, {T}: Add {W}{U}.",True,363.0
smoldering marsh,land — swamp mountain,rare,Doctor Who,WHO,True,2023-10-13,2023,[],0,0.0,,,0.0,,[],False,"({T}: Add {B} or {R}.)
This land enters tapped unless you control two or more basic lands.",True,104.0
stormcarved coast,land,rare,Doctor Who,WHO,True,2023-10-13,2023,[],0,0.0,,,0.0,,[],False,"This land enters tapped unless you control two or more other lands.
{T}: Add {U} or {R}.",True,221.0
sunbaked canyon,land,rare,Doctor Who,WHO,True,2023-10-13,2023,[],0,0.0,,,0.0,,[],False,"{T}, Pay 1 life: Add {R} or {W}.
{1}, {T}, Sacrifice this land: Draw a card.",True,1487.0
sundown pass,land,rare,Doctor Who,WHO,True,2023-10-13,2023,[],0,0.0,,,0.0,,[],False,"This land enters tapped unless you control two or more other lands.
{T}: Add {R} or {W}.",True,306.0
sungrass prairie,land,rare,Doctor Who,WHO,True,2023-10-13,2023,[],0,0.0,,,0.0,,[],False,"{1}, {T}: Add {G}{W}.",True,437.0
sunken hollow,land — island swamp,rare,Doctor Who,WHO,True,2023-10-13,2023,[],0,0.0,,,0.0,,[],False,"({T}: Add {U} or {B}.)
This land enters tapped unless you control two or more basic lands.",True,80.0
temple of abandon,land,rare,Doctor Who,WHO,True,2023-10-13,2023,['Scry'],1,0.0,,,0.0,,[],False,"This land enters tapped.
When this land enters, scry 1. (Look at the top card of your library. You may put that card on the bottom.)
{T}: Add {R} or {G}.",True,429.0
temple of deceit,land,rare,Doctor Who,WHO,True,2023-10-13,2023,['Scry'],1,0.0,,,0.0,,[],False,"This land enters tapped.
When this land enters, scry 1. (Look at the top card of your library. You may put that card on the bottom.)
{T}: Add {U} or {B}.",True,289.0
temple of enlightenment,land,rare,Doctor Who,WHO,True,2023-10-13,2023,['Scry'],1,0.0,,,0.0,,[],False,"This land enters tapped.
When this land enters, scry 1. (Look at the top card of your library. You may put that card on the bottom.)
{T}: Add {W} or {U}.",True,292.0
temple of epiphany,land,rare,Doctor Who,WHO,True,2023-10-13,2023,['Scry'],1,0.0,,,0.0,,[],False,"This land enters tapped.
When this land enters, scry 1. (Look at the top card of your library. You may put that card on the bottom.)
{T}: Add {U} or {R}.",True,258.0
temple of malice,land,rare,Doctor Who,WHO,True,2023-10-13,2023,['Scry'],1,0.0,,,0.0,,[],False,"This land enters tapped.
When this land enters, scry 1. (Look at the top card of your library. You may put that card on the bottom.)
{T}: Add {B} or {R}.",True,378.0
temple of mystery,land,rare,Doctor Who,WHO,True,2023-10-13,2023,['Scry'],1,0.0,,,0.0,,[],False,"This land enters tapped.
When this land enters, scry 1. (Look at the top card of your library. You may put that card on the bottom.)
{T}: Add {G} or {U}.",True,282.0
temple of plenty,land,rare,Doctor Who,WHO,True,2023-10-13,2023,['Scry'],1,0.0,,,0.0,,[],False,"This land enters tapped.
When this land enters, scry 1. (Look at the top card of your library. You may put that card on the bottom.)
{T}: Add {G} or {W}.",True,444.0
temple of triumph,land,rare,Doctor Who,WHO,True,2023-10-13,2023,['Scry'],1,0.0,,,0.0,,[],False,"This land enters tapped.
When this land enters, scry 1. (Look at the top card of your library. You may put that card on the bottom.)
{T}: Add {R} or {W}.",True,277.0
thespian's stage,land,rare,Doctor Who,WHO,True,2023-10-13,2023,[],0,0.0,,,0.0,,[],False,"{T}: Add {C}.
{2}, {T}: This land becomes a copy of target land, except it has this ability.",True,531.0
vineglimmer snarl,land,rare,Doctor Who,WHO,True,2023-10-13,2023,[],0,0.0,,,0.0,,[],False,"As this land enters, you may reveal a Forest or Island card from your hand. If you don't, this land enters tapped.
{T}: Add {G} or {U}.",True,540.0
war room,land,rare,Doctor Who,WHO,True,2023-10-13,2023,[],0,0.0,,,0.0,,[],False,"{T}: Add {C}.
{3}, {T}, Pay life equal to the number of colors in your commanders' color identity: Draw a card.",True,145.0
waterlogged grove,land,rare,Doctor Who,WHO,True,2023-10-13,2023,[],0,0.0,,,0.0,,[],False,"{T}, Pay 1 life: Add {G} or {U}.
{1}, {T}, Sacrifice this land: Draw a card.",True,972.0
rose tyler,legendary creature — human,rare,Doctor Who,WHO,True,2023-10-13,2023,"['Bad Wolf', ""Doctor's companion""]",2,2.0,2.0,2.0,6.0,,['W'],False,"Rose Tyler gets +1/+1 for each time counter on it.
Bad Wolf - Whenever Rose Tyler attacks, put a time counter on it for each suspended card you own and each other permanent you control with a time counter on it.
Doctor's companion (You can have two commanders if the other is the Doctor.)",True,15095.0
sarah jane smith,legendary creature — human detective,rare,Doctor Who,WHO,True,2023-10-13,2023,"[""Doctor's companion"", 'Investigate']",2,2.0,2.0,1.0,5.0,,['W'],False,"Whenever you cast a historic spell, investigate. This ability triggers only once each turn. (Artifacts, legendaries, and Sagas are historic. To investigate, create a Clue token. It's an artifact with ""{2}, Sacrifice this token: Draw a card."")
Doctor's companion (You can have two commanders if the other is the Doctor.)",True,7821.0
"k-9, mark i",legendary artifact creature — robot dog,rare,Doctor Who,WHO,True,2023-10-13,2023,"['Affirmative', ""Doctor's companion"", 'Negative']",3,1.0,1.0,1.0,3.0,,['U'],False,"Negative - As long as K-9 is untapped, other legendary creatures you control have ward {1}.
Affirmative - {1}{U}, {T}: Target legendary creature can't be blocked this turn.
Doctor's companion (You can have two commanders if the other is the Doctor.)",True,3030.0
dalek squadron,artifact creature — dalek,uncommon,Doctor Who,WHO,True,2023-10-13,2023,"['Menace', 'Myriad']",2,3.0,3.0,3.0,9.0,,['B'],False,"Menace
Myriad (Whenever this creature attacks, for each opponent other than defending player, you may create a token copy that's tapped and attacking that player or a planeswalker they control. Exile the tokens at end of combat.)",True,4955.0
yasmin khan,legendary creature — human detective,rare,Doctor Who,WHO,True,2023-10-13,2023,"[""Doctor's companion""]",1,4.0,3.0,3.0,10.0,,['R'],False,"{T}: Exile the top card of your library. Until your next end step, you may play it.
Doctor's companion (You can have two commanders if the other is the Doctor.)",True,13475.0
"davros, dalek creator",legendary artifact creature — alien scientist,mythic,Doctor Who,WHO,True,2023-10-13,2023,['Menace'],1,4.0,3.0,4.0,11.0,,"['B', 'R', 'U']",True,"Menace
At the beginning of your end step, create a 3/3 black Dalek artifact creature token with menace if an opponent lost 3 or more life this turn. Then each opponent who lost 3 or more life this turn faces a villainous choice - You draw a card, or that player discards a card.",True,7339.0
the fugitive doctor,legendary creature — time lord doctor,rare,Doctor Who,WHO,True,2023-10-13,2023,['Investigate'],1,5.0,4.0,4.0,13.0,,"['G', 'R']",True,"When The Fugitive Doctor enters, investigate.
Whenever The Fugitive Doctor attacks, you may sacrifice a Clue. When you do, target instant or sorcery card in your graveyard gains flashback {2}{R}{G} until end of turn. (You may cast that card from your graveyard for its flashback cost. Then exile it.)",True,12456.0
"the master, formed anew",legendary creature — time lord rogue,rare,Doctor Who,WHO,True,2023-10-13,2023,['Body Thief'],1,2.0,0.0,1.0,3.0,,"['B', 'U']",True,"Body Thief - When you cast this spell, you may exile a creature you control and put a takeover counter on it.
You may have The Master enter as a copy of a creature card in exile with a takeover counter on it.",True,17740.0
"the master, gallifrey's end",legendary creature — time lord rogue,rare,Doctor Who,WHO,True,2023-10-13,2023,['Make Them Pay'],1,4.0,4.0,3.0,11.0,,"['B', 'R']",True,"Make Them Pay - Whenever a nontoken artifact creature you control dies, you may exile it. If you do, choose an opponent with the most life among your opponents. That player faces a villainous choice - They lose 4 life, or you create a token that's a copy of that card.",True,11402.0
"the master, mesmerist",legendary creature — time lord rogue,rare,Doctor Who,WHO,True,2023-10-13,2023,['Goad'],1,4.0,3.0,3.0,10.0,,"['B', 'U']",True,"{T}: Target creature an opponent controls with power less than or equal to The Master's power gains skulk until end of turn. Goad it. (A creature with skulk can't be blocked by creatures with greater power.)
Whenever a creature with skulk deals combat damage to one of your opponents, put a +1/+1 counter on The Master and draw a card.",True,11645.0
"the master, multiplied",legendary creature — time lord rogue,rare,Doctor Who,WHO,True,2023-10-13,2023,['Myriad'],1,6.0,4.0,3.0,13.0,,"['B', 'R']",True,"Myriad
The ""legend rule"" doesn't apply to creature tokens you control.
Triggered abilities you control can't cause you to sacrifice or exile creature tokens you control.",True,3325.0
missy,legendary creature — time lord rogue,rare,Doctor Who,WHO,True,2023-10-13,2023,[],0,6.0,4.0,5.0,15.0,,"['B', 'R', 'U']",True,"Whenever another nonartifact creature dies, return it to the battlefield under your control face down and tapped. It's a 2/2 Cyberman artifact creature.
At the beginning of your end step, each opponent faces a villainous choice - Each artifact creature you control deals 1 damage to that opponent, or you draw a card and chaos ensues.",True,9127.0
river song,legendary creature — human time lord rogue,rare,Doctor Who,WHO,True,2023-10-13,2023,"['Meet in Reverse', 'Spoilers']",2,3.0,2.0,2.0,7.0,,"['R', 'U']",True,"Meet in Reverse - You draw cards from the bottom of your library rather than the top.
Spoilers - Whenever an opponent scries, surveils, or searches their library, put a +1/+1 counter on River Song. Then River Song deals damage to that player equal to its power.",True,9448.0
the war doctor,legendary creature — time lord doctor,rare,Doctor Who,WHO,True,2023-10-13,2023,[],0,4.0,3.0,5.0,12.0,,"['R', 'W']",True,"Whenever one or more other permanents phase out and whenever one or more other cards are put into exile from anywhere, put a time counter on The War Doctor.
Whenever The War Doctor attacks, it deals damage equal to the number of time counters on it to any target. If a creature dealt damage this way would die this turn, exile it instead.",True,6524.0
weeping angel,artifact creature — alien angel,rare,Doctor Who,WHO,True,2023-10-13,2023,"['First strike', 'Flash', 'Vigilance']",3,3.0,2.0,2.0,7.0,,"['B', 'U']",True,"Flash
First strike, vigilance
Whenever an opponent casts a creature spell, this creature isn't a creature until end of turn.
If this creature would deal combat damage to a creature, prevent that damage and that creature's owner shuffles it into their library.",True,8237.0
cyberman patrol,artifact creature — cyberman,uncommon,Doctor Who,WHO,True,2023-10-13,2023,[],0,2.0,2.0,2.0,6.0,,[],False,"Artifact creatures you control have afflict 3. (Whenever a creature with afflict 3 becomes blocked, defending player loses 3 life.)",True,2608.0
tardis,artifact — vehicle,uncommon,Doctor Who,WHO,True,2023-10-13,2023,"['Crew', 'Flying']",2,2.0,2.0,4.0,8.0,,[],False,"Flying
Whenever this Vehicle attacks, if you control a Time Lord, the next spell you cast this turn has cascade and you may planeswalk.
Crew 2 (Tap any number of creatures you control with total power 2 or more: This Vehicle becomes an artifact creature until end of turn.)",True,6083.0
the first doctor,legendary creature — time lord doctor,rare,Doctor Who,WHO,True,2023-10-13,2023,[],0,3.0,2.0,2.0,7.0,,"['U', 'W']",True,"When The First Doctor enters, search your library and/or graveyard for a card named TARDIS, reveal it, and put it into your hand. If you search your library this way, shuffle.
Whenever you cast a spell with cascade, put a +1/+1 counter on target artifact or creature.",True,10713.0
the second doctor,legendary creature — time lord doctor,rare,Doctor Who,WHO,True,2023-10-13,2023,['How Civil of You'],1,4.0,2.0,4.0,10.0,,"['U', 'W']",True,"Players have no maximum hand size.
How Civil of You - At the beginning of your end step, each player may draw a card. Each opponent who does can't attack you or permanents you control during their next turn.",True,3601.0
the third doctor,legendary creature — time lord doctor,rare,Doctor Who,WHO,True,2023-10-13,2023,"['Food', 'Trample', 'Treasure']",3,4.0,2.0,2.0,8.0,,"['G', 'U']",True,"Trample
The Third Doctor gets +1/+1 for each noncreature token you control.
When The Third Doctor enters, create your choice of a Clue token, a Food token, or a Treasure token.",True,7857.0
the fourth doctor,legendary creature — time lord doctor,mythic,Doctor Who,WHO,True,2023-10-13,2023,['Food'],1,4.0,4.0,4.0,12.0,,"['G', 'U']",True,"You may look at the top card of your library any time.
Would You Like A...? - Once each turn, you may play a historic land or cast a historic spell from the top of your library. When you do, create a Food token. (Artifacts, legendaries, and Sagas are historic.)",True,8404.0
the fifth doctor,legendary creature — time lord doctor,rare,Doctor Who,WHO,True,2023-10-13,2023,['Peaceful Coexistence'],1,4.0,2.0,2.0,8.0,,"['U', 'W']",True,"Peaceful Coexistence - At the beginning of your end step, put a +1/+1 counter on each creature you control that didn't attack or enter this turn. Untap those creatures.",True,9613.0
the sixth doctor,legendary creature — time lord doctor,rare,Doctor Who,WHO,True,2023-10-13,2023,"[""Time Lord's Prerogative""]",1,6.0,3.0,3.0,12.0,,"['G', 'U']",True,"Time Lord's Prerogative - Whenever you cast a historic spell, copy it, except the copy isn't legendary. This ability triggers only once each turn. (Artifacts, legendaries, and Sagas are historic. A copy of a permanent spell becomes a token.)",True,5611.0
the seventh doctor,legendary creature — time lord doctor,rare,Doctor Who,WHO,True,2023-10-13,2023,['Investigate'],1,5.0,3.0,6.0,14.0,,"['U', 'W']",True,"Whenever The Seventh Doctor attacks, choose a card in your hand. Defending player guesses whether that card's mana value is greater than the number of artifacts you control. If they guessed wrong, you may cast it without paying its mana cost. If you don't cast a spell this way, investigate. (Create a Clue token. It's an artifact with ""{2}, Sacrifice this token: Draw a card."")",True,9384.0
the eighth doctor,legendary creature — time lord doctor,rare,Doctor Who,WHO,True,2023-10-13,2023,['Mill'],1,6.0,4.0,4.0,14.0,,"['U', 'W']",True,"When The Eighth Doctor enters, mill three cards.
Once during each of your turns, you may play a historic land or cast a historic permanent spell from your graveyard. If you do, it gains ""If this permanent would leave the battlefield, exile it instead of putting it anywhere else.""",True,9995.0
the ninth doctor,legendary creature — time lord doctor,rare,Doctor Who,WHO,True,2023-10-13,2023,"['Haste', 'Into the TARDIS']",2,3.0,2.0,4.0,9.0,,"['R', 'U']",True,"Haste
Into the TARDIS - Whenever The Ninth Doctor becomes untapped during your untap step, you get an additional upkeep step after this step.",True,5676.0
the tenth doctor,legendary creature — time lord doctor,mythic,Doctor Who,WHO,True,2023-10-13,2023,"['Allons-y!', 'Time Travel', 'Timey-Wimey']",3,5.0,3.0,5.0,13.0,,"['R', 'U']",True,"Allons-y! - Whenever you attack, exile cards from the top of your library until you exile a nonland card. Put three time counters on it. If it doesn't have suspend, it gains suspend.
Timey-Wimey - {7}: Time travel three times. Activate only as a sorcery. (For each suspended card you own and each permanent you control with a time counter on it, you may add or remove a time counter. Then do it two more times.)",True,5385.0
the eleventh doctor,legendary creature — time lord doctor,rare,Doctor Who,WHO,True,2023-10-13,2023,['I. AM. TALKING!'],1,3.0,3.0,2.0,8.0,,"['U', 'W']",True,"I. AM. TALKING! - Whenever The Eleventh Doctor deals combat damage to a player, you may exile a card from your hand with a number of time counters on it equal to its mana value. If it doesn't have suspend, it gains suspend.
{2}: Target creature with power 3 or less can't be blocked this turn.",True,7976.0
the twelfth doctor,legendary creature — time lord doctor,rare,Doctor Who,WHO,True,2023-10-13,2023,[],0,5.0,4.0,4.0,13.0,,"['R', 'U']",True,"The first spell you cast from anywhere other than your hand each turn has demonstrate. (When you cast that spell, you may copy it. If you do, choose an opponent to also copy it. A copy of a permanent spell becomes a token.)
Whenever you copy a spell, put a +1/+1 counter on The Twelfth Doctor.",True,6248.0
the thirteenth doctor,legendary creature — time lord doctor,mythic,Doctor Who,WHO,True,2023-10-13,2023,"['Paradox', 'Team TARDIS']",2,3.0,2.0,2.0,7.0,,"['G', 'U']",True,"Paradox - Whenever you cast a spell from anywhere other than your hand, put a +1/+1 counter on target creature.
Team TARDIS - At the beginning of your end step, untap each creature you control with a counter on it.",True,4263.0
plains,basic land — plains,common,Doctor Who,WHO,True,2023-10-13,2023,[],0,0.0,,,0.0,,[],False,({T}: Add {W}.),True,
plains,basic land — plains,common,Doctor Who,WHO,True,2023-10-13,2023,[],0,0.0,,,0.0,,[],False,({T}: Add {W}.),True,
island,basic land — island,common,Doctor Who,WHO,True,2023-10-13,2023,[],0,0.0,,,0.0,,[],False,({T}: Add {U}.),True,
island,basic land — island,common,Doctor Who,WHO,True,2023-10-13,2023,[],0,0.0,,,0.0,,[],False,({T}: Add {U}.),True,
swamp,basic land — swamp,common,Doctor Who,WHO,True,2023-10-13,2023,[],0,0.0,,,0.0,,[],False,({T}: Add {B}.),True,
swamp,basic land — swamp,common,Doctor Who,WHO,True,2023-10-13,2023,[],0,0.0,,,0.0,,[],False,({T}: Add {B}.),True,
mountain,basic land — mountain,common,Doctor Who,WHO,True,2023-10-13,2023,[],0,0.0,,,0.0,,[],False,({T}: Add {R}.),True,
mountain,basic land — mountain,common,Doctor Who,WHO,True,2023-10-13,2023,[],0,0.0,,,0.0,,[],False,({T}: Add {R}.),True,
forest,basic land — forest,common,Doctor Who,WHO,True,2023-10-13,2023,[],0,0.0,,,0.0,,[],False,({T}: Add {G}.),True,
forest,basic land — forest,common,Doctor Who,WHO,True,2023-10-13,2023,[],0,0.0,,,0.0,,[],False,({T}: Add {G}.),True,
